import gc; gc.collect()
>>> import heat_step_test as hst
>>> hst.main(hst.IDENTIFY_60_TO_240, confirm=hst.CONFIRM)
# heat step test, 41 steps, 7500 s planned
# t,state,temp_c,target_c,duty,relay,cold_c,cpu_c
# step climb to 60C: duty 1.000, ceiling 36 C, 600 s
801.23,steptest,34.0000,,1.000,0,27.81,32.79
801.48,steptest,34.0000,,1.000,0,27.81,33.44
801.73,steptest,34.0000,,1.000,0,27.81,33.65
801.98,steptest,33.9375,,1.000,0,27.81,32.36
802.23,steptest,33.9375,,1.000,0,27.81,32.80
802.48,steptest,33.9375,,1.000,0,27.75,33.00
802.73,steptest,33.8750,,1.000,0,27.75,33.44
802.98,steptest,33.9375,,1.000,0,27.81,33.65
803.23,steptest,33.8750,,1.000,0,27.75,33.22
803.48,steptest,33.9375,,1.000,0,27.81,33.43
803.73,steptest,33.9375,,1.000,0,27.81,33.64
803.98,steptest,33.8750,,1.000,0,27.75,33.43
804.23,steptest,33.9375,,1.000,0,27.81,33.22
804.48,steptest,33.9375,,1.000,0,27.81,33.00
804.73,steptest,33.9375,,1.000,0,27.81,33.22
804.98,steptest,33.9375,,1.000,0,27.81,33.22
805.23,steptest,33.8750,,1.000,1,27.75,33.01
805.48,steptest,33.8750,,1.000,1,27.75,33.00
805.73,steptest,33.8750,,1.000,1,27.75,33.01
805.98,steptest,33.8750,,1.000,1,27.75,32.79
806.23,steptest,33.9375,,1.000,1,27.81,33.00
806.48,steptest,33.8125,,1.000,1,27.75,33.43
806.73,steptest,33.8750,,1.000,1,27.75,33.01
806.98,steptest,33.8750,,1.000,1,27.75,33.43
807.23,steptest,33.8750,,1.000,1,27.75,33.22
807.48,steptest,33.9375,,1.000,1,27.81,33.22
807.73,steptest,33.8750,,1.000,1,27.81,33.22
807.98,steptest,33.8750,,1.000,1,27.81,33.22
808.23,steptest,33.8750,,1.000,1,27.81,33.22
808.48,steptest,33.8750,,1.000,1,27.81,33.44
808.73,steptest,33.8125,,1.000,1,27.75,32.80
808.98,steptest,33.8125,,1.000,1,27.75,33.22
809.23,steptest,33.8125,,1.000,1,27.75,33.22
809.48,steptest,33.8750,,1.000,1,27.81,32.79
809.73,steptest,33.8750,,1.000,1,27.75,33.43
809.98,steptest,33.8125,,1.000,1,27.75,32.59
810.23,steptest,33.8125,,1.000,1,27.75,33.43
810.48,steptest,33.8750,,1.000,1,27.75,33.22
810.73,steptest,33.9375,,1.000,1,27.81,33.22
810.98,steptest,33.8750,,1.000,1,27.75,33.22
811.23,steptest,33.8750,,1.000,1,27.75,32.79
811.48,steptest,33.9375,,1.000,1,27.81,33.43
811.73,steptest,33.9375,,1.000,1,27.75,33.65
811.98,steptest,33.9375,,1.000,1,27.75,33.43
812.23,steptest,33.9375,,1.000,1,27.75,33.22
812.48,steptest,33.9375,,1.000,1,27.75,33.01
812.73,steptest,34.0000,,1.000,1,27.75,33.01
812.98,steptest,34.0000,,1.000,1,27.75,33.65
813.23,steptest,34.0625,,1.000,1,27.75,32.79
813.48,steptest,34.0625,,1.000,1,27.75,33.00
813.73,steptest,34.1250,,1.000,1,27.75,33.01
813.98,steptest,34.1875,,1.000,1,27.75,33.01
814.23,steptest,34.2500,,1.000,1,27.75,33.44
814.48,steptest,34.2500,,1.000,1,27.75,33.22
814.73,steptest,34.3125,,1.000,1,27.75,33.22
814.98,steptest,34.3750,,1.000,1,27.75,32.58
815.23,steptest,34.4375,,1.000,1,27.75,33.43
815.48,steptest,34.4375,,1.000,1,27.75,32.80
815.73,steptest,34.5000,,1.000,1,27.75,33.01
815.98,steptest,34.6250,,1.000,1,27.81,33.23
816.23,steptest,34.6250,,1.000,1,27.69,32.79
816.48,steptest,34.6875,,1.000,1,27.69,33.00
816.73,steptest,34.6875,,1.000,1,27.69,33.00
816.98,steptest,34.8125,,1.000,1,27.69,33.22
817.23,steptest,35.0000,,1.000,1,27.75,33.22
817.48,steptest,35.0000,,1.000,1,27.75,32.79
817.73,steptest,35.0000,,1.000,1,27.75,33.00
817.98,steptest,35.1875,,1.000,1,27.75,33.01
818.23,steptest,35.3125,,1.000,1,27.75,33.22
818.48,steptest,35.5000,,1.000,1,27.75,32.79
818.73,steptest,35.5000,,1.000,1,27.75,33.01
818.98,steptest,35.6250,,1.000,1,27.75,33.01
819.23,steptest,35.6875,,1.000,1,27.75,32.79
819.48,steptest,35.9375,,1.000,1,27.75,33.22
819.73,steptest,36.0000,,1.000,1,27.75,34.08
819.98,steptest,36.0000,,1.000,1,27.75,33.43
820.23,steptest,36.1875,,1.000,1,27.75,33.22
820.48,steptest,36.3750,,0.000,1,27.75,33.65
# step 60C settle: duty 0.043, ceiling 80 C, 180 s
820.73,steptest,36.5000,,0.043,1,27.75,32.79
820.98,steptest,36.5000,,0.043,1,27.75,33.44
821.23,steptest,36.7500,,0.043,0,27.75,32.79
821.48,steptest,36.8750,,0.043,0,27.75,33.22
821.73,steptest,37.0000,,0.043,0,27.75,33.22
821.98,steptest,37.0000,,0.043,0,27.69,33.65
822.23,steptest,37.2500,,0.043,0,27.69,32.79
822.48,steptest,37.4375,,0.043,0,27.75,33.22
822.73,steptest,37.5625,,0.043,0,27.69,33.22
822.98,steptest,37.7500,,0.043,0,27.75,32.79
823.23,steptest,37.7500,,0.043,0,27.75,32.57
823.48,steptest,37.8125,,0.043,0,27.75,33.64
823.73,steptest,38.0000,,0.043,0,27.75,33.43
823.98,steptest,38.0625,,0.043,0,27.75,33.65
824.23,steptest,38.0625,,0.043,0,27.75,33.22
824.48,steptest,38.1875,,0.043,0,27.75,33.00
824.73,steptest,38.3750,,0.043,0,27.75,32.58
824.98,steptest,38.4375,,0.043,0,27.75,33.01
825.23,steptest,38.4375,,0.043,0,27.69,33.65
825.48,steptest,38.5625,,0.043,0,27.69,33.00
825.73,steptest,38.6250,,0.043,0,27.69,33.65
825.98,steptest,38.7500,,0.043,0,27.75,33.43
826.23,steptest,38.8750,,0.043,0,27.75,33.00
826.48,steptest,38.8750,,0.043,0,27.75,33.43
826.73,steptest,39.0000,,0.043,0,27.75,33.86
826.98,steptest,39.1875,,0.043,0,27.75,33.01
827.23,steptest,39.2500,,0.043,0,27.75,32.79
827.48,steptest,39.2500,,0.043,0,27.75,33.43
827.73,steptest,39.3125,,0.043,0,27.75,33.00
827.98,steptest,39.4375,,0.043,0,27.69,33.22
828.23,steptest,39.6250,,0.043,0,27.75,33.43
828.48,steptest,39.6250,,0.043,0,27.75,33.22
828.73,steptest,39.8125,,0.043,0,27.75,32.80
828.98,steptest,39.8750,,0.043,0,27.75,33.01
829.23,steptest,39.9375,,0.043,0,27.75,34.29
829.48,steptest,40.0625,,0.043,0,27.75,33.44
829.73,steptest,40.0625,,0.043,0,27.75,33.43
829.98,steptest,40.1250,,0.043,0,27.69,32.79
830.23,steptest,40.2500,,0.043,0,27.75,33.86
830.48,steptest,40.5000,,0.043,0,27.75,33.22
830.73,steptest,40.5000,,0.043,0,27.75,33.64
830.98,steptest,40.4375,,0.043,0,27.69,33.43
831.23,steptest,40.6875,,0.043,0,27.75,33.22
831.48,steptest,40.8125,,0.043,0,27.75,33.64
831.73,steptest,40.8125,,0.043,0,27.75,32.58
831.98,steptest,40.8750,,0.043,0,27.75,33.00
832.23,steptest,41.0000,,0.043,0,27.69,33.64
832.48,steptest,41.0625,,0.043,0,27.69,33.65
832.73,steptest,41.2500,,0.043,0,27.69,33.22
832.98,steptest,41.2500,,0.043,0,27.69,33.43
833.23,steptest,41.3125,,0.043,0,27.69,33.22
833.48,steptest,41.4375,,0.043,0,27.69,33.44
833.73,steptest,41.5625,,0.043,0,27.69,33.64
833.98,steptest,41.5625,,0.043,0,27.69,33.00
834.23,steptest,41.6250,,0.043,0,27.69,32.58
834.48,steptest,41.7500,,0.043,0,27.69,33.65
834.73,steptest,41.9375,,0.043,0,27.75,33.86
834.98,steptest,41.9375,,0.043,0,27.75,33.22
835.23,steptest,42.0000,,0.043,0,27.75,33.00
835.48,steptest,42.1875,,0.043,0,27.75,33.43
835.73,steptest,42.2500,,0.043,0,27.75,33.22
835.98,steptest,42.2500,,0.043,0,27.69,33.22
836.23,steptest,42.2500,,0.043,0,27.69,32.79
836.48,steptest,42.4375,,0.043,0,27.69,33.43
836.73,steptest,42.5625,,0.043,0,27.75,33.43
836.98,steptest,42.6250,,0.043,0,27.69,33.00
837.23,steptest,42.6250,,0.043,0,27.69,33.01
837.48,steptest,42.6875,,0.043,0,27.69,32.79
837.73,steptest,42.8125,,0.043,0,27.75,33.01
837.98,steptest,42.9375,,0.043,0,27.75,32.79
838.23,steptest,42.9375,,0.043,0,27.69,33.01
838.48,steptest,43.0000,,0.043,0,27.69,33.00
838.73,steptest,43.0625,,0.043,0,27.69,33.01
838.98,steptest,43.2500,,0.043,0,27.69,32.57
839.23,steptest,43.2500,,0.043,0,27.69,33.22
839.48,steptest,43.2500,,0.043,0,27.69,34.07
839.73,steptest,43.4375,,0.043,0,27.69,33.64
839.98,steptest,43.4375,,0.043,0,27.69,33.01
840.23,steptest,43.5625,,0.043,0,27.69,33.01
840.48,steptest,43.5625,,0.043,0,27.69,33.86
840.73,steptest,43.5625,,0.043,0,27.63,33.00
840.98,steptest,43.7500,,0.043,0,27.69,33.00
841.23,steptest,43.8750,,0.043,0,27.69,33.44
841.48,steptest,43.8750,,0.043,0,27.69,32.80
841.73,steptest,43.9375,,0.043,0,27.69,33.44
841.98,steptest,44.0000,,0.043,0,27.69,33.64
842.23,steptest,44.1250,,0.043,0,27.69,33.01
842.48,steptest,44.1875,,0.043,0,27.69,33.43
842.73,steptest,44.1875,,0.043,0,27.69,33.22
842.98,steptest,44.2500,,0.043,0,27.69,33.22
843.23,steptest,44.3750,,0.043,0,27.69,33.00
843.48,steptest,44.4375,,0.043,0,27.69,33.65
843.73,steptest,44.4375,,0.043,0,27.69,33.01
843.98,steptest,44.5625,,0.043,0,27.69,33.00
844.23,steptest,44.6250,,0.043,0,27.69,33.01
844.48,steptest,44.6875,,0.043,0,27.69,33.22
844.73,steptest,44.6875,,0.043,0,27.63,33.00
844.98,steptest,44.7500,,0.043,0,27.63,33.43
845.23,steptest,44.8750,,0.043,0,27.69,33.22
845.48,steptest,45.0000,,0.043,0,27.69,33.22
845.73,steptest,44.9375,,0.043,0,27.63,33.44
845.98,steptest,44.9375,,0.043,0,27.63,33.86
846.23,steptest,45.0625,,0.043,0,27.63,33.22
846.48,steptest,45.2500,,0.043,0,27.69,33.01
846.73,steptest,45.1875,,0.043,0,27.63,33.22
846.98,steptest,45.1875,,0.043,0,27.63,33.01
847.23,steptest,45.2500,,0.043,0,27.63,33.01
847.48,steptest,45.4375,,0.043,0,27.69,33.22
847.73,steptest,45.4375,,0.043,0,27.69,33.43
847.98,steptest,45.4375,,0.043,0,27.69,33.00
848.23,steptest,45.6250,,0.043,0,27.69,33.22
848.48,steptest,45.5625,,0.043,0,27.63,33.22
848.73,steptest,45.6250,,0.043,0,27.63,33.22
848.98,steptest,45.8125,,0.043,0,27.69,33.65
849.23,steptest,45.8125,,0.043,0,27.69,32.36
849.48,steptest,45.8125,,0.043,0,27.69,33.22
849.73,steptest,45.9375,,0.043,0,27.69,33.00
849.98,steptest,46.0000,,0.043,0,27.69,33.00
850.23,steptest,46.0000,,0.043,0,27.69,33.00
850.48,steptest,46.0000,,0.043,0,27.69,33.01
850.73,steptest,46.1250,,0.043,0,27.69,32.58
850.98,steptest,46.1875,,0.043,0,27.69,33.22
851.23,steptest,46.1875,,0.043,0,27.69,33.22
851.48,steptest,46.1875,,0.043,0,27.69,33.65
851.73,steptest,46.3125,,0.043,0,27.69,33.22
851.98,steptest,46.3750,,0.043,0,27.69,33.43
852.23,steptest,46.4375,,0.043,0,27.69,33.65
852.48,steptest,46.4375,,0.043,0,27.69,32.58
852.73,steptest,46.5000,,0.043,0,27.69,33.22
852.98,steptest,46.5625,,0.043,0,27.69,33.44
853.23,steptest,46.6250,,0.043,0,27.69,33.65
853.48,steptest,46.6250,,0.043,0,27.69,33.22
853.73,steptest,46.5625,,0.043,0,27.63,33.00
853.98,steptest,46.7500,,0.043,0,27.69,33.43
854.23,steptest,46.8125,,0.043,0,27.69,33.22
854.48,steptest,46.8125,,0.043,0,27.69,33.22
854.73,steptest,46.8125,,0.043,0,27.69,33.00
854.98,steptest,46.9375,,0.043,0,27.69,33.43
855.23,steptest,47.0000,,0.043,0,27.69,32.79
855.48,steptest,47.0000,,0.043,0,27.69,33.00
855.73,steptest,47.0000,,0.043,0,27.69,33.00
855.98,steptest,47.0625,,0.043,0,27.69,33.01
856.23,steptest,47.1250,,0.043,0,27.69,33.22
856.48,steptest,47.1875,,0.043,0,27.69,33.43
856.73,steptest,47.1875,,0.043,0,27.69,32.79
856.98,steptest,47.1875,,0.043,0,27.69,33.65
857.23,steptest,47.2500,,0.043,0,27.69,33.43
857.48,steptest,47.3750,,0.043,0,27.69,33.44
857.73,steptest,47.3750,,0.043,0,27.69,33.44
857.98,steptest,47.3750,,0.043,0,27.69,33.44
858.23,steptest,47.4375,,0.043,0,27.69,33.01
858.48,steptest,47.5000,,0.043,0,27.69,33.00
858.73,steptest,47.5000,,0.043,0,27.69,33.22
858.98,steptest,47.5000,,0.043,0,27.69,33.65
859.23,steptest,47.5625,,0.043,0,27.69,33.43
859.48,steptest,47.6250,,0.043,0,27.69,33.22
859.73,steptest,47.6250,,0.043,0,27.69,34.29
859.98,steptest,47.6250,,0.043,0,27.69,33.43
860.23,steptest,47.7500,,0.043,0,27.69,33.01
860.48,steptest,47.8125,,0.043,0,27.69,33.01
860.73,steptest,47.8125,,0.043,0,27.69,33.22
860.98,steptest,47.8125,,0.043,0,27.69,33.01
861.23,steptest,47.8750,,0.043,0,27.69,33.44
861.48,steptest,47.8750,,0.043,0,27.69,32.79
861.73,steptest,47.9375,,0.043,0,27.69,33.22
861.98,steptest,48.0000,,0.043,0,27.69,32.80
862.23,steptest,48.0000,,0.043,0,27.69,33.22
862.48,steptest,48.0000,,0.043,0,27.69,33.22
862.73,steptest,48.0625,,0.043,0,27.69,33.01
862.98,steptest,48.1250,,0.043,0,27.69,33.00
863.23,steptest,48.1250,,0.043,0,27.69,33.22
863.48,steptest,48.1250,,0.043,0,27.69,33.01
863.73,steptest,48.1875,,0.043,0,27.69,33.23
863.98,steptest,48.1875,,0.043,0,27.69,33.01
864.23,steptest,48.1875,,0.043,0,27.69,32.79
864.48,steptest,48.2500,,0.043,0,27.69,33.22
864.73,steptest,48.2500,,0.043,0,27.69,33.22
864.98,steptest,48.3750,,0.043,0,27.69,33.00
865.23,steptest,48.3750,,0.043,0,27.69,33.01
865.48,steptest,48.3750,,0.043,0,27.69,33.44
865.73,steptest,48.3750,,0.043,0,27.69,32.79
865.98,steptest,48.4375,,0.043,0,27.69,33.22
866.23,steptest,48.4375,,0.043,0,27.69,33.00
866.48,steptest,48.4375,,0.043,0,27.69,33.01
866.73,steptest,48.5000,,0.043,0,27.63,33.22
866.98,steptest,48.5625,,0.043,0,27.69,33.22
867.23,steptest,48.5000,,0.043,0,27.63,33.22
867.48,steptest,48.5000,,0.043,0,27.69,32.58
867.73,steptest,48.5625,,0.043,0,27.69,32.79
867.98,steptest,48.5625,,0.043,0,27.63,32.58
868.23,steptest,48.6250,,0.043,0,27.63,33.00
868.48,steptest,48.6875,,0.043,0,27.69,33.65
868.73,steptest,48.6875,,0.043,0,27.69,33.01
868.98,steptest,48.7500,,0.043,0,27.69,33.65
869.23,steptest,48.8125,,0.043,0,27.69,33.43
869.48,steptest,48.8125,,0.043,0,27.69,33.43
869.73,steptest,48.8125,,0.043,0,27.69,32.58
869.98,steptest,48.8125,,0.043,0,27.69,33.22
870.23,steptest,48.8125,,0.043,0,27.69,33.01
870.48,steptest,48.8750,,0.043,0,27.69,32.80
870.73,steptest,48.8750,,0.043,0,27.63,33.43
870.98,steptest,48.8750,,0.043,0,27.63,32.79
871.23,steptest,48.8750,,0.043,0,27.63,32.58
871.48,steptest,49.0000,,0.043,0,27.69,33.01
871.73,steptest,48.9375,,0.043,0,27.63,33.43
871.98,steptest,48.9375,,0.043,0,27.63,33.01
872.23,steptest,48.9375,,0.043,0,27.63,33.22
872.48,steptest,48.9375,,0.043,0,27.63,33.43
872.73,steptest,49.0625,,0.043,0,27.69,32.79
872.98,steptest,49.0625,,0.043,0,27.69,32.79
873.23,steptest,49.0625,,0.043,0,27.63,32.79
873.48,steptest,49.1250,,0.043,0,27.69,32.36
873.73,steptest,49.1250,,0.043,0,27.63,33.01
873.98,steptest,49.1250,,0.043,0,27.63,33.22
874.23,steptest,49.1250,,0.043,0,27.63,33.00
874.48,steptest,49.1250,,0.043,0,27.63,33.00
874.73,steptest,49.1250,,0.043,0,27.63,32.79
874.98,steptest,49.1875,,0.043,0,27.63,33.22
875.23,steptest,49.1875,,0.043,0,27.63,33.43
875.48,steptest,49.1875,,0.043,0,27.63,33.65
875.73,steptest,49.1875,,0.043,0,27.63,32.58
875.98,steptest,49.2500,,0.043,0,27.63,33.21
876.23,steptest,49.2500,,0.043,0,27.63,33.01
876.48,steptest,49.3750,,0.043,0,27.69,32.79
876.73,steptest,49.3125,,0.043,0,27.63,33.01
876.98,steptest,49.3125,,0.043,0,27.63,33.01
877.23,steptest,49.3125,,0.043,0,27.63,33.00
877.48,steptest,49.3125,,0.043,0,27.63,32.79
877.73,steptest,49.3750,,0.043,0,27.69,32.36
877.98,steptest,49.3750,,0.043,0,27.69,33.00
878.23,steptest,49.3750,,0.043,0,27.63,33.00
878.48,steptest,49.3750,,0.043,0,27.63,33.01
878.73,steptest,49.3750,,0.043,0,27.63,33.01
878.98,steptest,49.4375,,0.043,0,27.63,33.65
879.23,steptest,49.4375,,0.043,0,27.63,33.43
879.48,steptest,49.4375,,0.043,0,27.63,33.22
879.73,steptest,49.4375,,0.043,0,27.63,32.37
879.98,steptest,49.5000,,0.043,0,27.63,33.01
880.23,steptest,49.5625,,0.043,0,27.69,32.79
880.48,steptest,49.5625,,0.043,0,27.63,33.44
880.73,steptest,49.5000,,0.043,0,27.63,33.65
880.98,steptest,49.5000,,0.043,0,27.63,33.01
881.23,steptest,49.5000,,0.043,0,27.63,32.58
881.48,steptest,49.5625,,0.043,0,27.63,33.00
881.73,steptest,49.5625,,0.043,0,27.63,33.43
881.98,steptest,49.6250,,0.043,0,27.69,33.44
882.23,steptest,49.6250,,0.043,0,27.63,33.43
882.48,steptest,49.6875,,0.043,0,27.69,32.57
882.73,steptest,49.6875,,0.043,0,27.69,33.01
882.98,steptest,49.6250,,0.043,0,27.63,32.36
883.23,steptest,49.6875,,0.043,0,27.63,32.80
883.48,steptest,49.6875,,0.043,0,27.63,33.22
883.73,steptest,49.6875,,0.043,0,27.63,33.43
883.98,steptest,49.6875,,0.043,0,27.63,33.44
884.23,steptest,49.6875,,0.043,0,27.63,33.01
884.48,steptest,49.6875,,0.043,0,27.63,32.79
884.73,steptest,49.6875,,0.043,0,27.63,32.79
884.98,steptest,49.6875,,0.043,0,27.63,33.01
885.23,steptest,49.7500,,0.043,0,27.69,32.79
885.48,steptest,49.7500,,0.043,0,27.63,33.43
885.73,steptest,49.8125,,0.043,0,27.69,33.00
885.98,steptest,49.8125,,0.043,0,27.63,32.79
886.23,steptest,49.7500,,0.043,0,27.63,32.79
886.48,steptest,49.7500,,0.043,0,27.63,32.58
886.73,steptest,49.7500,,0.043,0,27.63,33.00
886.98,steptest,49.8125,,0.043,0,27.63,33.00
887.23,steptest,49.8125,,0.043,0,27.63,32.79
887.48,steptest,49.8750,,0.043,0,27.69,33.22
887.73,steptest,49.8750,,0.043,0,27.69,33.00
887.98,steptest,49.9375,,0.043,0,27.69,32.79
888.23,steptest,49.9375,,0.043,0,27.69,33.43
888.48,steptest,49.9375,,0.043,0,27.69,33.00
888.73,steptest,49.8750,,0.043,0,27.63,33.00
888.98,steptest,49.9375,,0.043,0,27.69,32.79
889.23,steptest,49.9375,,0.043,0,27.69,33.22
889.48,steptest,49.9375,,0.043,0,27.69,33.22
889.73,steptest,49.9375,,0.043,0,27.69,33.21
889.98,steptest,49.9375,,0.043,0,27.69,33.22
890.23,steptest,49.9375,,0.043,0,27.63,33.22
890.48,steptest,49.9375,,0.043,0,27.63,32.57
890.73,steptest,49.9375,,0.043,0,27.63,32.37
890.98,steptest,49.9375,,0.043,0,27.63,33.22
891.23,steptest,49.9375,,0.043,0,27.69,32.79
891.48,steptest,49.9375,,0.043,0,27.69,33.22
891.73,steptest,50.0000,,0.043,0,27.69,33.22
891.98,steptest,50.0000,,0.043,0,27.69,33.22
892.23,steptest,49.9375,,0.043,0,27.63,33.22
892.48,steptest,49.9375,,0.043,0,27.63,33.00
892.73,steptest,49.9375,,0.043,0,27.63,32.79
892.98,steptest,50.0000,,0.043,0,27.69,33.43
893.23,steptest,50.0000,,0.043,0,27.69,33.22
893.48,steptest,50.0000,,0.043,0,27.69,33.00
893.73,steptest,50.0000,,0.043,0,27.69,32.79
893.98,steptest,50.0625,,0.043,0,27.69,33.00
894.23,steptest,50.0625,,0.043,0,27.69,33.65
894.48,steptest,50.0625,,0.043,0,27.69,33.22
894.73,steptest,50.0625,,0.043,0,27.63,32.57
894.98,steptest,50.0000,,0.043,0,27.63,32.37
895.23,steptest,50.0625,,0.043,0,27.69,33.22
895.48,steptest,50.0000,,0.043,0,27.63,33.86
895.73,steptest,50.0625,,0.043,0,27.69,33.01
895.98,steptest,50.0625,,0.043,0,27.69,32.79
896.23,steptest,50.0625,,0.043,0,27.69,33.22
896.48,steptest,50.0625,,0.043,0,27.69,33.01
896.73,steptest,50.0625,,0.043,0,27.69,32.79
896.98,steptest,50.0625,,0.043,0,27.69,32.79
897.23,steptest,50.0625,,0.043,0,27.63,32.79
897.48,steptest,50.0625,,0.043,0,27.63,33.00
897.73,steptest,50.1250,,0.043,0,27.69,32.79
897.98,steptest,50.1250,,0.043,0,27.69,33.65
898.23,steptest,50.1250,,0.043,0,27.69,33.01
898.48,steptest,50.0625,,0.043,0,27.63,32.58
898.73,steptest,50.0625,,0.043,0,27.63,33.00
898.98,steptest,50.0625,,0.043,0,27.63,33.22
899.23,steptest,50.0625,,0.043,0,27.63,33.22
899.48,steptest,50.1250,,0.043,0,27.69,33.01
899.73,steptest,50.1250,,0.043,0,27.69,33.01
899.98,steptest,50.1250,,0.043,0,27.69,33.00
900.23,steptest,50.1250,,0.043,0,27.63,33.01
900.48,steptest,50.0625,,0.043,0,27.63,32.79
900.73,steptest,50.0625,,0.043,0,27.63,32.58
900.98,steptest,50.0625,,0.043,0,27.63,33.22
901.23,steptest,50.0625,,0.043,0,27.63,33.01
901.48,steptest,50.0625,,0.043,0,27.63,33.00
901.73,steptest,50.0625,,0.043,0,27.63,33.43
901.98,steptest,50.1250,,0.043,0,27.69,33.44
902.23,steptest,50.0625,,0.043,0,27.63,32.79
902.48,steptest,50.0625,,0.043,0,27.63,32.79
902.73,steptest,50.0625,,0.043,0,27.63,33.22
902.98,steptest,50.1875,,0.043,0,27.69,33.01
903.23,steptest,50.1250,,0.043,0,27.63,33.01
903.48,steptest,50.1250,,0.043,0,27.63,33.44
903.73,steptest,50.1250,,0.043,0,27.63,33.22
903.98,steptest,50.1250,,0.043,0,27.63,33.43
904.23,steptest,50.1250,,0.043,0,27.63,33.00
904.48,steptest,50.1875,,0.043,0,27.69,32.79
904.73,steptest,50.1875,,0.043,0,27.69,32.58
904.98,steptest,50.1875,,0.043,0,27.69,32.79
905.23,steptest,50.1250,,0.043,0,27.63,33.22
905.48,steptest,50.1250,,0.043,0,27.63,33.00
905.73,steptest,50.1250,,0.043,0,27.63,32.58
905.98,steptest,50.1250,,0.043,0,27.63,33.22
906.23,steptest,50.1250,,0.043,0,27.63,33.43
906.48,steptest,50.1250,,0.043,0,27.63,33.00
906.73,steptest,50.1875,,0.043,0,27.69,32.79
906.98,steptest,50.1875,,0.043,0,27.69,33.22
907.23,steptest,50.1875,,0.043,0,27.69,33.22
907.48,steptest,50.0625,,0.043,0,27.63,33.01
907.73,steptest,50.1250,,0.043,0,27.63,32.58
907.98,steptest,50.1250,,0.043,0,27.63,33.01
908.23,steptest,50.0625,,0.043,0,27.63,33.43
908.48,steptest,50.1250,,0.043,0,27.63,33.22
908.73,steptest,50.0625,,0.043,0,27.63,32.80
908.98,steptest,50.0625,,0.043,0,27.63,33.22
909.23,steptest,50.1250,,0.043,0,27.63,32.79
909.48,steptest,50.1875,,0.043,0,27.69,33.22
909.73,steptest,50.1250,,0.043,0,27.63,33.22
909.98,steptest,50.0625,,0.043,0,27.63,32.79
910.23,steptest,50.0625,,0.043,0,27.63,33.22
910.48,steptest,50.0625,,0.043,0,27.63,33.22
910.73,steptest,50.0625,,0.043,0,27.63,33.22
910.98,steptest,50.0625,,0.043,0,27.63,33.01
911.23,steptest,50.0625,,0.043,0,27.63,33.00
911.48,steptest,50.0625,,0.043,0,27.63,33.22
911.73,steptest,50.1250,,0.043,0,27.69,33.01
911.98,steptest,50.0625,,0.043,0,27.63,33.43
912.23,steptest,50.0625,,0.043,0,27.63,33.65
912.48,steptest,50.0625,,0.043,0,27.63,33.01
912.73,steptest,50.0625,,0.043,0,27.63,32.80
912.98,steptest,50.0625,,0.043,0,27.63,33.22
913.23,steptest,50.0625,,0.043,0,27.63,33.00
913.48,steptest,50.0625,,0.043,0,27.63,33.22
913.73,steptest,50.0625,,0.043,0,27.63,33.22
913.98,steptest,50.1250,,0.043,0,27.69,33.22
914.23,steptest,50.1250,,0.043,0,27.69,33.43
914.48,steptest,50.1250,,0.043,0,27.69,32.79
914.73,steptest,50.1250,,0.043,0,27.69,33.22
914.98,steptest,50.0625,,0.043,0,27.63,33.01
915.23,steptest,50.0000,,0.043,0,27.63,33.43
915.48,steptest,50.0000,,0.043,0,27.63,33.44
915.73,steptest,50.0000,,0.043,0,27.63,33.00
915.98,steptest,50.1250,,0.043,0,27.69,32.79
916.23,steptest,50.0000,,0.043,0,27.63,33.43
916.48,steptest,50.0000,,0.043,0,27.63,33.01
916.73,steptest,50.0000,,0.043,0,27.63,33.01
916.98,steptest,50.0000,,0.043,0,27.63,32.57
917.23,steptest,50.0625,,0.043,0,27.69,33.00
917.48,steptest,50.0625,,0.043,0,27.69,32.57
917.73,steptest,50.0625,,0.043,0,27.63,33.01
917.98,steptest,50.0000,,0.043,0,27.63,33.43
918.23,steptest,50.0625,,0.043,0,27.69,33.43
918.48,steptest,49.9375,,0.043,0,27.63,33.21
918.73,steptest,50.0000,,0.043,0,27.63,32.79
918.98,steptest,50.0000,,0.043,0,27.63,32.79
919.23,steptest,50.0625,,0.043,0,27.69,33.43
919.48,steptest,50.0000,,0.043,0,27.69,33.00
919.73,steptest,50.0625,,0.043,0,27.69,33.43
919.98,steptest,50.0625,,0.043,0,27.69,32.79
920.23,steptest,50.0625,,0.043,0,27.69,33.22
920.48,steptest,50.0000,,0.043,0,27.69,33.01
920.73,steptest,49.9375,,0.043,0,27.63,33.01
920.98,steptest,49.9375,,0.043,0,27.69,33.22
921.23,steptest,50.0000,,0.043,0,27.69,33.22
921.48,steptest,50.0000,,0.043,0,27.69,32.58
921.73,steptest,50.0000,,0.043,0,27.69,33.22
921.98,steptest,49.9375,,0.043,0,27.63,33.22
922.23,steptest,49.9375,,0.043,0,27.63,33.00
922.48,steptest,49.9375,,0.043,0,27.63,33.01
922.73,steptest,49.9375,,0.043,0,27.63,32.58
922.98,steptest,49.9375,,0.043,0,27.63,33.01
923.23,steptest,49.9375,,0.043,0,27.69,33.22
923.48,steptest,49.9375,,0.043,0,27.69,33.43
923.73,steptest,49.9375,,0.043,0,27.69,33.00
923.98,steptest,49.9375,,0.043,0,27.63,32.80
924.23,steptest,49.9375,,0.043,0,27.63,33.22
924.48,steptest,49.9375,,0.043,0,27.63,33.23
924.73,steptest,49.9375,,0.043,0,27.69,33.22
924.98,steptest,49.9375,,0.043,0,27.69,33.43
925.23,steptest,49.8750,,0.043,0,27.63,33.01
925.48,steptest,49.8750,,0.043,0,27.63,33.86
925.73,steptest,49.9375,,0.043,0,27.69,32.79
925.98,steptest,49.9375,,0.043,0,27.69,33.22
926.23,steptest,49.9375,,0.043,0,27.69,32.79
926.48,steptest,49.9375,,0.043,0,27.69,33.01
926.73,steptest,49.9375,,0.043,0,27.69,32.79
926.98,steptest,49.9375,,0.043,0,27.69,33.22
927.23,steptest,49.9375,,0.043,0,27.69,33.01
927.48,steptest,49.8750,,0.043,0,27.69,33.01
927.73,steptest,49.8750,,0.043,0,27.69,33.01
927.98,steptest,49.8750,,0.043,0,27.69,33.43
928.23,steptest,49.8125,,0.043,0,27.63,32.58
928.48,steptest,49.8750,,0.043,0,27.69,32.58
928.73,steptest,49.8750,,0.043,0,27.63,33.01
928.98,steptest,49.8125,,0.043,0,27.63,32.36
929.23,steptest,49.8750,,0.043,0,27.69,33.01
929.48,steptest,49.8125,,0.043,0,27.63,32.79
929.73,steptest,49.8125,,0.043,0,27.69,33.22
929.98,steptest,49.8125,,0.043,0,27.69,32.37
931.23,steptest,49.8125,,0.043,0,27.69,33.01
931.48,steptest,49.7500,,0.043,0,27.63,33.22
932.23,steptest,49.7500,,0.043,0,27.69,33.44
933.48,steptest,49.7500,,0.043,0,27.69,32.79
933.73,steptest,49.7500,,0.043,0,27.69,33.00
933.98,steptest,49.7500,,0.043,0,27.69,33.01
934.23,steptest,49.7500,,0.043,0,27.63,33.22
934.48,steptest,49.6875,,0.043,0,27.63,33.43
934.73,steptest,49.6875,,0.043,0,27.63,32.80
934.98,steptest,49.7500,,0.043,0,27.69,32.79
935.73,steptest,49.7500,,0.043,0,27.69,33.43
936.73,steptest,49.6250,,0.043,0,27.63,32.79
937.23,steptest,49.6875,,0.043,0,27.69,33.01
937.73,steptest,49.5625,,0.043,0,27.63,33.22
937.98,steptest,49.5625,,0.043,0,27.63,33.43
938.23,steptest,49.6250,,0.043,0,27.69,33.01
938.48,steptest,49.6250,,0.043,0,27.69,33.22
938.73,steptest,49.6250,,0.043,0,27.69,33.22
938.98,steptest,49.5625,,0.043,0,27.63,33.01
939.23,steptest,49.5000,,0.043,0,27.63,33.01
939.48,steptest,49.5000,,0.043,0,27.63,33.43
939.73,steptest,49.5000,,0.043,0,27.63,33.22
939.98,steptest,49.5625,,0.043,0,27.69,32.58
940.23,steptest,49.5000,,0.043,0,27.63,33.22
940.48,steptest,49.5000,,0.043,0,27.63,33.22
940.73,steptest,49.5000,,0.043,0,27.69,32.79
940.98,steptest,49.5625,,0.043,0,27.69,32.37
941.23,steptest,49.5625,,0.043,0,27.69,32.79
941.48,steptest,49.5625,,0.043,0,27.69,32.36
941.73,steptest,49.5000,,0.043,0,27.63,33.44
941.98,steptest,49.5000,,0.043,0,27.63,32.79
942.23,steptest,49.5625,,0.043,0,27.69,32.79
942.48,steptest,49.5000,,0.043,0,27.63,33.22
942.73,steptest,49.5000,,0.043,0,27.63,33.01
942.98,steptest,49.5000,,0.043,0,27.63,33.22
943.23,steptest,49.4375,,0.043,0,27.63,32.58
943.48,steptest,49.4375,,0.043,0,27.63,33.01
943.73,steptest,49.5000,,0.043,0,27.69,32.79
943.98,steptest,49.5000,,0.043,0,27.63,33.01
944.23,steptest,49.4375,,0.043,0,27.63,32.79
944.48,steptest,49.4375,,0.043,0,27.63,33.65
944.73,steptest,49.4375,,0.043,0,27.69,33.01
944.98,steptest,49.3750,,0.043,0,27.63,33.22
945.23,steptest,49.3750,,0.043,0,27.63,32.80
945.48,steptest,49.4375,,0.043,0,27.69,33.44
945.73,steptest,49.4375,,0.043,0,27.69,32.59
945.98,steptest,49.4375,,0.043,0,27.69,33.01
946.23,steptest,49.4375,,0.043,0,27.63,33.23
946.48,steptest,49.3125,,0.043,0,27.63,33.01
946.73,steptest,49.3750,,0.043,0,27.69,32.79
946.98,steptest,49.3750,,0.043,0,27.69,32.79
947.23,steptest,49.3750,,0.043,0,27.69,33.01
947.48,steptest,49.3750,,0.043,0,27.69,32.58
947.73,steptest,49.3750,,0.043,0,27.69,33.01
947.98,steptest,49.3750,,0.043,0,27.69,33.00
948.23,steptest,49.3750,,0.043,0,27.69,33.01
948.48,steptest,49.3750,,0.043,0,27.69,33.00
948.73,steptest,49.3750,,0.043,0,27.69,32.58
948.98,steptest,49.3750,,0.043,0,27.69,32.80
949.23,steptest,49.3125,,0.043,0,27.63,33.00
949.48,steptest,49.3125,,0.043,0,27.69,33.22
949.73,steptest,49.3125,,0.043,0,27.69,33.01
949.98,steptest,49.3125,,0.043,0,27.69,32.80
950.23,steptest,49.3125,,0.043,0,27.69,33.01
950.48,steptest,49.3125,,0.043,0,27.69,33.00
950.73,steptest,49.3125,,0.043,0,27.69,32.58
950.98,steptest,49.2500,,0.043,0,27.69,33.01
951.23,steptest,49.2500,,0.043,0,27.69,33.01
951.48,steptest,49.3125,,0.043,0,27.75,32.37
951.73,steptest,49.3125,,0.043,0,27.75,32.79
951.98,steptest,49.2500,,0.043,0,27.69,32.37
952.23,steptest,49.2500,,0.043,0,27.69,33.01
952.48,steptest,49.1875,,0.043,0,27.69,33.43
952.73,steptest,49.1875,,0.043,0,27.69,32.79
952.98,steptest,49.1875,,0.043,0,27.69,33.01
953.23,steptest,49.1875,,0.043,0,27.69,33.01
953.48,steptest,49.1875,,0.043,0,27.69,33.43
953.73,steptest,49.1875,,0.043,0,27.69,33.22
953.98,steptest,49.1875,,0.043,0,27.69,33.01
954.23,steptest,49.1875,,0.043,0,27.69,32.58
954.48,steptest,49.1875,,0.043,0,27.69,33.01
954.73,steptest,49.1875,,0.043,0,27.69,33.65
954.98,steptest,49.1875,,0.043,0,27.69,33.01
955.23,steptest,49.1875,,0.043,0,27.69,32.80
955.48,steptest,49.1250,,0.043,0,27.69,33.65
955.73,steptest,49.1250,,0.043,0,27.69,33.66
955.98,steptest,49.1250,,0.043,0,27.69,33.01
956.23,steptest,49.1250,,0.043,0,27.69,33.23
956.48,steptest,49.1250,,0.043,0,27.69,33.22
956.73,steptest,49.0000,,0.043,0,27.63,33.01
956.98,steptest,49.1250,,0.043,0,27.69,33.43
957.23,steptest,49.1250,,0.043,0,27.69,33.00
957.48,steptest,49.0625,,0.043,0,27.69,32.58
957.73,steptest,49.0625,,0.043,0,27.69,33.01
957.98,steptest,49.0625,,0.043,0,27.69,32.79
958.23,steptest,49.0625,,0.043,0,27.69,33.43
958.48,steptest,49.0000,,0.043,0,27.69,32.58
958.73,steptest,49.0000,,0.043,0,27.69,32.79
958.98,steptest,49.0000,,0.043,0,27.69,33.01
959.23,steptest,49.0000,,0.043,0,27.69,32.79
959.48,steptest,49.0000,,0.043,0,27.69,33.01
959.73,steptest,49.0000,,0.043,0,27.69,33.01
959.98,steptest,49.0000,,0.043,0,27.69,33.01
960.23,steptest,49.0000,,0.043,0,27.69,33.00
960.48,steptest,49.0000,,0.043,0,27.69,33.01
960.73,steptest,49.0000,,0.043,0,27.69,33.22
960.98,steptest,48.9375,,0.043,0,27.69,33.65
961.23,steptest,48.8750,,0.043,0,27.63,33.01
961.48,steptest,48.8750,,0.043,0,27.63,33.01
961.73,steptest,48.9375,,0.043,0,27.69,32.58
961.98,steptest,48.9375,,0.043,0,27.69,33.01
962.23,steptest,48.9375,,0.043,0,27.69,32.37
962.48,steptest,48.9375,,0.043,0,27.69,33.01
962.73,steptest,48.9375,,0.043,0,27.69,33.00
962.98,steptest,48.8750,,0.043,0,27.69,32.58
963.23,steptest,48.8750,,0.043,0,27.69,33.22
963.48,steptest,48.8750,,0.043,0,27.69,32.80
963.73,steptest,48.8750,,0.043,0,27.69,33.22
963.98,steptest,48.8750,,0.043,0,27.69,32.80
964.23,steptest,48.8125,,0.043,0,27.69,33.01
964.48,steptest,48.8125,,0.043,0,27.69,33.22
964.73,steptest,48.8125,,0.043,0,27.69,32.79
964.98,steptest,48.8125,,0.043,0,27.69,33.22
965.23,steptest,48.8125,,0.043,0,27.69,33.22
965.48,steptest,48.8125,,0.043,0,27.69,33.22
965.73,steptest,48.8125,,0.043,0,27.69,33.01
965.98,steptest,48.8125,,0.043,0,27.69,32.79
966.23,steptest,48.7500,,0.043,0,27.63,33.22
966.48,steptest,48.8125,,0.043,0,27.69,33.22
966.73,steptest,48.8125,,0.043,0,27.69,33.22
966.98,steptest,48.8125,,0.043,0,27.69,33.22
967.23,steptest,48.7500,,0.043,0,27.69,32.80
967.48,steptest,48.7500,,0.043,0,27.69,32.80
967.73,steptest,48.7500,,0.043,0,27.69,33.22
967.98,steptest,48.7500,,0.043,0,27.69,33.22
968.23,steptest,48.7500,,0.043,0,27.69,33.00
968.48,steptest,48.6875,,0.043,0,27.69,32.79
968.73,steptest,48.6875,,0.043,0,27.69,33.00
968.98,steptest,48.6875,,0.043,0,27.69,33.01
969.23,steptest,48.6875,,0.043,0,27.69,32.37
969.48,steptest,48.6875,,0.043,0,27.69,32.58
969.73,steptest,48.6250,,0.043,0,27.69,33.22
969.98,steptest,48.6250,,0.043,0,27.69,32.79
970.23,steptest,48.6250,,0.043,0,27.69,33.01
970.48,steptest,48.5625,,0.043,0,27.63,33.22
970.73,steptest,48.6250,,0.043,0,27.69,32.37
970.98,steptest,48.5625,,0.043,0,27.69,32.57
971.23,steptest,48.5625,,0.043,0,27.69,33.01
971.48,steptest,48.5625,,0.043,0,27.69,32.79
971.73,steptest,48.5625,,0.043,0,27.69,33.43
971.98,steptest,48.5625,,0.043,0,27.69,32.58
972.23,steptest,48.5625,,0.043,0,27.69,33.44
972.48,steptest,48.5625,,0.043,0,27.69,32.79
972.73,steptest,48.5625,,0.043,0,27.69,32.58
972.98,steptest,48.5000,,0.043,0,27.63,33.01
973.23,steptest,48.5625,,0.043,0,27.69,32.79
973.48,steptest,48.5625,,0.043,0,27.69,33.22
973.73,steptest,48.5625,,0.043,0,27.69,32.36
973.98,steptest,48.5000,,0.043,0,27.69,32.80
974.23,steptest,48.5000,,0.043,0,27.69,33.01
974.48,steptest,48.5000,,0.043,0,27.69,32.79
974.73,steptest,48.5000,,0.043,0,27.69,32.58
974.98,steptest,48.5625,,0.043,0,27.75,33.01
975.23,steptest,48.4375,,0.043,0,27.69,32.58
975.48,steptest,48.4375,,0.043,0,27.69,33.22
975.73,steptest,48.4375,,0.043,0,27.69,33.00
975.98,steptest,48.4375,,0.043,0,27.69,32.58
976.23,steptest,48.5000,,0.043,0,27.75,33.01
976.48,steptest,48.4375,,0.043,0,27.69,32.58
976.73,steptest,48.4375,,0.043,0,27.69,32.58
976.98,steptest,48.3750,,0.043,0,27.69,32.58
977.23,steptest,48.3750,,0.043,0,27.69,33.22
977.48,steptest,48.3750,,0.043,0,27.69,32.79
977.73,steptest,48.3750,,0.043,0,27.69,32.79
977.98,steptest,48.3750,,0.043,0,27.69,32.79
978.23,steptest,48.3750,,0.043,0,27.69,33.22
978.48,steptest,48.3750,,0.043,0,27.69,33.22
978.73,steptest,48.3750,,0.043,0,27.75,32.79
978.98,steptest,48.4375,,0.043,0,27.75,33.00
979.23,steptest,48.3750,,0.043,0,27.69,33.01
979.48,steptest,48.3125,,0.043,0,27.69,32.79
979.73,steptest,48.3125,,0.043,0,27.69,33.01
979.98,steptest,48.3125,,0.043,0,27.69,33.22
980.23,steptest,48.3125,,0.043,0,27.69,33.22
980.48,steptest,48.3750,,0.043,0,27.75,33.01
980.73,steptest,48.3125,,0.043,0,27.75,33.01
980.98,steptest,48.3125,,0.043,0,27.75,32.79
981.23,steptest,48.3125,,0.043,0,27.75,33.43
981.48,steptest,48.2500,,0.043,0,27.69,33.22
981.73,steptest,48.3125,,0.043,0,27.75,33.23
981.98,steptest,48.3125,,0.043,0,27.69,33.22
982.23,steptest,48.1875,,0.043,0,27.69,32.36
982.48,steptest,48.1875,,0.043,0,27.69,33.01
982.73,steptest,48.2500,,0.043,0,27.75,33.01
982.98,steptest,48.2500,,0.043,0,27.75,33.22
983.23,steptest,48.2500,,0.043,0,27.75,33.22
983.48,steptest,48.2500,,0.043,0,27.75,33.22
983.73,steptest,48.1875,,0.043,0,27.69,32.36
983.98,steptest,48.1875,,0.043,0,27.69,32.80
984.23,steptest,48.1875,,0.043,0,27.69,32.58
984.48,steptest,48.1875,,0.043,0,27.69,33.01
984.73,steptest,48.1875,,0.043,0,27.75,32.79
984.98,steptest,48.1875,,0.043,0,27.75,33.22
985.23,steptest,48.1875,,0.043,0,27.75,32.36
985.48,steptest,48.1875,,0.043,0,27.75,32.79
985.73,steptest,48.1875,,0.043,0,27.75,32.37
985.98,steptest,48.1875,,0.043,0,27.75,32.58
986.23,steptest,48.1250,,0.043,0,27.75,33.22
986.48,steptest,48.1250,,0.043,0,27.75,33.01
986.73,steptest,48.0625,,0.043,0,27.69,33.00
986.98,steptest,48.0625,,0.043,0,27.69,33.22
987.23,steptest,48.0625,,0.043,0,27.75,33.00
987.48,steptest,48.0625,,0.043,0,27.69,33.01
987.73,steptest,48.0000,,0.043,0,27.69,33.22
987.98,steptest,48.0625,,0.043,0,27.75,33.01
988.23,steptest,48.0625,,0.043,0,27.75,33.00
988.48,steptest,48.0625,,0.043,0,27.75,32.58
988.73,steptest,48.0625,,0.043,0,27.75,33.43
988.98,steptest,48.0625,,0.043,0,27.75,32.79
989.23,steptest,48.0625,,0.043,0,27.75,32.58
989.48,steptest,48.0000,,0.043,0,27.69,33.22
989.73,steptest,48.0000,,0.043,0,27.69,32.79
989.98,steptest,48.0625,,0.043,0,27.75,33.22
990.23,steptest,47.9375,,0.043,0,27.69,32.58
990.48,steptest,47.9375,,0.043,0,27.69,32.58
990.73,steptest,47.9375,,0.043,0,27.75,33.01
990.98,steptest,48.0000,,0.043,0,27.75,33.23
991.23,steptest,47.8750,,0.043,0,27.69,33.65
991.48,steptest,47.9375,,0.043,0,27.75,32.79
991.73,steptest,47.8750,,0.043,0,27.69,32.36
991.98,steptest,47.8750,,0.043,0,27.69,33.43
992.23,steptest,47.9375,,0.043,0,27.75,33.01
992.48,steptest,47.8750,,0.043,0,27.69,32.79
992.73,steptest,47.8125,,0.043,0,27.69,33.22
992.98,steptest,47.8125,,0.043,0,27.69,33.01
993.23,steptest,47.8750,,0.043,0,27.75,32.58
993.48,steptest,47.8125,,0.043,0,27.69,33.22
993.73,steptest,47.8125,,0.043,0,27.69,32.80
993.98,steptest,47.8125,,0.043,0,27.75,32.58
994.23,steptest,47.8750,,0.043,0,27.75,32.79
994.48,steptest,47.8750,,0.043,0,27.75,32.79
994.73,steptest,47.8125,,0.043,0,27.69,32.80
994.98,steptest,47.8125,,0.043,0,27.69,33.01
995.23,steptest,47.8125,,0.043,0,27.69,33.01
995.48,steptest,47.7500,,0.043,0,27.69,32.79
995.73,steptest,47.7500,,0.043,0,27.69,33.23
995.98,steptest,47.8125,,0.043,0,27.75,33.01
996.23,steptest,47.8125,,0.043,0,27.75,32.58
996.48,steptest,47.7500,,0.043,0,27.69,32.79
996.73,steptest,47.6875,,0.043,0,27.69,33.22
996.98,steptest,47.6875,,0.043,0,27.69,33.22
997.23,steptest,47.6875,,0.043,0,27.69,33.22
997.48,steptest,47.6875,,0.043,0,27.69,33.43
997.73,steptest,47.6875,,0.043,0,27.69,33.01
997.98,steptest,47.6875,,0.043,0,27.75,33.01
998.23,steptest,47.6875,,0.043,0,27.75,33.01
998.48,steptest,47.6875,,0.043,0,27.75,33.00
998.73,steptest,47.6875,,0.043,0,27.75,32.58
998.98,steptest,47.6875,,0.043,0,27.75,33.00
999.23,steptest,47.6875,,0.043,0,27.75,33.00
999.48,steptest,47.6875,,0.043,0,27.75,32.79
999.73,steptest,47.6250,,0.043,0,27.75,33.01
999.98,steptest,47.5625,,0.043,0,27.69,33.22
1000.23,steptest,47.5625,,0.043,0,27.69,33.01
1000.48,steptest,47.5625,,0.043,0,27.69,33.22
# step 60C up 1: duty 0.193, ceiling 80 C, 60 s
1000.73,steptest,47.5625,,0.193,0,27.69,33.44
1001.14,steptest,47.5625,,0.193,0,27.69,32.79
1001.39,steptest,47.5625,,0.193,0,27.69,32.36
1001.64,steptest,47.6250,,0.193,0,27.75,32.79
1001.89,steptest,47.5625,,0.193,0,27.75,32.36
1002.14,steptest,47.5625,,0.193,0,27.75,32.58
1002.39,steptest,47.5625,,0.193,0,27.75,33.22
1002.64,steptest,47.5000,,0.193,0,27.69,32.79
1002.89,steptest,47.5625,,0.193,0,27.75,32.37
1003.14,steptest,47.5000,,0.193,0,27.75,32.79
1003.39,steptest,47.5000,,0.193,0,27.75,32.58
1003.64,steptest,47.5000,,0.193,0,27.75,33.01
1003.89,steptest,47.5000,,0.193,0,27.75,33.01
1004.14,steptest,47.5000,,0.193,0,27.75,32.58
1004.39,steptest,47.4375,,0.193,0,27.75,32.79
1004.64,steptest,47.4375,,0.193,0,27.75,33.44
1004.89,steptest,47.3750,,0.193,0,27.69,33.01
1005.14,steptest,47.4375,,0.193,0,27.75,33.22
1005.39,steptest,47.4375,,0.193,0,27.75,32.58
1005.64,steptest,47.4375,,0.193,0,27.75,32.79
1005.89,steptest,47.3750,,0.193,0,27.69,33.22
1006.14,steptest,47.4375,,0.193,0,27.75,32.36
1006.39,steptest,47.4375,,0.193,0,27.75,33.43
1006.64,steptest,47.4375,,0.193,0,27.75,33.01
1006.89,steptest,47.4375,,0.193,0,27.75,33.43
1007.14,steptest,47.4375,,0.193,0,27.75,32.58
1007.39,steptest,47.3750,,0.193,0,27.75,33.01
1007.64,steptest,47.3750,,0.193,0,27.75,32.79
1007.89,steptest,47.3750,,0.193,0,27.75,32.79
1008.14,steptest,47.3750,,0.193,0,27.75,32.79
1008.39,steptest,47.3750,,0.193,0,27.75,32.58
1008.64,steptest,47.3125,,0.193,0,27.75,32.58
1008.89,steptest,47.3125,,0.193,0,27.75,33.01
1009.14,steptest,47.3125,,0.193,0,27.75,32.80
1009.39,steptest,47.3125,,0.193,0,27.75,33.65
1009.64,steptest,47.3125,,0.193,0,27.75,33.00
1009.89,steptest,47.2500,,0.193,0,27.75,33.44
1010.14,steptest,47.2500,,0.193,0,27.75,32.79
1010.39,steptest,47.2500,,0.193,0,27.75,32.58
1010.64,steptest,47.3125,,0.193,0,27.81,32.58
1010.89,steptest,47.2500,,0.193,0,27.75,32.37
1011.14,steptest,47.2500,,0.193,0,27.75,33.01
1011.39,steptest,47.3125,,0.193,0,27.81,32.79
1011.64,steptest,47.2500,,0.193,0,27.75,33.22
1011.89,steptest,47.2500,,0.193,0,27.75,33.22
1012.14,steptest,47.2500,,0.193,0,27.75,32.58
1012.39,steptest,47.2500,,0.193,0,27.75,33.01
1012.64,steptest,47.1875,,0.193,0,27.75,32.79
1012.89,steptest,47.1875,,0.193,0,27.75,33.44
1013.14,steptest,47.1875,,0.193,0,27.75,32.79
1013.39,steptest,47.1875,,0.193,0,27.75,33.01
1013.64,steptest,47.2500,,0.193,0,27.81,33.01
1013.89,steptest,47.2500,,0.193,0,27.81,32.79
1014.14,steptest,47.1250,,0.193,0,27.75,32.79
1014.39,steptest,47.1250,,0.193,0,27.75,33.65
1014.64,steptest,47.1250,,0.193,0,27.75,32.58
1014.89,steptest,47.0625,,0.193,0,27.75,32.80
1015.14,steptest,47.0625,,0.193,0,27.75,33.43
1015.39,steptest,47.1250,,0.193,0,27.81,33.23
1015.64,steptest,47.1250,,0.193,0,27.81,33.22
1015.89,steptest,47.0625,,0.193,0,27.75,33.65
1016.14,steptest,47.0625,,0.193,0,27.75,32.15
1016.39,steptest,47.0625,,0.193,0,27.75,32.58
1016.64,steptest,47.0625,,0.193,0,27.75,32.79
1016.89,steptest,47.0625,,0.193,0,27.75,32.58
1017.14,steptest,47.0625,,0.193,0,27.75,32.80
1017.39,steptest,47.0625,,0.193,0,27.75,32.80
1017.64,steptest,47.0625,,0.193,0,27.75,33.00
1017.89,steptest,47.0000,,0.193,0,27.75,32.80
1018.14,steptest,47.0000,,0.193,0,27.75,32.80
1018.39,steptest,47.0625,,0.193,0,27.81,33.00
1018.64,steptest,47.0625,,0.193,0,27.81,32.79
1018.89,steptest,47.0625,,0.193,0,27.81,33.22
1019.14,steptest,47.0000,,0.193,0,27.81,32.37
1019.39,steptest,47.0000,,0.193,0,27.81,32.58
1019.64,steptest,47.0000,,0.193,0,27.81,32.36
1019.89,steptest,47.0000,,0.193,0,27.81,32.58
1020.14,steptest,47.0000,,0.193,0,27.81,33.22
1020.39,steptest,47.0000,,0.193,0,27.81,33.22
1020.64,steptest,46.9375,,0.193,0,27.81,32.58
1020.89,steptest,46.9375,,0.193,0,27.75,33.01
1021.14,steptest,46.8750,,0.193,0,27.75,33.00
1021.39,steptest,46.8750,,0.193,0,27.75,32.79
1021.64,steptest,46.8750,,0.193,0,27.75,31.95
1021.89,steptest,46.8750,,0.193,0,27.75,33.01
1022.14,steptest,46.8750,,0.193,0,27.75,33.43
1022.39,steptest,46.9375,,0.193,0,27.81,33.01
1022.64,steptest,46.9375,,0.193,0,27.81,32.79
1022.89,steptest,46.8750,,0.193,0,27.81,32.79
1023.14,steptest,46.8750,,0.193,0,27.81,33.01
1023.39,steptest,46.8750,,0.193,0,27.81,32.79
1023.64,steptest,46.8750,,0.193,0,27.81,33.65
1023.89,steptest,46.8750,,0.193,0,27.81,32.36
1024.14,steptest,46.7500,,0.193,0,27.75,32.79
1024.39,steptest,46.7500,,0.193,0,27.75,33.22
1024.64,steptest,46.7500,,0.193,0,27.75,32.36
1024.89,steptest,46.7500,,0.193,0,27.75,32.58
1025.14,steptest,46.7500,,0.193,0,27.75,32.79
1025.39,steptest,46.7500,,0.193,0,27.75,32.79
1025.64,steptest,46.8125,,0.193,0,27.81,33.43
1025.89,steptest,46.7500,,0.193,0,27.75,33.22
1026.14,steptest,46.6875,,0.193,0,27.75,33.44
1026.39,steptest,46.6875,,0.193,0,27.75,32.58
1026.64,steptest,46.6875,,0.193,0,27.75,33.22
1026.89,steptest,46.7500,,0.193,0,27.81,32.58
1027.14,steptest,46.6875,,0.193,0,27.75,32.58
1027.39,steptest,46.6875,,0.193,0,27.75,33.00
1027.64,steptest,46.6875,,0.193,0,27.75,32.79
1027.89,steptest,46.7500,,0.193,0,27.81,32.58
1028.14,steptest,46.6875,,0.193,0,27.75,33.01
1028.39,steptest,46.6875,,0.193,0,27.81,33.01
1028.64,steptest,46.6875,,0.193,0,27.81,32.58
1028.89,steptest,46.6250,,0.193,0,27.75,32.80
1029.14,steptest,46.6875,,0.193,0,27.81,32.58
1029.39,steptest,46.6250,,0.193,0,27.81,32.58
1029.64,steptest,46.6250,,0.193,0,27.81,32.58
1029.89,steptest,46.6875,,0.193,0,27.81,33.43
1030.14,steptest,46.6250,,0.193,0,27.81,32.80
1030.39,steptest,46.5625,,0.193,0,27.75,33.44
1030.64,steptest,46.6250,,0.193,0,27.81,33.01
1030.89,steptest,46.6250,,0.193,0,27.81,32.58
1031.14,steptest,46.6250,,0.193,0,27.81,32.58
1031.39,steptest,46.5000,,0.193,0,27.75,33.01
1031.64,steptest,46.5000,,0.193,0,27.75,32.79
1031.89,steptest,46.5000,,0.193,0,27.75,33.01
1032.14,steptest,46.5625,,0.193,0,27.81,33.01
1032.39,steptest,46.5625,,0.193,0,27.81,33.01
1032.64,steptest,46.4375,,0.193,0,27.75,32.79
1032.89,steptest,46.4375,,0.193,0,27.75,32.79
1033.14,steptest,46.4375,,0.193,0,27.75,32.57
1033.39,steptest,46.5000,,0.193,0,27.81,33.00
1033.64,steptest,46.4375,,0.193,0,27.75,32.58
1033.89,steptest,46.4375,,0.193,0,27.75,33.22
1034.14,steptest,46.4375,,0.193,0,27.75,32.37
1034.39,steptest,46.5000,,0.193,0,27.81,32.79
1034.64,steptest,46.5000,,0.193,0,27.81,32.80
1034.89,steptest,46.4375,,0.193,0,27.81,32.79
1035.14,steptest,46.4375,,0.193,0,27.81,32.80
1035.39,steptest,46.3750,,0.193,0,27.75,33.22
1035.64,steptest,46.3750,,0.193,0,27.75,33.01
1035.89,steptest,46.4375,,0.193,0,27.81,32.58
1036.14,steptest,46.4375,,0.193,0,27.75,32.79
1036.39,steptest,46.3125,,0.193,0,27.75,33.22
1036.64,steptest,46.3750,,0.193,0,27.81,33.01
1036.89,steptest,46.3750,,0.193,0,27.81,32.58
1037.14,steptest,46.3125,,0.193,0,27.75,33.01
1037.39,steptest,46.3125,,0.193,0,27.75,32.80
1037.64,steptest,46.3750,,0.193,0,27.81,32.79
1037.89,steptest,46.3125,,0.193,0,27.81,32.58
1038.14,steptest,46.3125,,0.193,0,27.81,32.58
1038.39,steptest,46.3125,,0.193,0,27.81,33.01
1038.64,steptest,46.3125,,0.193,0,27.81,33.01
1038.89,steptest,46.2500,,0.193,0,27.75,33.22
1039.14,steptest,46.3125,,0.193,0,27.81,32.79
1039.39,steptest,46.3125,,0.193,0,27.81,32.36
1039.64,steptest,46.3125,,0.193,0,27.81,33.00
1039.89,steptest,46.3125,,0.193,0,27.81,33.01
1040.14,steptest,46.3125,,0.193,0,27.81,33.01
1040.39,steptest,46.3125,,0.193,0,27.81,32.36
1040.64,steptest,46.3125,,0.193,0,27.81,33.01
1040.89,steptest,46.2500,,0.193,0,27.81,32.79
1041.14,steptest,46.3125,,0.193,0,27.88,32.79
1041.39,steptest,46.2500,,0.193,0,27.81,32.37
1041.64,steptest,46.2500,,0.193,0,27.81,32.79
1041.89,steptest,46.1875,,0.193,0,27.81,33.22
1042.14,steptest,46.1875,,0.193,0,27.81,33.43
1042.39,steptest,46.1875,,0.193,0,27.81,32.58
1042.64,steptest,46.1875,,0.193,0,27.81,32.58
1042.89,steptest,46.1875,,0.193,0,27.81,32.15
1043.14,steptest,46.1875,,0.193,0,27.81,33.65
1043.39,steptest,46.1250,,0.193,0,27.81,32.79
1043.64,steptest,46.1250,,0.193,0,27.81,33.01
1043.89,steptest,46.1250,,0.193,0,27.81,33.01
1044.14,steptest,46.1250,,0.193,0,27.81,32.79
1044.39,steptest,46.0625,,0.193,0,27.75,33.22
1044.64,steptest,46.1250,,0.193,0,27.81,32.58
1044.89,steptest,46.1250,,0.193,0,27.81,33.65
1045.14,steptest,46.1250,,0.193,0,27.81,33.01
1045.39,steptest,46.1250,,0.193,0,27.81,31.94
1045.64,steptest,46.1250,,0.193,0,27.81,33.22
1045.89,steptest,46.0625,,0.193,0,27.81,32.79
1046.14,steptest,46.0625,,0.193,0,27.81,33.44
1046.39,steptest,46.0625,,0.193,0,27.81,32.80
1046.64,steptest,46.1250,,0.193,0,27.88,32.79
1046.89,steptest,46.0625,,0.193,0,27.81,32.79
1047.14,steptest,46.0625,,0.193,0,27.81,33.23
1047.39,steptest,46.0000,,0.193,0,27.81,32.36
1047.64,steptest,46.0000,,0.193,0,27.81,32.58
1047.89,steptest,46.0000,,0.193,0,27.81,33.01
1048.14,steptest,46.0000,,0.193,0,27.81,33.22
1048.39,steptest,46.0000,,0.193,0,27.81,32.79
1048.64,steptest,46.0000,,0.193,0,27.81,32.15
1048.89,steptest,45.9375,,0.193,0,27.81,32.80
1049.14,steptest,45.9375,,0.193,0,27.81,32.37
1049.39,steptest,45.9375,,0.193,0,27.81,32.36
1049.64,steptest,46.0000,,0.193,0,27.88,32.37
1049.89,steptest,46.0000,,0.193,0,27.88,32.58
1050.14,steptest,46.0000,,0.193,0,27.88,33.43
1050.39,steptest,46.0000,,0.193,0,27.88,32.58
1050.64,steptest,46.0000,,0.193,0,27.88,33.01
1050.89,steptest,45.9375,,0.193,0,27.81,32.58
1051.14,steptest,46.0000,,0.193,0,27.88,32.79
1051.39,steptest,46.0000,,0.193,0,27.81,33.22
1051.64,steptest,45.8750,,0.193,0,27.81,33.00
1051.89,steptest,45.8750,,0.193,0,27.81,32.58
1052.14,steptest,45.8750,,0.193,0,27.81,32.79
1052.39,steptest,45.8750,,0.193,0,27.81,32.37
1052.64,steptest,45.8750,,0.193,0,27.81,33.01
1052.89,steptest,45.8750,,0.193,0,27.81,32.58
1053.14,steptest,45.8125,,0.193,0,27.81,33.22
1053.39,steptest,45.8125,,0.193,0,27.81,32.58
1053.64,steptest,45.8125,,0.193,0,27.81,33.01
1053.89,steptest,45.8125,,0.193,0,27.81,32.79
1054.14,steptest,45.8750,,0.193,0,27.88,32.79
1054.39,steptest,45.8750,,0.193,0,27.88,32.58
1054.64,steptest,45.8750,,0.193,0,27.88,32.36
1054.89,steptest,45.8125,,0.193,0,27.88,33.01
1055.14,steptest,45.7500,,0.193,0,27.81,32.57
1055.39,steptest,45.7500,,0.193,0,27.81,33.22
1055.64,steptest,45.7500,,0.193,0,27.81,32.36
1055.89,steptest,45.7500,,0.193,0,27.81,33.00
1056.14,steptest,45.7500,,0.193,0,27.81,32.79
1056.39,steptest,45.7500,,0.193,0,27.81,33.01
1056.64,steptest,45.7500,,0.193,0,27.81,32.37
1056.89,steptest,45.7500,,0.193,0,27.81,32.58
1057.14,steptest,45.7500,,0.193,0,27.81,33.01
1057.39,steptest,45.7500,,0.193,0,27.88,32.79
1057.64,steptest,45.6875,,0.193,0,27.81,33.01
1057.89,steptest,45.6250,,0.193,0,27.81,33.22
1058.14,steptest,45.6250,,0.193,0,27.81,32.58
1058.39,steptest,45.6250,,0.193,0,27.81,32.79
1058.64,steptest,45.6250,,0.193,0,27.81,32.79
1058.89,steptest,45.6250,,0.193,0,27.81,32.79
1059.14,steptest,45.6250,,0.193,0,27.81,33.01
1059.39,steptest,45.6250,,0.193,0,27.81,32.58
1059.64,steptest,45.6250,,0.193,0,27.81,32.79
1059.89,steptest,45.5625,,0.193,0,27.81,33.22
1060.14,steptest,45.5625,,0.193,0,27.81,32.58
1060.39,steptest,45.5625,,0.193,0,27.81,32.36
1060.64,steptest,45.6250,,0.193,0,27.88,33.22
# step 60C down 1: duty 0.000, ceiling 80 C, 60 s
1060.89,steptest,45.5625,,0.000,0,27.81,33.22
1061.14,steptest,45.6250,,0.000,0,27.88,32.58
1061.39,steptest,45.6250,,0.000,0,27.88,32.37
1061.64,steptest,45.5625,,0.000,0,27.88,32.36
1061.89,steptest,45.5625,,0.000,0,27.81,32.58
1062.14,steptest,45.5625,,0.000,0,27.81,33.22
1062.39,steptest,45.5625,,0.000,0,27.81,32.79
1062.64,steptest,45.5000,,0.000,0,27.81,33.43
1062.89,steptest,45.5000,,0.000,0,27.81,33.01
1063.14,steptest,45.5000,,0.000,0,27.81,32.58
1063.39,steptest,45.5625,,0.000,0,27.88,33.01
1063.64,steptest,45.5625,,0.000,0,27.88,32.80
1063.89,steptest,45.5000,,0.000,0,27.81,32.79
1064.14,steptest,45.4375,,0.000,0,27.81,32.79
1064.39,steptest,45.5000,,0.000,0,27.88,32.58
1064.64,steptest,45.5000,,0.000,0,27.88,33.22
1064.89,steptest,45.5000,,0.000,0,27.88,33.01
1065.14,steptest,45.4375,,0.000,0,27.81,33.01
1065.39,steptest,45.5000,,0.000,0,27.88,32.79
1065.64,steptest,45.5000,,0.000,0,27.81,32.79
1065.89,steptest,45.3750,,0.000,0,27.81,32.36
1066.14,steptest,45.4375,,0.000,0,27.88,33.01
1066.39,steptest,45.4375,,0.000,0,27.88,32.79
1066.64,steptest,45.3125,,0.000,0,27.81,33.01
1066.89,steptest,45.3125,,0.000,0,27.81,33.22
1067.14,steptest,45.3125,,0.000,0,27.81,32.79
1067.39,steptest,45.3750,,0.000,0,27.88,32.58
1067.64,steptest,45.3750,,0.000,0,27.88,33.22
1067.89,steptest,45.3750,,0.000,0,27.88,32.58
1068.14,steptest,45.3750,,0.000,0,27.88,32.58
1068.39,steptest,45.3750,,0.000,0,27.88,32.79
1068.64,steptest,45.3750,,0.000,0,27.88,32.15
1068.89,steptest,45.3750,,0.000,0,27.88,32.58
1069.14,steptest,45.3750,,0.000,0,27.88,33.00
1069.39,steptest,45.3750,,0.000,0,27.88,32.79
1069.64,steptest,45.3750,,0.000,0,27.94,33.22
1069.89,steptest,45.3125,,0.000,0,27.88,32.58
1070.14,steptest,45.3125,,0.000,0,27.88,32.79
1070.39,steptest,45.3125,,0.000,0,27.88,32.36
1070.64,steptest,45.3125,,0.000,0,27.88,33.22
1070.89,steptest,45.1875,,0.000,0,27.81,32.79
1071.14,steptest,45.1875,,0.000,0,27.81,32.57
1071.39,steptest,45.2500,,0.000,0,27.88,32.79
1071.64,steptest,45.3125,,0.000,0,27.94,32.58
1071.89,steptest,45.2500,,0.000,0,27.88,32.80
1072.14,steptest,45.2500,,0.000,0,27.94,33.01
1072.39,steptest,45.3125,,0.000,0,27.94,33.00
1072.64,steptest,45.1875,,0.000,0,27.88,33.22
1072.89,steptest,45.1875,,0.000,0,27.88,32.36
1073.14,steptest,45.1875,,0.000,0,27.88,32.80
1073.39,steptest,45.1875,,0.000,0,27.88,32.37
1073.64,steptest,45.2500,,0.000,0,27.94,33.22
1073.89,steptest,45.1875,,0.000,0,27.88,33.22
1074.14,steptest,45.2500,,0.000,0,27.94,32.36
1074.39,steptest,45.2500,,0.000,0,27.88,33.01
1074.64,steptest,45.1875,,0.000,0,27.88,32.79
1074.89,steptest,45.1875,,0.000,0,27.88,32.59
1075.14,steptest,45.1875,,0.000,0,27.88,33.01
1075.39,steptest,45.1250,,0.000,0,27.88,33.01
1075.64,steptest,45.1250,,0.000,0,27.88,32.79
1075.89,steptest,45.1250,,0.000,0,27.88,33.65
1076.14,steptest,45.1250,,0.000,0,27.88,32.80
1076.39,steptest,45.1250,,0.000,0,27.88,33.44
1076.64,steptest,45.1250,,0.000,0,27.88,31.94
1076.89,steptest,45.0625,,0.000,0,27.88,33.22
1077.14,steptest,45.0625,,0.000,0,27.88,32.36
1077.39,steptest,45.0625,,0.000,0,27.88,33.01
1077.64,steptest,45.0625,,0.000,0,27.88,33.23
1077.89,steptest,45.0000,,0.000,0,27.88,32.15
1078.14,steptest,45.0000,,0.000,0,27.88,32.58
1078.39,steptest,45.0625,,0.000,0,27.94,33.01
1078.64,steptest,45.0000,,0.000,0,27.88,32.58
1078.89,steptest,45.0000,,0.000,0,27.88,32.79
1079.14,steptest,45.0625,,0.000,0,27.94,33.00
1079.39,steptest,45.0000,,0.000,0,27.88,32.79
1079.64,steptest,45.0000,,0.000,0,27.88,32.37
1079.89,steptest,45.0000,,0.000,0,27.88,32.80
1080.14,steptest,45.0000,,0.000,0,27.88,32.79
1080.39,steptest,45.0000,,0.000,0,27.88,33.22
1080.64,steptest,45.0000,,0.000,0,27.88,33.43
1080.89,steptest,45.0000,,0.000,0,27.94,32.79
1081.14,steptest,45.0000,,0.000,0,27.94,33.22
1081.39,steptest,44.9375,,0.000,0,27.88,32.79
1081.64,steptest,44.9375,,0.000,0,27.88,33.00
1081.89,steptest,44.9375,,0.000,0,27.88,32.58
1082.14,steptest,44.9375,,0.000,0,27.88,32.79
1082.39,steptest,44.9375,,0.000,0,27.88,32.58
1082.64,steptest,44.8750,,0.000,0,27.88,32.79
1082.89,steptest,44.9375,,0.000,0,27.88,32.80
1083.14,steptest,44.9375,,0.000,0,27.94,32.58
1083.39,steptest,44.9375,,0.000,0,27.94,32.58
1083.64,steptest,44.8750,,0.000,0,27.88,33.22
1083.89,steptest,44.8750,,0.000,0,27.94,32.79
1084.14,steptest,44.8125,,0.000,0,27.88,33.01
1084.39,steptest,44.8125,,0.000,0,27.88,33.01
1084.64,steptest,44.8125,,0.000,0,27.88,33.01
1084.89,steptest,44.8750,,0.000,0,27.94,32.79
1085.14,steptest,44.8125,,0.000,0,27.88,32.37
1085.39,steptest,44.8125,,0.000,0,27.88,32.58
1085.64,steptest,44.8125,,0.000,0,27.88,33.22
1085.89,steptest,44.8125,,0.000,0,27.88,32.79
1086.14,steptest,44.8750,,0.000,0,27.94,32.58
1086.39,steptest,44.8750,,0.000,0,27.88,33.22
1086.64,steptest,44.8125,,0.000,0,27.88,33.22
1086.89,steptest,44.7500,,0.000,0,27.88,32.79
1087.14,steptest,44.7500,,0.000,0,27.88,33.01
1087.39,steptest,44.7500,,0.000,0,27.88,33.01
1087.64,steptest,44.7500,,0.000,0,27.88,32.58
1087.89,steptest,44.7500,,0.000,0,27.88,32.15
1088.14,steptest,44.7500,,0.000,0,27.88,32.58
1088.39,steptest,44.7500,,0.000,0,27.88,32.36
1088.64,steptest,44.7500,,0.000,0,27.88,33.01
1088.89,steptest,44.6875,,0.000,0,27.88,32.79
1089.14,steptest,44.6875,,0.000,0,27.88,32.79
1089.39,steptest,44.6250,,0.000,0,27.88,32.15
1089.64,steptest,44.6250,,0.000,0,27.88,33.43
1089.89,steptest,44.6250,,0.000,0,27.88,33.01
1090.14,steptest,44.6250,,0.000,0,27.88,32.58
1090.39,steptest,44.6250,,0.000,0,27.88,32.37
1090.64,steptest,44.6250,,0.000,0,27.88,33.01
1090.89,steptest,44.6250,,0.000,0,27.88,32.58
1091.14,steptest,44.6250,,0.000,0,27.88,32.79
1091.39,steptest,44.6250,,0.000,0,27.88,32.58
1091.64,steptest,44.6250,,0.000,0,27.88,32.15
1091.89,steptest,44.6250,,0.000,0,27.88,32.79
1092.14,steptest,44.6250,,0.000,0,27.88,33.23
1092.39,steptest,44.6250,,0.000,0,27.94,32.58
1092.64,steptest,44.6250,,0.000,0,27.88,33.01
1092.89,steptest,44.6250,,0.000,0,27.94,33.86
1093.14,steptest,44.6250,,0.000,0,27.94,32.80
1093.39,steptest,44.5625,,0.000,0,27.88,33.22
1093.64,steptest,44.5625,,0.000,0,27.88,32.58
1093.89,steptest,44.6250,,0.000,0,27.94,32.79
1094.14,steptest,44.6250,,0.000,0,27.94,32.79
1094.39,steptest,44.5000,,0.000,0,27.88,32.80
1094.64,steptest,44.4375,,0.000,0,27.88,33.01
1094.89,steptest,44.5625,,0.000,0,27.94,33.01
1095.14,steptest,44.5625,,0.000,0,27.88,33.01
1095.39,steptest,44.5000,,0.000,0,27.88,33.22
1095.64,steptest,44.5000,,0.000,0,27.88,33.43
1095.89,steptest,44.4375,,0.000,0,27.88,32.36
1096.14,steptest,44.4375,,0.000,0,27.88,33.01
1096.39,steptest,44.4375,,0.000,0,27.88,32.58
1096.64,steptest,44.4375,,0.000,0,27.88,32.37
1096.89,steptest,44.4375,,0.000,0,27.94,32.80
1097.14,steptest,44.4375,,0.000,0,27.94,32.80
1097.39,steptest,44.4375,,0.000,0,27.94,33.01
1097.64,steptest,44.3750,,0.000,0,27.88,32.15
1097.89,steptest,44.3750,,0.000,0,27.88,33.01
1098.14,steptest,44.3750,,0.000,0,27.88,32.80
1098.39,steptest,44.3750,,0.000,0,27.94,33.01
1098.64,steptest,44.4375,,0.000,0,27.94,32.37
1098.89,steptest,44.3750,,0.000,0,27.88,32.58
1099.14,steptest,44.4375,,0.000,0,27.94,33.01
1099.39,steptest,44.3750,,0.000,0,27.88,32.80
1099.64,steptest,44.3750,,0.000,0,27.88,32.80
1099.89,steptest,44.3750,,0.000,0,27.94,32.58
1100.14,steptest,44.3750,,0.000,0,27.94,32.80
1100.39,steptest,44.3125,,0.000,0,27.88,33.01
1100.64,steptest,44.3125,,0.000,0,27.88,32.36
1100.89,steptest,44.3125,,0.000,0,27.88,32.58
1101.14,steptest,44.3125,,0.000,0,27.94,32.79
1101.39,steptest,44.3750,,0.000,0,27.94,33.22
1101.64,steptest,44.3750,,0.000,0,27.94,32.36
1101.89,steptest,44.3125,,0.000,0,27.94,33.22
1102.14,steptest,44.3125,,0.000,0,27.94,32.79
1102.39,steptest,44.2500,,0.000,0,27.88,32.58
1102.64,steptest,44.2500,,0.000,0,27.94,32.79
1102.89,steptest,44.2500,,0.000,0,27.94,33.01
1103.14,steptest,44.1875,,0.000,0,27.88,32.79
1103.39,steptest,44.2500,,0.000,0,27.94,33.01
1103.64,steptest,44.2500,,0.000,0,27.94,32.58
1103.89,steptest,44.2500,,0.000,0,27.94,32.79
1104.14,steptest,44.2500,,0.000,0,27.94,32.37
1104.39,steptest,44.2500,,0.000,0,27.94,33.01
1104.64,steptest,44.2500,,0.000,0,27.94,32.79
1104.89,steptest,44.2500,,0.000,0,27.94,33.01
1105.14,steptest,44.2500,,0.000,0,27.94,33.44
1105.39,steptest,44.2500,,0.000,0,27.94,32.80
1105.64,steptest,44.1875,,0.000,0,27.88,32.59
1105.89,steptest,44.1875,,0.000,0,27.94,33.01
1106.14,steptest,44.1875,,0.000,0,27.94,32.58
1106.39,steptest,44.1250,,0.000,0,27.88,32.58
1106.64,steptest,44.1250,,0.000,0,27.94,32.36
1106.89,steptest,44.1875,,0.000,0,27.94,32.79
1107.14,steptest,44.1875,,0.000,0,27.94,32.79
1107.39,steptest,44.1875,,0.000,0,27.94,32.80
1107.64,steptest,44.1875,,0.000,0,27.94,32.79
1107.89,steptest,44.1250,,0.000,0,27.94,32.80
1108.14,steptest,44.1250,,0.000,0,27.94,32.80
1108.39,steptest,44.1250,,0.000,0,27.94,32.79
1108.64,steptest,44.1875,,0.000,0,28.00,33.00
1108.89,steptest,44.1250,,0.000,0,27.94,31.93
1109.14,steptest,44.0625,,0.000,0,27.94,32.37
1109.39,steptest,44.0625,,0.000,0,27.94,33.01
1109.64,steptest,44.0625,,0.000,0,27.94,32.79
1109.89,steptest,44.0625,,0.000,0,27.94,33.44
1110.14,steptest,44.0625,,0.000,0,27.94,33.01
1110.39,steptest,44.0625,,0.000,0,28.00,33.22
1110.64,steptest,44.1250,,0.000,0,28.00,33.01
1110.89,steptest,44.0625,,0.000,0,27.94,32.79
1111.14,steptest,44.0625,,0.000,0,27.94,32.58
1111.39,steptest,44.0625,,0.000,0,27.94,33.01
1111.64,steptest,44.0625,,0.000,0,27.94,32.80
1111.89,steptest,44.0625,,0.000,0,27.94,33.22
1112.14,steptest,44.0000,,0.000,0,27.94,33.22
1112.39,steptest,44.0000,,0.000,0,27.94,33.22
1112.64,steptest,44.0000,,0.000,0,27.94,32.80
1112.89,steptest,44.0000,,0.000,0,27.94,33.22
1113.14,steptest,44.0000,,0.000,0,27.94,32.79
1113.39,steptest,43.9375,,0.000,0,27.94,33.01
1113.64,steptest,43.9375,,0.000,0,27.94,32.37
1113.89,steptest,43.9375,,0.000,0,27.94,32.79
1114.14,steptest,43.9375,,0.000,0,27.94,32.58
1114.39,steptest,43.9375,,0.000,0,27.94,32.58
1114.64,steptest,43.8750,,0.000,0,27.94,33.22
1114.89,steptest,43.8750,,0.000,0,27.94,32.79
1115.14,steptest,43.8750,,0.000,0,27.94,33.01
1115.39,steptest,43.8750,,0.000,0,27.94,32.37
1115.64,steptest,43.8750,,0.000,0,27.94,32.79
1115.89,steptest,43.8750,,0.000,0,27.94,31.94
1116.14,steptest,43.8750,,0.000,0,27.94,33.22
1116.39,steptest,43.8750,,0.000,0,27.94,32.15
1116.64,steptest,43.8750,,0.000,0,27.94,32.15
1116.89,steptest,43.8750,,0.000,0,27.94,33.01
1117.14,steptest,43.8750,,0.000,0,27.94,32.37
1117.39,steptest,43.8125,,0.000,0,27.88,33.01
1117.64,steptest,43.8125,,0.000,0,27.88,33.01
1117.89,steptest,43.8125,,0.000,0,27.94,32.15
1118.14,steptest,43.8125,,0.000,0,27.88,32.36
1118.39,steptest,43.7500,,0.000,0,27.88,32.36
1118.64,steptest,43.8750,,0.000,0,28.00,32.37
1118.89,steptest,43.7500,,0.000,0,27.88,32.59
1119.14,steptest,43.7500,,0.000,0,27.94,33.01
1119.39,steptest,43.7500,,0.000,0,27.94,32.79
1119.64,steptest,43.7500,,0.000,0,27.94,32.36
1119.89,steptest,43.6875,,0.000,0,27.88,32.58
1120.14,steptest,43.6875,,0.000,0,27.88,32.79
1120.39,steptest,43.6875,,0.000,0,27.88,32.79
1120.64,steptest,43.7500,,0.000,0,27.94,33.01
# step 60C up 2: duty 0.193, ceiling 80 C, 60 s
1120.89,steptest,43.6875,,0.193,0,27.94,32.15
1121.14,steptest,43.6875,,0.193,0,27.94,33.01
1121.39,steptest,43.6875,,0.193,0,27.94,32.79
1121.64,steptest,43.6875,,0.193,0,27.94,33.01
1121.89,steptest,43.6875,,0.193,0,27.94,33.22
1122.14,steptest,43.6875,,0.193,0,27.94,32.58
1122.39,steptest,43.6875,,0.193,0,27.94,32.36
1122.64,steptest,43.6875,,0.193,0,27.94,32.15
1122.89,steptest,43.6250,,0.193,0,27.88,32.58
1123.14,steptest,43.6875,,0.193,0,27.94,33.43
1123.39,steptest,43.6875,,0.193,0,28.00,33.01
1123.64,steptest,43.6875,,0.193,0,28.00,32.37
1123.89,steptest,43.6250,,0.193,0,27.94,32.79
1124.14,steptest,43.6875,,0.193,0,27.94,32.79
1124.39,steptest,43.6250,,0.193,0,27.94,33.01
1124.64,steptest,43.6250,,0.193,0,27.94,32.15
1124.89,steptest,43.6250,,0.193,0,27.94,32.58
1125.14,steptest,43.6875,,0.193,0,28.00,32.58
1125.39,steptest,43.5625,,0.193,0,27.94,32.79
1125.64,steptest,43.5625,,0.193,0,27.94,32.80
1125.89,steptest,43.5625,,0.193,0,27.94,33.22
1126.14,steptest,43.5625,,0.193,0,27.94,32.58
1126.39,steptest,43.5625,,0.193,0,27.94,33.01
1126.64,steptest,43.6250,,0.193,0,28.00,32.58
1126.89,steptest,43.6250,,0.193,0,28.00,32.58
1127.14,steptest,43.5000,,0.193,0,27.94,32.37
1127.39,steptest,43.4375,,0.193,0,27.88,33.01
1127.64,steptest,43.5000,,0.193,0,27.94,32.79
1127.89,steptest,43.5000,,0.193,0,27.94,33.00
1128.14,steptest,43.5000,,0.193,0,27.94,32.79
1128.39,steptest,43.5000,,0.193,0,27.94,32.79
1128.64,steptest,43.4375,,0.193,0,27.94,32.58
1128.89,steptest,43.4375,,0.193,0,27.94,32.80
1129.14,steptest,43.4375,,0.193,0,27.94,32.80
1129.39,steptest,43.5000,,0.193,0,28.00,32.79
1129.64,steptest,43.4375,,0.193,0,27.94,33.22
1129.89,steptest,43.4375,,0.193,0,27.94,32.58
1130.14,steptest,43.4375,,0.193,0,27.94,33.00
1130.39,steptest,43.4375,,0.193,0,27.94,33.01
1130.64,steptest,43.4375,,0.193,0,27.94,32.15
1130.89,steptest,43.5000,,0.193,0,28.00,33.23
1131.14,steptest,43.5000,,0.193,0,28.00,33.01
1131.39,steptest,43.5000,,0.193,0,28.00,32.36
1131.64,steptest,43.3750,,0.193,0,27.94,33.01
1131.89,steptest,43.4375,,0.193,0,28.00,33.22
1132.14,steptest,43.3750,,0.193,0,27.94,33.01
1132.39,steptest,43.3750,,0.193,0,27.94,32.58
1132.64,steptest,43.3750,,0.193,0,27.94,32.79
1132.89,steptest,43.4375,,0.193,0,28.00,32.79
1133.14,steptest,43.4375,,0.193,0,28.00,32.79
1133.39,steptest,43.4375,,0.193,0,27.94,32.36
1133.64,steptest,43.3125,,0.193,0,27.94,32.79
1133.89,steptest,43.3750,,0.193,0,28.00,33.01
1134.14,steptest,43.3750,,0.193,0,28.00,32.58
1134.39,steptest,43.3125,,0.193,0,27.94,32.80
1134.64,steptest,43.3125,,0.193,0,27.94,33.01
1134.89,steptest,43.3750,,0.193,0,28.00,32.80
1135.14,steptest,43.3750,,0.193,0,28.00,33.01
1135.39,steptest,43.3125,,0.193,0,28.00,33.01
1135.64,steptest,43.3125,,0.193,0,28.00,32.58
1135.89,steptest,43.2500,,0.193,0,27.94,32.58
1136.14,steptest,43.2500,,0.193,0,27.94,33.01
1136.39,steptest,43.3125,,0.193,0,28.00,32.57
1136.64,steptest,43.3125,,0.193,0,27.94,32.79
1136.89,steptest,43.2500,,0.193,0,27.94,32.79
1137.14,steptest,43.2500,,0.193,0,27.94,33.01
1137.39,steptest,43.2500,,0.193,0,27.94,33.01
1137.64,steptest,43.2500,,0.193,0,27.94,32.79
1137.89,steptest,43.2500,,0.193,0,27.94,32.79
1138.14,steptest,43.2500,,0.193,0,28.00,32.37
1138.39,steptest,43.2500,,0.193,0,28.00,32.58
1138.64,steptest,43.2500,,0.193,0,28.00,33.22
1138.89,steptest,43.2500,,0.193,0,28.00,32.80
1139.14,steptest,43.2500,,0.193,0,28.00,32.80
1139.39,steptest,43.2500,,0.193,0,28.00,32.58
1139.64,steptest,43.1875,,0.193,0,28.00,33.01
1139.89,steptest,43.1875,,0.193,0,28.00,33.00
1140.14,steptest,43.1875,,0.193,0,28.00,32.15
1140.39,steptest,43.1250,,0.193,0,27.94,32.58
1140.64,steptest,43.1250,,0.193,0,27.94,32.79
1140.89,steptest,43.1875,,0.193,0,28.00,32.37
1141.14,steptest,43.1875,,0.193,0,28.00,32.79
1141.39,steptest,43.1250,,0.193,0,28.00,33.01
1141.64,steptest,43.1250,,0.193,0,28.00,32.80
1141.89,steptest,43.1250,,0.193,0,28.00,32.58
1142.14,steptest,43.1250,,0.193,0,28.00,32.80
1142.39,steptest,43.1250,,0.193,0,28.00,32.79
1142.64,steptest,43.1250,,0.193,0,28.00,32.37
1142.89,steptest,43.1250,,0.193,0,28.00,32.36
1143.14,steptest,43.1250,,0.193,0,28.00,32.38
1143.39,steptest,43.1250,,0.193,0,28.00,32.58
1143.64,steptest,43.1250,,0.193,0,28.00,32.57
1143.89,steptest,43.0625,,0.193,0,27.94,32.79
1144.14,steptest,43.0625,,0.193,0,27.94,32.79
1144.39,steptest,43.0625,,0.193,0,28.00,33.65
1144.64,steptest,43.0625,,0.193,0,28.00,32.80
1144.89,steptest,43.0000,,0.193,0,27.94,32.58
1145.14,steptest,43.0625,,0.193,0,28.00,32.15
1145.39,steptest,42.9375,,0.193,0,27.94,32.79
1145.64,steptest,42.9375,,0.193,0,27.94,32.79
1145.89,steptest,43.0000,,0.193,0,28.00,32.36
1146.14,steptest,43.0000,,0.193,0,28.00,32.79
1146.39,steptest,43.0000,,0.193,0,28.00,32.79
1146.64,steptest,43.0000,,0.193,0,28.00,32.79
1146.89,steptest,42.9375,,0.193,0,27.94,32.79
1147.14,steptest,43.0000,,0.193,0,28.00,33.01
1147.39,steptest,42.8750,,0.193,0,27.94,32.58
1147.64,steptest,42.8750,,0.193,0,27.94,32.58
1147.89,steptest,42.8750,,0.193,0,27.94,32.15
1148.14,steptest,42.9375,,0.193,0,28.00,32.58
1148.39,steptest,42.8750,,0.193,0,27.94,32.79
1148.64,steptest,42.9375,,0.193,0,28.00,32.58
1148.89,steptest,42.9375,,0.193,0,28.00,32.58
1149.14,steptest,42.9375,,0.193,0,28.00,32.36
1149.39,steptest,42.8750,,0.193,0,27.94,33.00
1149.64,steptest,42.8750,,0.193,0,27.94,32.79
1149.89,steptest,42.8750,,0.193,0,27.94,32.58
1150.14,steptest,42.9375,,0.193,0,28.00,33.44
1150.39,steptest,42.9375,,0.193,0,28.00,32.58
1150.64,steptest,42.8750,,0.193,0,28.00,32.36
1150.89,steptest,42.8750,,0.193,0,27.94,32.58
1151.14,steptest,42.8125,,0.193,0,27.94,32.37
1151.39,steptest,42.8125,,0.193,0,27.94,32.37
1151.64,steptest,42.8750,,0.193,0,28.00,33.00
1151.89,steptest,42.8750,,0.193,0,28.00,33.01
1152.14,steptest,42.8750,,0.193,0,28.00,32.36
1152.39,steptest,42.7500,,0.193,0,27.94,32.79
1152.64,steptest,42.7500,,0.193,0,27.94,32.79
1152.89,steptest,42.8125,,0.193,0,28.00,32.15
1153.14,steptest,42.8125,,0.193,0,28.00,32.36
1153.39,steptest,42.8125,,0.193,0,28.00,33.01
1153.64,steptest,42.8125,,0.193,0,28.00,32.80
1153.89,steptest,42.7500,,0.193,0,27.94,32.79
1154.14,steptest,42.7500,,0.193,0,28.00,32.58
1154.39,steptest,42.7500,,0.193,0,28.00,33.01
1154.64,steptest,42.7500,,0.193,0,28.00,33.01
1154.89,steptest,42.7500,,0.193,0,28.00,33.23
1155.14,steptest,42.7500,,0.193,0,28.00,32.15
1155.39,steptest,42.7500,,0.193,0,28.00,32.15
1155.64,steptest,42.6875,,0.193,0,27.94,32.58
1155.89,steptest,42.7500,,0.193,0,28.00,33.01
1156.14,steptest,42.7500,,0.193,0,28.00,32.58
1156.39,steptest,42.7500,,0.193,0,27.94,32.58
1156.64,steptest,42.6875,,0.193,0,27.94,32.58
1156.89,steptest,42.6875,,0.193,0,27.94,32.58
1157.14,steptest,42.7500,,0.193,0,28.00,32.58
1157.39,steptest,42.6875,,0.193,0,28.00,33.22
1157.64,steptest,42.6875,,0.193,0,28.00,33.22
1157.89,steptest,42.6875,,0.193,0,28.00,32.79
1158.14,steptest,42.6875,,0.193,0,28.00,32.58
1158.39,steptest,42.6875,,0.193,0,28.00,32.58
1158.64,steptest,42.6875,,0.193,0,28.00,33.01
1158.89,steptest,42.6250,,0.193,0,28.00,33.01
1159.14,steptest,42.6250,,0.193,0,28.00,32.79
1159.39,steptest,42.6250,,0.193,0,28.00,32.36
1159.64,steptest,42.6250,,0.193,0,28.00,32.79
1159.89,steptest,42.6250,,0.193,0,28.00,33.00
1160.14,steptest,42.6250,,0.193,0,28.00,32.79
1160.39,steptest,42.6250,,0.193,0,28.06,33.01
1160.64,steptest,42.5625,,0.193,0,28.00,32.36
1160.89,steptest,42.5625,,0.193,0,28.00,32.58
1161.14,steptest,42.5625,,0.193,0,28.00,32.59
1161.39,steptest,42.5625,,0.193,0,28.00,32.58
1161.64,steptest,42.5625,,0.193,0,28.00,32.79
1161.89,steptest,42.5625,,0.193,0,28.06,32.79
1162.14,steptest,42.6250,,0.193,0,28.06,33.01
1162.39,steptest,42.5000,,0.193,0,28.00,32.59
1162.64,steptest,42.5000,,0.193,0,28.00,33.01
1162.89,steptest,42.5000,,0.193,0,28.00,32.80
1163.14,steptest,42.5000,,0.193,0,28.00,32.58
1163.39,steptest,42.5000,,0.193,0,28.00,32.79
1163.64,steptest,42.5000,,0.193,0,28.00,32.79
1163.89,steptest,42.5625,,0.193,0,28.06,32.37
1164.14,steptest,42.5625,,0.193,0,28.06,32.79
1164.39,steptest,42.5000,,0.193,0,28.00,32.15
1164.64,steptest,42.5000,,0.193,0,28.00,32.36
1164.89,steptest,42.5000,,0.193,0,28.00,33.22
1165.14,steptest,42.5000,,0.193,0,28.00,33.00
1165.39,steptest,42.5000,,0.193,0,28.00,32.79
1165.64,steptest,42.4375,,0.193,0,28.00,32.58
1165.89,steptest,42.4375,,0.193,0,28.00,33.22
1166.14,steptest,42.4375,,0.193,0,28.00,33.01
1166.39,steptest,42.4375,,0.193,0,28.00,32.36
1166.64,steptest,42.4375,,0.193,0,28.00,32.37
1166.89,steptest,42.5000,,0.193,0,28.06,32.58
1167.14,steptest,42.3750,,0.193,0,28.00,32.37
1167.39,steptest,42.3750,,0.193,0,28.00,32.15
1167.64,steptest,42.3750,,0.193,0,28.00,32.36
1167.89,steptest,42.3750,,0.193,0,28.00,32.58
1168.14,steptest,42.3750,,0.193,0,28.00,33.22
1168.39,steptest,42.3750,,0.193,0,28.00,33.01
1168.64,steptest,42.3750,,0.193,0,28.00,33.01
1168.89,steptest,42.3125,,0.193,0,28.00,32.37
1169.14,steptest,42.3125,,0.193,0,28.00,32.58
1169.39,steptest,42.3125,,0.193,0,28.00,32.79
1169.64,steptest,42.3125,,0.193,0,28.00,32.15
1169.89,steptest,42.3750,,0.193,0,28.06,33.01
1170.14,steptest,42.3125,,0.193,0,28.00,32.79
1170.39,steptest,42.3125,,0.193,0,28.00,32.79
1170.64,steptest,42.3125,,0.193,0,28.06,32.58
1170.89,steptest,42.3750,,0.193,0,28.06,32.58
1171.14,steptest,42.3125,,0.193,0,28.00,33.01
1171.39,steptest,42.3750,,0.193,0,28.06,32.57
1171.64,steptest,42.3125,,0.193,0,28.06,32.79
1171.89,steptest,42.3125,,0.193,0,28.06,32.37
1172.14,steptest,42.3750,,0.193,0,28.06,32.79
1172.39,steptest,42.2500,,0.193,0,28.00,33.01
1172.64,steptest,42.3125,,0.193,0,28.06,32.79
1172.89,steptest,42.3125,,0.193,0,28.06,32.37
1173.14,steptest,42.2500,,0.193,0,28.00,31.94
1173.39,steptest,42.2500,,0.193,0,28.00,32.58
1173.64,steptest,42.2500,,0.193,0,28.06,33.00
1173.89,steptest,42.2500,,0.193,0,28.06,33.01
1174.14,steptest,42.2500,,0.193,0,28.06,32.15
1174.39,steptest,42.2500,,0.193,0,28.06,32.58
1174.64,steptest,42.1875,,0.193,0,28.00,32.58
1174.89,steptest,42.1875,,0.193,0,28.00,32.58
1175.14,steptest,42.1875,,0.193,0,28.00,32.79
1175.39,steptest,42.1250,,0.193,0,28.00,32.36
1175.64,steptest,42.1250,,0.193,0,28.00,32.15
1175.89,steptest,42.1250,,0.193,0,28.00,32.58
1176.14,steptest,42.1250,,0.193,0,28.00,32.58
1176.39,steptest,42.1250,,0.193,0,28.00,32.79
1176.64,steptest,42.1250,,0.193,0,28.00,32.15
1176.89,steptest,42.1250,,0.193,0,28.00,32.79
1177.14,steptest,42.1250,,0.193,0,28.00,32.80
1177.39,steptest,42.1250,,0.193,0,28.00,33.01
1177.64,steptest,42.1875,,0.193,0,28.06,33.00
1177.89,steptest,42.1250,,0.193,0,28.00,32.58
1178.14,steptest,42.1250,,0.193,0,28.00,32.80
1178.39,steptest,42.1250,,0.193,0,28.00,32.58
1178.64,steptest,42.0625,,0.193,0,28.00,33.22
1178.89,steptest,42.0625,,0.193,0,28.00,32.36
1179.14,steptest,42.0625,,0.193,0,28.00,32.58
1179.39,steptest,42.0625,,0.193,0,28.00,33.01
1179.64,steptest,42.0625,,0.193,0,28.00,32.79
1179.89,steptest,42.0000,,0.193,0,28.00,32.57
1180.14,steptest,42.0625,,0.193,0,28.00,32.36
1180.39,steptest,42.0625,,0.193,0,28.00,32.58
1180.64,steptest,42.0625,,0.193,0,28.00,31.72
# step 60C down 2: duty 0.000, ceiling 80 C, 60 s
1180.89,steptest,42.0625,,0.000,0,28.00,32.37
1181.14,steptest,42.0000,,0.000,0,28.00,33.01
1181.39,steptest,42.0625,,0.000,0,28.06,33.22
1181.64,steptest,42.0625,,0.000,0,28.06,33.01
1181.89,steptest,42.0000,,0.000,0,28.00,33.01
1182.14,steptest,41.8750,,0.000,0,27.94,32.15
1182.39,steptest,41.9375,,0.000,0,28.00,32.58
1182.64,steptest,41.9375,,0.000,0,28.06,32.58
1182.89,steptest,42.0000,,0.000,0,28.06,32.37
1183.14,steptest,41.9375,,0.000,0,28.00,33.01
1183.39,steptest,41.9375,,0.000,0,28.00,32.58
1183.64,steptest,41.9375,,0.000,0,28.00,32.58
1183.89,steptest,41.9375,,0.000,0,28.00,32.58
1184.14,steptest,41.9375,,0.000,0,28.00,33.01
1184.39,steptest,41.9375,,0.000,0,28.00,32.79
1184.64,steptest,41.9375,,0.000,0,28.00,32.58
1184.89,steptest,41.9375,,0.000,0,28.00,32.58
1185.14,steptest,41.8750,,0.000,0,28.00,32.79
1185.39,steptest,41.8750,,0.000,0,28.00,32.79
1185.64,steptest,41.8750,,0.000,0,28.00,32.58
1185.89,steptest,41.8750,,0.000,0,28.00,32.37
1186.14,steptest,41.8750,,0.000,0,28.00,33.01
1186.39,steptest,41.8750,,0.000,0,28.00,32.37
1186.64,steptest,41.8750,,0.000,0,28.00,32.16
1186.89,steptest,41.8125,,0.000,0,28.00,32.79
1187.14,steptest,41.8125,,0.000,0,28.00,32.37
1187.39,steptest,41.8750,,0.000,0,28.06,32.15
1187.64,steptest,41.8125,,0.000,0,28.00,32.15
1187.89,steptest,41.8125,,0.000,0,28.00,33.01
1188.14,steptest,41.8125,,0.000,0,28.00,33.01
1188.39,steptest,41.8125,,0.000,0,28.00,32.37
1188.64,steptest,41.8125,,0.000,0,28.00,33.22
1188.89,steptest,41.7500,,0.000,0,28.00,33.01
1189.14,steptest,41.7500,,0.000,0,28.00,32.80
1189.39,steptest,41.7500,,0.000,0,28.00,32.79
1189.64,steptest,41.7500,,0.000,0,28.00,33.01
1189.89,steptest,41.7500,,0.000,0,28.00,32.79
1190.14,steptest,41.7500,,0.000,0,28.00,32.15
1190.39,steptest,41.7500,,0.000,0,28.00,32.80
1190.64,steptest,41.6875,,0.000,0,28.00,32.58
1190.89,steptest,41.7500,,0.000,0,28.06,32.58
1191.14,steptest,41.6875,,0.000,0,28.00,32.58
1191.39,steptest,41.6875,,0.000,0,28.00,32.58
1191.64,steptest,41.6875,,0.000,0,28.00,32.37
1191.89,steptest,41.6875,,0.000,0,28.00,32.57
1192.14,steptest,41.6875,,0.000,0,28.00,33.22
1192.39,steptest,41.7500,,0.000,0,28.06,32.58
1192.64,steptest,41.7500,,0.000,0,28.06,32.37
1192.89,steptest,41.7500,,0.000,0,28.06,32.37
1193.14,steptest,41.7500,,0.000,0,28.06,32.36
1193.39,steptest,41.6875,,0.000,0,28.00,32.58
1193.64,steptest,41.6875,,0.000,0,28.06,32.79
1193.89,steptest,41.7500,,0.000,0,28.06,32.58
1194.14,steptest,41.6250,,0.000,0,28.00,32.15
1194.39,steptest,41.6250,,0.000,0,28.00,32.36
1194.64,steptest,41.6250,,0.000,0,28.00,32.59
1194.89,steptest,41.6250,,0.000,0,28.00,33.01
1195.14,steptest,41.6875,,0.000,0,28.06,33.66
1195.39,steptest,41.6250,,0.000,0,28.00,32.79
1195.64,steptest,41.6875,,0.000,0,28.06,32.79
1195.89,steptest,41.6875,,0.000,0,28.06,33.01
1196.14,steptest,41.6250,,0.000,0,28.06,32.80
1196.39,steptest,41.6250,,0.000,0,28.06,32.58
1196.64,steptest,41.6250,,0.000,0,28.06,33.01
1196.89,steptest,41.6250,,0.000,0,28.06,32.15
1197.14,steptest,41.6250,,0.000,0,28.06,32.36
1197.39,steptest,41.5625,,0.000,0,28.06,32.15
1197.64,steptest,41.5625,,0.000,0,28.06,32.58
1197.89,steptest,41.5625,,0.000,0,28.06,33.01
1198.14,steptest,41.5625,,0.000,0,28.06,32.79
1198.39,steptest,41.5625,,0.000,0,28.06,32.58
1198.64,steptest,41.5625,,0.000,0,28.06,32.58
1198.89,steptest,41.5625,,0.000,0,28.06,33.01
1199.14,steptest,41.5625,,0.000,0,28.06,32.37
1199.39,steptest,41.5625,,0.000,0,28.06,32.58
1199.64,steptest,41.5000,,0.000,0,28.00,33.01
1199.89,steptest,41.5625,,0.000,0,28.06,32.80
1200.14,steptest,41.5625,,0.000,0,28.06,32.79
1200.39,steptest,41.5625,,0.000,0,28.06,32.79
1200.64,steptest,41.5625,,0.000,0,28.06,33.01
1200.89,steptest,41.4375,,0.000,0,28.00,32.38
1201.14,steptest,41.5625,,0.000,0,28.06,31.94
1201.39,steptest,41.5625,,0.000,0,28.06,32.80
1201.64,steptest,41.4375,,0.000,0,28.00,32.79
1201.89,steptest,41.5000,,0.000,0,28.06,32.58
1202.14,steptest,41.4375,,0.000,0,28.06,32.58
1202.39,steptest,41.4375,,0.000,0,28.06,32.58
1202.64,steptest,41.4375,,0.000,0,28.06,32.37
1202.89,steptest,41.4375,,0.000,0,28.06,32.58
1203.14,steptest,41.4375,,0.000,0,28.06,32.15
1203.39,steptest,41.4375,,0.000,0,28.06,32.80
1203.64,steptest,41.4375,,0.000,0,28.06,32.80
1203.89,steptest,41.4375,,0.000,0,28.06,32.37
1204.14,steptest,41.4375,,0.000,0,28.06,32.37
1204.39,steptest,41.3125,,0.000,0,28.00,32.37
1204.64,steptest,41.3125,,0.000,0,28.00,32.80
1204.89,steptest,41.3750,,0.000,0,28.06,32.58
1205.14,steptest,41.3750,,0.000,0,28.06,32.79
1205.39,steptest,41.3750,,0.000,0,28.06,32.58
1205.64,steptest,41.3750,,0.000,0,28.06,32.58
1205.89,steptest,41.3750,,0.000,0,28.06,33.00
1206.14,steptest,41.3750,,0.000,0,28.06,32.36
1206.39,steptest,41.3750,,0.000,0,28.06,32.79
1206.64,steptest,41.3125,,0.000,0,28.00,33.22
1206.89,steptest,41.3125,,0.000,0,28.00,32.79
1207.14,steptest,41.3125,,0.000,0,28.00,32.79
1207.39,steptest,41.3750,,0.000,0,28.06,32.36
1207.64,steptest,41.3125,,0.000,0,28.06,32.80
1207.89,steptest,41.3125,,0.000,0,28.06,32.15
1208.14,steptest,41.2500,,0.000,0,28.00,32.36
1208.39,steptest,41.3125,,0.000,0,28.06,33.01
1208.64,steptest,41.2500,,0.000,0,28.00,33.23
1208.89,steptest,41.2500,,0.000,0,28.00,33.00
1209.14,steptest,41.1875,,0.000,0,28.00,32.79
1209.39,steptest,41.2500,,0.000,0,28.00,32.58
1209.64,steptest,41.3125,,0.000,0,28.06,32.80
1209.89,steptest,41.1875,,0.000,0,28.00,33.01
1210.14,steptest,41.1875,,0.000,0,28.00,32.57
1210.39,steptest,41.1875,,0.000,0,28.00,33.01
1210.64,steptest,41.1875,,0.000,0,28.00,32.80
1210.89,steptest,41.1875,,0.000,0,28.00,33.01
1211.14,steptest,41.1875,,0.000,0,28.00,32.58
1211.39,steptest,41.2500,,0.000,0,28.06,32.80
1211.64,steptest,41.1250,,0.000,0,28.00,32.58
1211.89,steptest,41.1250,,0.000,0,28.00,32.37
1212.14,steptest,41.1250,,0.000,0,28.00,32.58
1212.39,steptest,41.1250,,0.000,0,28.00,32.58
1212.64,steptest,41.1250,,0.000,0,28.00,33.01
1212.89,steptest,41.1250,,0.000,0,28.00,32.80
1213.14,steptest,41.1875,,0.000,0,28.06,32.16
1213.39,steptest,41.1875,,0.000,0,28.06,32.79
1213.64,steptest,41.1250,,0.000,0,28.00,32.79
1213.89,steptest,41.1875,,0.000,0,28.06,32.37
1214.14,steptest,41.1250,,0.000,0,28.00,32.80
1214.39,steptest,41.1250,,0.000,0,28.00,33.23
1214.64,steptest,41.1250,,0.000,0,28.00,32.37
1214.89,steptest,41.1250,,0.000,0,28.00,32.15
1215.14,steptest,41.0625,,0.000,0,28.00,33.01
1215.39,steptest,41.0625,,0.000,0,28.00,32.79
1215.64,steptest,41.0625,,0.000,0,28.00,33.01
1215.89,steptest,41.1250,,0.000,0,28.06,32.58
1216.14,steptest,41.0625,,0.000,0,28.00,32.79
1216.39,steptest,41.0625,,0.000,0,28.00,32.79
1216.64,steptest,41.0625,,0.000,0,28.00,32.37
1216.89,steptest,41.0000,,0.000,0,28.00,32.58
1217.14,steptest,41.0625,,0.000,0,28.06,32.58
1217.39,steptest,41.0000,,0.000,0,28.00,32.37
1217.64,steptest,41.0000,,0.000,0,28.06,32.58
1217.89,steptest,41.0625,,0.000,0,28.06,32.36
1218.14,steptest,41.0625,,0.000,0,28.06,32.58
1218.39,steptest,41.0000,,0.000,0,28.00,33.02
1218.64,steptest,41.0625,,0.000,0,28.13,32.58
1218.89,steptest,41.0625,,0.000,0,28.13,32.58
1219.14,steptest,40.9375,,0.000,0,28.00,32.36
1219.39,steptest,40.9375,,0.000,0,28.00,32.80
1219.64,steptest,41.0000,,0.000,0,28.06,32.79
1219.89,steptest,41.0000,,0.000,0,28.06,32.15
1220.14,steptest,41.0000,,0.000,0,28.06,32.58
1220.39,steptest,40.9375,,0.000,0,28.00,32.79
1220.64,steptest,40.9375,,0.000,0,28.00,32.37
1220.89,steptest,40.9375,,0.000,0,28.06,32.80
1221.14,steptest,40.9375,,0.000,0,28.06,32.37
1221.39,steptest,40.9375,,0.000,0,28.06,32.58
1221.64,steptest,40.9375,,0.000,0,28.06,33.01
1221.89,steptest,40.9375,,0.000,0,28.06,32.15
1222.14,steptest,40.9375,,0.000,0,28.06,33.01
1222.39,steptest,40.9375,,0.000,0,28.06,33.01
1222.64,steptest,40.9375,,0.000,0,28.06,32.37
1222.89,steptest,40.9375,,0.000,0,28.06,32.58
1223.14,steptest,40.9375,,0.000,0,28.06,32.58
1223.39,steptest,40.9375,,0.000,0,28.06,32.58
1223.64,steptest,40.9375,,0.000,0,28.06,32.36
1223.89,steptest,40.9375,,0.000,0,28.06,32.80
1224.14,steptest,40.8750,,0.000,0,28.06,33.22
1224.39,steptest,40.8750,,0.000,0,28.06,32.58
1224.64,steptest,40.8750,,0.000,0,28.06,32.58
1224.89,steptest,40.8750,,0.000,0,28.06,32.80
1225.14,steptest,40.8750,,0.000,0,28.06,32.58
1225.39,steptest,40.8750,,0.000,0,28.06,32.59
1225.64,steptest,40.8750,,0.000,0,28.06,32.57
1225.89,steptest,40.8750,,0.000,0,28.06,32.58
1226.14,steptest,40.8125,,0.000,0,28.06,32.79
1226.39,steptest,40.8125,,0.000,0,28.06,32.37
1226.64,steptest,40.8125,,0.000,0,28.06,32.80
1226.89,steptest,40.8125,,0.000,0,28.06,32.80
1227.14,steptest,40.8125,,0.000,0,28.06,32.15
1227.39,steptest,40.8125,,0.000,0,28.06,32.79
1227.64,steptest,40.8125,,0.000,0,28.06,32.80
1227.89,steptest,40.8125,,0.000,0,28.06,32.79
1228.14,steptest,40.8125,,0.000,0,28.13,32.79
1228.39,steptest,40.7500,,0.000,0,28.06,32.79
1228.64,steptest,40.7500,,0.000,0,28.06,32.79
1228.89,steptest,40.7500,,0.000,0,28.06,32.37
1229.14,steptest,40.7500,,0.000,0,28.06,32.58
1229.39,steptest,40.7500,,0.000,0,28.06,33.01
1229.64,steptest,40.7500,,0.000,0,28.06,32.79
1229.89,steptest,40.7500,,0.000,0,28.06,32.37
1230.14,steptest,40.7500,,0.000,0,28.06,33.01
1230.39,steptest,40.7500,,0.000,0,28.06,32.58
1230.64,steptest,40.7500,,0.000,0,28.06,33.00
1230.89,steptest,40.7500,,0.000,0,28.06,32.36
1231.14,steptest,40.6875,,0.000,0,28.06,32.58
1231.39,steptest,40.6875,,0.000,0,28.06,32.79
1231.64,steptest,40.6875,,0.000,0,28.06,33.01
1231.89,steptest,40.6875,,0.000,0,28.06,32.15
1232.14,steptest,40.6875,,0.000,0,28.06,32.58
1232.39,steptest,40.6875,,0.000,0,28.06,32.58
1232.64,steptest,40.6875,,0.000,0,28.06,33.22
1232.89,steptest,40.6250,,0.000,0,28.06,32.15
1233.14,steptest,40.6250,,0.000,0,28.06,32.58
1233.39,steptest,40.6875,,0.000,0,28.06,32.58
1233.64,steptest,40.6250,,0.000,0,28.06,32.79
1233.89,steptest,40.5625,,0.000,0,28.00,33.87
1234.14,steptest,40.5625,,0.000,0,28.06,33.22
1234.39,steptest,40.6250,,0.000,0,28.06,32.37
1234.64,steptest,40.6250,,0.000,0,28.06,31.94
1234.89,steptest,40.6250,,0.000,0,28.06,32.58
1235.14,steptest,40.5000,,0.000,0,28.00,31.95
1235.39,steptest,40.5000,,0.000,0,28.00,32.37
1235.64,steptest,40.5625,,0.000,0,28.06,33.22
1235.89,steptest,40.5625,,0.000,0,28.06,33.01
1236.14,steptest,40.5625,,0.000,0,28.06,32.79
1236.39,steptest,40.5625,,0.000,0,28.06,32.80
1236.64,steptest,40.5625,,0.000,0,28.06,32.15
1236.89,steptest,40.5625,,0.000,0,28.06,32.37
1237.14,steptest,40.5000,,0.000,0,28.00,33.22
1237.39,steptest,40.5000,,0.000,0,28.06,32.58
1237.64,steptest,40.5625,,0.000,0,28.06,33.01
1237.89,steptest,40.5625,,0.000,0,28.06,32.79
1238.14,steptest,40.5625,,0.000,0,28.06,32.80
1238.39,steptest,40.5000,,0.000,0,28.00,32.79
1238.64,steptest,40.5000,,0.000,0,28.00,33.01
1238.89,steptest,40.5000,,0.000,0,28.06,32.37
1239.14,steptest,40.5000,,0.000,0,28.00,32.58
1239.39,steptest,40.5000,,0.000,0,28.06,32.36
1239.64,steptest,40.5000,,0.000,0,28.06,32.58
1239.89,steptest,40.5000,,0.000,0,28.06,31.94
1240.14,steptest,40.5000,,0.000,0,28.06,32.58
1240.39,steptest,40.5000,,0.000,0,28.06,32.37
1240.64,steptest,40.4375,,0.000,0,28.06,32.37
# step 60C up 3: duty 0.193, ceiling 80 C, 60 s
1240.89,steptest,40.4375,,0.193,0,28.06,32.79
1241.30,steptest,40.3750,,0.193,0,28.00,32.37
1241.55,steptest,40.3750,,0.193,0,28.00,32.79
1241.80,steptest,40.3750,,0.193,0,28.00,33.01
1242.05,steptest,40.4375,,0.193,0,28.06,32.58
1242.30,steptest,40.4375,,0.193,0,28.06,32.58
1242.55,steptest,40.4375,,0.193,0,28.06,32.80
1242.80,steptest,40.3125,,0.193,0,28.00,32.58
1243.05,steptest,40.3125,,0.193,0,28.00,32.59
1243.30,steptest,40.3125,,0.193,0,28.00,32.36
1243.55,steptest,40.3125,,0.193,0,28.06,32.58
1243.80,steptest,40.3750,,0.193,0,28.06,33.01
1244.05,steptest,40.3125,,0.193,0,28.00,32.59
1244.30,steptest,40.3750,,0.193,0,28.06,32.15
1244.55,steptest,40.3750,,0.193,0,28.06,32.79
1244.80,steptest,40.3750,,0.193,0,28.06,32.58
1245.05,steptest,40.3750,,0.193,0,28.06,32.80
1245.30,steptest,40.3750,,0.193,0,28.06,32.58
1245.55,steptest,40.3750,,0.193,0,28.06,33.22
1245.80,steptest,40.3750,,0.193,0,28.00,33.23
1246.05,steptest,40.3125,,0.193,0,28.00,32.37
1246.30,steptest,40.3750,,0.193,0,28.06,32.58
1246.55,steptest,40.3750,,0.193,0,28.06,32.58
1246.80,steptest,40.3750,,0.193,0,28.06,32.36
1247.05,steptest,40.3125,,0.193,0,28.06,32.58
1247.30,steptest,40.3125,,0.193,0,28.06,32.80
1247.55,steptest,40.2500,,0.193,0,28.00,32.58
1247.80,steptest,40.3125,,0.193,0,28.06,32.36
1248.05,steptest,40.3125,,0.193,0,28.06,32.58
1248.30,steptest,40.3125,,0.193,0,28.06,33.01
1248.55,steptest,40.2500,,0.193,0,28.06,32.37
1248.80,steptest,40.2500,,0.193,0,28.06,32.37
1249.05,steptest,40.2500,,0.193,0,28.06,32.58
1249.30,steptest,40.2500,,0.193,0,28.06,32.37
1249.55,steptest,40.2500,,0.193,0,28.06,32.15
1249.80,steptest,40.2500,,0.193,0,28.06,32.15
1250.05,steptest,40.2500,,0.193,0,28.06,32.37
1250.30,steptest,40.2500,,0.193,0,28.06,33.01
1250.55,steptest,40.2500,,0.193,0,28.06,33.01
1250.80,steptest,40.1875,,0.193,0,28.06,32.79
1251.05,steptest,40.1875,,0.193,0,28.06,32.36
1251.30,steptest,40.1875,,0.193,0,28.06,32.58
1251.55,steptest,40.1875,,0.193,0,28.06,32.79
1251.80,steptest,40.1875,,0.193,0,28.06,31.94
1252.05,steptest,40.1875,,0.193,0,28.06,31.94
1252.30,steptest,40.1875,,0.193,0,28.06,32.80
1252.55,steptest,40.1875,,0.193,0,28.06,32.37
1252.80,steptest,40.1875,,0.193,0,28.06,32.15
1253.05,steptest,40.1875,,0.193,0,28.06,32.58
1253.30,steptest,40.1875,,0.193,0,28.06,32.15
1253.55,steptest,40.1875,,0.193,0,28.06,32.36
1253.80,steptest,40.1875,,0.193,0,28.06,32.58
1254.05,steptest,40.1875,,0.193,0,28.06,32.37
1254.30,steptest,40.1250,,0.193,0,28.06,33.00
1254.55,steptest,40.1250,,0.193,0,28.06,32.79
1254.80,steptest,40.1250,,0.193,0,28.06,32.80
1255.05,steptest,40.1250,,0.193,0,28.06,33.22
1255.30,steptest,40.1250,,0.193,0,28.06,32.37
1255.55,steptest,40.1250,,0.193,0,28.06,32.79
1255.80,steptest,40.1250,,0.193,0,28.06,32.36
1256.05,steptest,40.0625,,0.193,0,28.06,32.37
1256.30,steptest,40.0625,,0.193,0,28.06,33.01
1256.55,steptest,40.0625,,0.193,0,28.06,33.01
1256.80,steptest,40.0625,,0.193,0,28.06,32.16
1257.05,steptest,40.0625,,0.193,0,28.06,33.22
1257.30,steptest,40.0625,,0.193,0,28.06,31.94
1257.55,steptest,40.0625,,0.193,0,28.06,32.37
1257.80,steptest,40.0625,,0.193,0,28.06,32.37
1258.05,steptest,40.0000,,0.193,0,28.06,33.01
1258.30,steptest,39.9375,,0.193,0,28.00,32.58
1258.55,steptest,40.0000,,0.193,0,28.06,32.79
1258.80,steptest,40.0000,,0.193,0,28.06,32.37
1259.05,steptest,40.0000,,0.193,0,28.06,33.01
1259.30,steptest,40.0000,,0.193,0,28.06,32.36
1259.55,steptest,39.9375,,0.193,0,28.06,32.79
1259.80,steptest,39.9375,,0.193,0,28.13,33.01
1260.05,steptest,40.0625,,0.193,0,28.13,32.79
1260.30,steptest,40.0000,,0.193,0,28.06,32.79
1260.55,steptest,39.9375,,0.193,0,28.06,32.37
1260.80,steptest,39.8750,,0.193,0,28.00,32.80
1261.05,steptest,39.8750,,0.193,0,28.00,32.58
1261.30,steptest,39.9375,,0.193,0,28.06,32.80
1261.55,steptest,39.9375,,0.193,0,28.06,33.01
1261.80,steptest,39.8750,,0.193,0,28.00,32.58
1262.05,steptest,39.8750,,0.193,0,28.00,32.79
1262.30,steptest,39.9375,,0.193,0,28.06,32.37
1262.55,steptest,39.9375,,0.193,0,28.06,33.44
1262.80,steptest,39.9375,,0.193,0,28.06,32.79
1263.05,steptest,39.9375,,0.193,0,28.06,32.15
1263.30,steptest,39.9375,,0.193,0,28.06,32.58
1263.55,steptest,39.9375,,0.193,0,28.06,32.79
1263.80,steptest,40.0000,,0.193,0,28.13,32.37
1264.05,steptest,39.8750,,0.193,0,28.06,33.01
1264.30,steptest,39.8750,,0.193,0,28.06,33.22
1264.55,steptest,39.8750,,0.193,0,28.06,33.01
1264.80,steptest,39.8750,,0.193,0,28.06,32.57
1265.05,steptest,39.8750,,0.193,0,28.06,32.79
1265.30,steptest,39.8750,,0.193,0,28.06,32.79
1265.55,steptest,39.8750,,0.193,0,28.06,32.79
1265.80,steptest,39.8750,,0.193,0,28.06,32.57
1266.05,steptest,39.8750,,0.193,0,28.06,32.37
1266.30,steptest,39.8750,,0.193,0,28.06,31.94
1266.55,steptest,39.8125,,0.193,0,28.06,32.37
1266.80,steptest,39.8125,,0.193,0,28.06,32.58
1267.05,steptest,39.8125,,0.193,0,28.06,32.58
1267.30,steptest,39.8125,,0.193,0,28.06,32.37
1267.55,steptest,39.8125,,0.193,0,28.06,32.80
1267.80,steptest,39.8125,,0.193,0,28.06,33.01
1268.05,steptest,39.7500,,0.193,0,28.06,32.36
1268.30,steptest,39.7500,,0.193,0,28.06,32.37
1268.55,steptest,39.7500,,0.193,0,28.06,32.80
1268.80,steptest,39.7500,,0.193,0,28.06,31.94
1269.05,steptest,39.7500,,0.193,0,28.06,32.15
1269.30,steptest,39.7500,,0.193,0,28.06,32.58
1269.55,steptest,39.7500,,0.193,0,28.06,32.58
1269.80,steptest,39.7500,,0.193,0,28.06,33.00
1270.05,steptest,39.7500,,0.193,0,28.06,32.80
1270.30,steptest,39.7500,,0.193,0,28.06,32.37
1270.55,steptest,39.7500,,0.193,0,28.06,32.79
1270.80,steptest,39.7500,,0.193,0,28.06,32.80
1271.05,steptest,39.7500,,0.193,0,28.06,32.15
1271.30,steptest,39.7500,,0.193,0,28.06,32.36
1271.55,steptest,39.7500,,0.193,0,28.06,32.79
1271.80,steptest,39.7500,,0.193,0,28.06,33.01
1272.05,steptest,39.7500,,0.193,0,28.06,32.16
1272.30,steptest,39.6875,,0.193,0,28.06,32.58
1272.55,steptest,39.6875,,0.193,0,28.06,33.01
1272.80,steptest,39.6875,,0.193,0,28.06,32.79
1273.05,steptest,39.6875,,0.193,0,28.06,33.23
1273.30,steptest,39.6875,,0.193,0,28.06,32.36
1273.55,steptest,39.6875,,0.193,0,28.06,33.01
1273.80,steptest,39.6250,,0.193,0,28.00,32.80
1274.05,steptest,39.6250,,0.193,0,28.06,32.80
1274.30,steptest,39.6250,,0.193,0,28.06,32.36
1274.55,steptest,39.6250,,0.193,0,28.06,32.58
1274.80,steptest,39.6250,,0.193,0,28.06,33.44
1275.05,steptest,39.6250,,0.193,0,28.06,32.37
1275.30,steptest,39.6250,,0.193,0,28.06,32.36
1275.55,steptest,39.6250,,0.193,0,28.06,32.79
1275.80,steptest,39.6250,,0.193,0,28.06,32.79
1276.05,steptest,39.5625,,0.193,0,28.06,32.15
1276.30,steptest,39.5625,,0.193,0,28.06,32.79
1276.55,steptest,39.5625,,0.193,0,28.06,32.79
1276.80,steptest,39.5625,,0.193,0,28.06,32.58
1277.05,steptest,39.5625,,0.193,0,28.06,32.37
1277.30,steptest,39.5625,,0.193,0,28.06,32.58
1277.55,steptest,39.5625,,0.193,0,28.06,32.36
1277.80,steptest,39.5000,,0.193,0,28.00,32.58
1278.05,steptest,39.5000,,0.193,0,28.00,32.15
1278.30,steptest,39.5625,,0.193,0,28.06,32.58
1278.55,steptest,39.5625,,0.193,0,28.06,32.58
1278.80,steptest,39.5625,,0.193,0,28.06,32.58
1279.05,steptest,39.5625,,0.193,0,28.06,33.01
1279.30,steptest,39.5625,,0.193,0,28.06,32.58
1279.55,steptest,39.5625,,0.193,0,28.06,32.79
1279.80,steptest,39.5625,,0.193,0,28.06,32.58
1280.05,steptest,39.5625,,0.193,0,28.06,32.79
1280.30,steptest,39.5625,,0.193,0,28.06,32.79
1280.55,steptest,39.5625,,0.193,0,28.00,32.79
1280.80,steptest,39.4375,,0.193,0,28.00,32.16
1281.05,steptest,39.5000,,0.193,0,28.06,32.36
1281.30,steptest,39.5000,,0.193,0,28.06,33.22
1281.55,steptest,39.5000,,0.193,0,28.06,32.15
1281.80,steptest,39.5000,,0.193,0,28.06,32.58
1282.05,steptest,39.4375,,0.193,0,28.00,32.58
1282.30,steptest,39.5000,,0.193,0,28.06,32.58
1282.55,steptest,39.5000,,0.193,0,28.13,32.37
1282.80,steptest,39.5000,,0.193,0,28.13,32.58
1283.05,steptest,39.4375,,0.193,0,28.06,32.36
1283.30,steptest,39.4375,,0.193,0,28.06,32.58
1283.55,steptest,39.4375,,0.193,0,28.06,32.15
1283.80,steptest,39.4375,,0.193,0,28.06,33.01
1284.05,steptest,39.4375,,0.193,0,28.06,32.80
1284.30,steptest,39.3750,,0.193,0,28.06,32.15
1284.55,steptest,39.3750,,0.193,0,28.06,32.37
1284.80,steptest,39.3750,,0.193,0,28.06,32.58
1285.05,steptest,39.3750,,0.193,0,28.06,32.58
1285.30,steptest,39.3750,,0.193,0,28.06,32.37
1285.55,steptest,39.3750,,0.193,0,28.06,32.79
1285.80,steptest,39.3750,,0.193,0,28.06,32.79
1286.05,steptest,39.3750,,0.193,0,28.06,32.80
1286.30,steptest,39.3750,,0.193,0,28.06,32.37
1286.55,steptest,39.3125,,0.193,0,28.00,32.16
1286.80,steptest,39.3750,,0.193,0,28.06,32.58
1287.05,steptest,39.3750,,0.193,0,28.06,32.37
1287.30,steptest,39.3750,,0.193,0,28.06,32.36
1287.55,steptest,39.3750,,0.193,0,28.06,32.58
1287.80,steptest,39.3750,,0.193,0,28.06,32.37
1288.05,steptest,39.3750,,0.193,0,28.06,31.94
1288.30,steptest,39.3750,,0.193,0,28.06,33.01
1288.55,steptest,39.3750,,0.193,0,28.13,32.15
1288.80,steptest,39.3125,,0.193,0,28.06,32.79
1289.05,steptest,39.3125,,0.193,0,28.06,31.95
1289.30,steptest,39.3125,,0.193,0,28.06,32.58
1289.55,steptest,39.3125,,0.193,0,28.06,32.37
1289.80,steptest,39.3125,,0.193,0,28.06,33.01
1290.05,steptest,39.3125,,0.193,0,28.06,32.58
1290.30,steptest,39.2500,,0.193,0,28.06,32.80
1290.55,steptest,39.2500,,0.193,0,28.06,32.37
1290.80,steptest,39.3125,,0.193,0,28.13,32.79
1291.05,steptest,39.2500,,0.193,0,28.06,32.79
1291.30,steptest,39.2500,,0.193,0,28.06,32.15
1291.55,steptest,39.2500,,0.193,0,28.06,32.58
1291.80,steptest,39.2500,,0.193,0,28.06,32.37
1292.05,steptest,39.2500,,0.193,0,28.06,32.15
1292.30,steptest,39.2500,,0.193,0,28.06,32.58
1292.55,steptest,39.2500,,0.193,0,28.06,32.37
1292.80,steptest,39.2500,,0.193,0,28.06,32.79
1293.05,steptest,39.1875,,0.193,0,28.06,33.01
1293.30,steptest,39.1875,,0.193,0,28.06,32.37
1293.55,steptest,39.1875,,0.193,0,28.06,32.80
1293.80,steptest,39.1875,,0.193,0,28.06,32.79
1294.05,steptest,39.1875,,0.193,0,28.06,33.22
1294.30,steptest,39.1875,,0.193,0,28.06,32.79
1294.55,steptest,39.1875,,0.193,0,28.06,32.59
1294.80,steptest,39.1875,,0.193,0,28.06,32.79
1295.05,steptest,39.1875,,0.193,0,28.06,32.36
1295.30,steptest,39.1250,,0.193,0,28.06,32.58
1295.55,steptest,39.1250,,0.193,0,28.06,33.01
1295.80,steptest,39.1250,,0.193,0,28.00,32.37
1296.05,steptest,39.1250,,0.193,0,28.00,32.79
1296.30,steptest,39.1250,,0.193,0,28.06,32.37
1296.55,steptest,39.1250,,0.193,0,28.06,32.58
1296.80,steptest,39.1250,,0.193,0,28.06,32.79
1297.05,steptest,39.1250,,0.193,0,28.06,32.79
1297.30,steptest,39.1250,,0.193,0,28.06,32.58
1297.55,steptest,39.0625,,0.193,0,28.00,32.80
1297.80,steptest,39.1250,,0.193,0,28.06,32.58
1298.05,steptest,39.1250,,0.193,0,28.06,33.01
1298.30,steptest,39.1250,,0.193,0,28.06,32.79
1298.55,steptest,39.1250,,0.193,0,28.06,32.58
1298.80,steptest,39.1250,,0.193,0,28.06,31.94
1299.05,steptest,39.0000,,0.193,0,28.00,32.58
1299.30,steptest,39.0000,,0.193,0,28.00,33.01
1299.55,steptest,39.0625,,0.193,0,28.06,32.79
1299.80,steptest,39.0625,,0.193,0,28.06,32.58
1300.05,steptest,39.0625,,0.193,0,28.06,33.22
1300.30,steptest,39.0625,,0.193,0,28.06,32.80
1300.55,steptest,39.0000,,0.193,0,28.00,32.37
1300.80,steptest,39.0625,,0.193,0,28.06,32.79
# step 60C down 3: duty 0.000, ceiling 80 C, 60 s
1301.05,steptest,38.9375,,0.000,0,28.00,32.36
1301.30,steptest,38.9375,,0.000,0,28.06,32.37
1301.55,steptest,39.0625,,0.000,0,28.06,33.22
1301.80,steptest,39.0000,,0.000,0,28.06,32.37
1302.05,steptest,39.0000,,0.000,0,28.06,32.58
1302.30,steptest,39.0000,,0.000,0,28.06,32.15
1302.55,steptest,39.0000,,0.000,0,28.06,32.58
1302.80,steptest,39.0625,,0.000,0,28.13,32.58
1303.05,steptest,38.8750,,0.000,0,28.00,32.37
1303.30,steptest,38.8750,,0.000,0,28.00,32.36
1303.55,steptest,38.8750,,0.000,0,28.00,32.37
1303.80,steptest,38.8750,,0.000,0,28.00,33.01
1304.05,steptest,38.8750,,0.000,0,28.00,32.37
1304.30,steptest,38.9375,,0.000,0,28.06,32.58
1304.55,steptest,38.9375,,0.000,0,28.06,32.37
1304.80,steptest,38.9375,,0.000,0,28.06,32.58
1305.05,steptest,38.9375,,0.000,0,28.06,32.79
1305.30,steptest,38.9375,,0.000,0,28.06,32.58
1305.55,steptest,38.8750,,0.000,0,28.00,32.15
1305.80,steptest,38.8750,,0.000,0,28.00,31.94
1306.05,steptest,38.8750,,0.000,0,28.00,32.36
1306.30,steptest,38.9375,,0.000,0,28.06,32.15
1306.55,steptest,38.8750,,0.000,0,28.06,32.37
1306.80,steptest,38.8750,,0.000,0,28.06,32.58
1307.05,steptest,38.9375,,0.000,0,28.06,32.80
1307.30,steptest,38.9375,,0.000,0,28.06,32.15
1307.55,steptest,38.9375,,0.000,0,28.06,32.37
1307.80,steptest,38.8750,,0.000,0,28.06,32.58
1308.05,steptest,38.8750,,0.000,0,28.06,32.58
1308.30,steptest,38.8750,,0.000,0,28.06,32.79
1308.55,steptest,38.8750,,0.000,0,28.06,32.37
1308.80,steptest,38.8125,,0.000,0,28.00,32.80
1309.05,steptest,38.8125,,0.000,0,28.00,31.94
1309.30,steptest,38.8125,,0.000,0,28.00,32.58
1309.55,steptest,38.8750,,0.000,0,28.06,32.37
1309.80,steptest,38.8125,,0.000,0,28.06,32.37
1310.05,steptest,38.8125,,0.000,0,28.00,32.36
1310.30,steptest,38.7500,,0.000,0,28.00,32.36
1310.55,steptest,38.7500,,0.000,0,28.00,31.94
1310.80,steptest,38.7500,,0.000,0,28.00,32.79
1311.05,steptest,38.7500,,0.000,0,28.00,32.79
1311.30,steptest,38.7500,,0.000,0,28.00,32.15
1311.55,steptest,38.7500,,0.000,0,28.00,32.15
1311.80,steptest,38.7500,,0.000,0,28.06,32.79
1312.05,steptest,38.8125,,0.000,0,28.06,32.58
1312.30,steptest,38.8125,,0.000,0,28.06,32.79
1312.55,steptest,38.6875,,0.000,0,28.00,32.80
1312.80,steptest,38.7500,,0.000,0,28.06,32.37
1313.05,steptest,38.6875,,0.000,0,28.00,32.79
1313.30,steptest,38.6875,,0.000,0,28.00,32.15
1313.55,steptest,38.6875,,0.000,0,28.00,32.37
1313.80,steptest,38.7500,,0.000,0,28.06,32.15
1314.05,steptest,38.7500,,0.000,0,28.06,32.80
1314.30,steptest,38.7500,,0.000,0,28.06,32.16
1314.55,steptest,38.7500,,0.000,0,28.06,32.15
1314.80,steptest,38.7500,,0.000,0,28.06,32.58
1315.05,steptest,38.7500,,0.000,0,28.06,32.79
1315.30,steptest,38.7500,,0.000,0,28.06,32.37
1315.55,steptest,38.7500,,0.000,0,28.06,32.37
1315.80,steptest,38.7500,,0.000,0,28.06,32.58
1316.05,steptest,38.6875,,0.000,0,28.06,32.80
1316.30,steptest,38.7500,,0.000,0,28.06,32.58
1316.55,steptest,38.7500,,0.000,0,28.06,32.79
1316.80,steptest,38.6875,,0.000,0,28.06,32.79
1317.05,steptest,38.6875,,0.000,0,28.06,32.37
1317.30,steptest,38.6875,,0.000,0,28.06,33.01
1317.55,steptest,38.6875,,0.000,0,28.06,32.15
1317.80,steptest,38.6875,,0.000,0,28.06,32.37
1318.05,steptest,38.6875,,0.000,0,28.06,32.80
1318.30,steptest,38.6875,,0.000,0,28.06,33.01
1318.55,steptest,38.6250,,0.000,0,28.06,32.58
1318.80,steptest,38.6250,,0.000,0,28.00,32.37
1319.05,steptest,38.6250,,0.000,0,28.00,32.37
1319.30,steptest,38.6250,,0.000,0,28.06,32.16
1319.55,steptest,38.5625,,0.000,0,28.00,32.79
1319.80,steptest,38.6250,,0.000,0,28.06,32.79
1320.05,steptest,38.6250,,0.000,0,28.06,32.37
1320.30,steptest,38.6250,,0.000,0,28.06,32.79
1320.55,steptest,38.6250,,0.000,0,28.06,32.58
1320.80,steptest,38.6250,,0.000,0,28.06,32.58
1321.05,steptest,38.6250,,0.000,0,28.06,32.58
1321.30,steptest,38.5000,,0.000,0,28.00,32.37
1321.55,steptest,38.5000,,0.000,0,28.00,33.01
1321.80,steptest,38.5625,,0.000,0,28.06,32.58
1322.05,steptest,38.5625,,0.000,0,28.06,32.58
1322.30,steptest,38.5625,,0.000,0,28.06,32.15
1322.55,steptest,38.5000,,0.000,0,28.00,33.01
1322.80,steptest,38.5625,,0.000,0,28.06,32.58
1323.05,steptest,38.5625,,0.000,0,28.06,32.58
1323.30,steptest,38.5625,,0.000,0,28.06,32.58
1323.55,steptest,38.5625,,0.000,0,28.06,32.37
1323.80,steptest,38.5625,,0.000,0,28.06,32.79
1324.05,steptest,38.5625,,0.000,0,28.06,32.37
1324.30,steptest,38.5625,,0.000,0,28.06,32.16
1324.55,steptest,38.5625,,0.000,0,28.06,31.94
1324.80,steptest,38.5000,,0.000,0,28.06,32.58
1325.05,steptest,38.5625,,0.000,0,28.06,32.17
1325.30,steptest,38.5625,,0.000,0,28.06,32.58
1325.55,steptest,38.5625,,0.000,0,28.06,32.79
1325.80,steptest,38.4375,,0.000,0,28.00,32.79
1326.05,steptest,38.5000,,0.000,0,28.06,32.37
1326.30,steptest,38.5000,,0.000,0,28.06,32.80
1326.55,steptest,38.5000,,0.000,0,28.06,32.58
1326.80,steptest,38.5000,,0.000,0,28.06,32.37
1327.05,steptest,38.5000,,0.000,0,28.06,33.43
1327.30,steptest,38.4375,,0.000,0,28.06,32.58
1327.55,steptest,38.4375,,0.000,0,28.06,33.01
1327.80,steptest,38.4375,,0.000,0,28.06,33.01
1328.05,steptest,38.4375,,0.000,0,28.06,32.15
1328.30,steptest,38.4375,,0.000,0,28.06,32.79
1328.55,steptest,38.4375,,0.000,0,28.06,33.01
1328.80,steptest,38.4375,,0.000,0,28.06,32.15
1329.05,steptest,38.3750,,0.000,0,28.00,32.37
1329.30,steptest,38.3750,,0.000,0,28.00,32.37
1329.55,steptest,38.4375,,0.000,0,28.06,32.79
1329.80,steptest,38.4375,,0.000,0,28.06,32.58
1330.05,steptest,38.3750,,0.000,0,28.00,32.79
1330.30,steptest,38.3750,,0.000,0,28.06,32.15
1330.55,steptest,38.3750,,0.000,0,28.06,31.94
1330.80,steptest,38.3750,,0.000,0,28.06,32.79
1331.05,steptest,38.3750,,0.000,0,28.06,33.44
1331.30,steptest,38.3125,,0.000,0,28.00,32.58
1331.55,steptest,38.3750,,0.000,0,28.06,32.58
1331.80,steptest,38.3750,,0.000,0,28.06,32.79
1332.05,steptest,38.3750,,0.000,0,28.06,32.58
1332.30,steptest,38.3125,,0.000,0,28.00,32.79
1332.55,steptest,38.3125,,0.000,0,28.00,32.37
1332.80,steptest,38.3750,,0.000,0,28.06,33.01
1333.05,steptest,38.3750,,0.000,0,28.06,33.01
1333.30,steptest,38.3750,,0.000,0,28.06,32.37
1333.55,steptest,38.3125,,0.000,0,28.00,33.01
1333.80,steptest,38.3125,,0.000,0,28.00,32.58
1334.05,steptest,38.3125,,0.000,0,28.06,33.22
1334.30,steptest,38.3125,,0.000,0,28.06,32.58
1334.55,steptest,38.3125,,0.000,0,28.00,32.58
1334.80,steptest,38.3125,,0.000,0,28.06,32.37
1335.05,steptest,38.3125,,0.000,0,28.06,31.94
1335.30,steptest,38.3125,,0.000,0,28.06,32.36
1335.55,steptest,38.2500,,0.000,0,28.00,32.37
1335.80,steptest,38.2500,,0.000,0,28.00,32.37
1336.05,steptest,38.2500,,0.000,0,28.00,33.01
1336.30,steptest,38.2500,,0.000,0,28.00,32.58
1336.55,steptest,38.2500,,0.000,0,28.00,33.01
1336.80,steptest,38.1875,,0.000,0,28.00,32.37
1337.05,steptest,38.1875,,0.000,0,28.00,32.58
1337.30,steptest,38.2500,,0.000,0,28.06,32.79
1337.55,steptest,38.2500,,0.000,0,28.06,32.15
1337.80,steptest,38.1875,,0.000,0,28.00,33.00
1338.05,steptest,38.2500,,0.000,0,28.06,32.37
1338.30,steptest,38.1875,,0.000,0,28.00,32.37
1338.55,steptest,38.1875,,0.000,0,28.00,32.79
1338.80,steptest,38.1250,,0.000,0,28.00,31.94
1339.05,steptest,38.1250,,0.000,0,28.00,32.36
1339.30,steptest,38.1875,,0.000,0,28.06,32.37
1339.55,steptest,38.1875,,0.000,0,28.00,32.15
1339.80,steptest,38.1250,,0.000,0,28.00,32.37
1340.05,steptest,38.1250,,0.000,0,28.00,32.15
1340.30,steptest,38.1250,,0.000,0,28.00,32.15
1340.55,steptest,38.1875,,0.000,0,28.06,32.37
1340.80,steptest,38.1875,,0.000,0,28.06,32.79
1341.05,steptest,38.1250,,0.000,0,28.00,33.01
1341.30,steptest,38.1875,,0.000,0,28.06,33.23
1341.55,steptest,38.0625,,0.000,0,28.00,32.37
1341.80,steptest,38.0625,,0.000,0,28.00,32.37
1342.05,steptest,38.0625,,0.000,0,28.00,32.15
1342.30,steptest,38.0625,,0.000,0,28.00,32.58
1342.55,steptest,38.0625,,0.000,0,28.00,32.37
1342.80,steptest,38.0625,,0.000,0,28.00,32.80
1343.05,steptest,38.0625,,0.000,0,28.00,32.79
1343.30,steptest,38.0625,,0.000,0,28.00,32.58
1343.55,steptest,38.1250,,0.000,0,28.06,32.36
1343.80,steptest,38.0625,,0.000,0,28.00,32.58
1344.05,steptest,38.0625,,0.000,0,28.00,32.79
1344.30,steptest,38.1250,,0.000,0,28.06,32.79
1344.55,steptest,38.1250,,0.000,0,28.06,32.36
1344.80,steptest,38.0625,,0.000,0,28.00,32.58
1345.05,steptest,38.0625,,0.000,0,28.00,32.37
1345.30,steptest,38.0625,,0.000,0,28.00,32.79
1345.55,steptest,38.0625,,0.000,0,28.00,32.36
1345.80,steptest,38.0625,,0.000,0,28.00,32.37
1346.05,steptest,38.0625,,0.000,0,28.06,32.15
1346.30,steptest,38.0625,,0.000,0,28.06,32.37
1346.55,steptest,38.0625,,0.000,0,28.06,33.01
1346.80,steptest,38.0625,,0.000,0,28.06,33.01
1347.05,steptest,38.0625,,0.000,0,28.06,32.58
1347.30,steptest,38.0625,,0.000,0,28.06,32.58
1347.55,steptest,38.0625,,0.000,0,28.06,32.79
1347.80,steptest,38.0625,,0.000,0,28.06,32.58
1348.05,steptest,38.0000,,0.000,0,28.06,33.01
1348.30,steptest,38.0000,,0.000,0,28.06,32.58
1348.55,steptest,38.0000,,0.000,0,28.06,32.80
1348.80,steptest,37.9375,,0.000,0,28.00,32.58
1349.05,steptest,38.0000,,0.000,0,28.06,32.58
1349.30,steptest,38.0000,,0.000,0,28.06,32.36
1349.55,steptest,38.0000,,0.000,0,28.06,32.37
1349.80,steptest,37.9375,,0.000,0,28.00,32.58
1350.05,steptest,38.0000,,0.000,0,28.06,32.58
1350.30,steptest,38.0000,,0.000,0,28.06,32.15
1350.55,steptest,38.0000,,0.000,0,28.06,32.36
1350.80,steptest,38.0000,,0.000,0,28.06,32.58
1351.05,steptest,37.9375,,0.000,0,28.06,33.01
1351.30,steptest,37.9375,,0.000,0,28.06,32.80
1351.55,steptest,37.9375,,0.000,0,28.06,33.01
1351.80,steptest,37.9375,,0.000,0,28.06,32.58
1352.05,steptest,37.9375,,0.000,0,28.06,32.58
1352.30,steptest,37.8750,,0.000,0,28.00,32.15
1352.55,steptest,37.9375,,0.000,0,28.06,32.37
1352.80,steptest,37.9375,,0.000,0,28.06,32.58
1353.05,steptest,37.8750,,0.000,0,28.00,32.16
1353.30,steptest,37.9375,,0.000,0,28.06,32.37
1353.55,steptest,37.9375,,0.000,0,28.06,33.01
1353.80,steptest,37.9375,,0.000,0,28.06,32.15
1354.05,steptest,37.9375,,0.000,0,28.06,32.58
1354.30,steptest,37.8750,,0.000,0,28.00,32.36
1354.55,steptest,37.9375,,0.000,0,28.06,32.58
1354.80,steptest,37.9375,,0.000,0,28.06,32.58
1355.05,steptest,37.9375,,0.000,0,28.06,32.37
1355.30,steptest,37.9375,,0.000,0,28.06,32.80
1355.55,steptest,37.8750,,0.000,0,28.06,33.00
1355.80,steptest,37.8750,,0.000,0,28.06,32.79
1356.05,steptest,37.8750,,0.000,0,28.06,32.37
1356.30,steptest,37.8750,,0.000,0,28.06,32.58
1356.55,steptest,37.8125,,0.000,0,28.00,32.37
1356.80,steptest,37.8125,,0.000,0,28.00,32.36
1357.05,steptest,37.8125,,0.000,0,28.00,33.01
1357.30,steptest,37.8125,,0.000,0,28.00,32.37
1357.55,steptest,37.8750,,0.000,0,28.06,32.37
1357.80,steptest,37.7500,,0.000,0,28.00,32.59
1358.05,steptest,37.7500,,0.000,0,28.00,33.01
1358.30,steptest,37.7500,,0.000,0,28.00,32.37
1358.55,steptest,37.8125,,0.000,0,28.06,32.59
1358.80,steptest,37.8125,,0.000,0,28.06,32.80
1359.05,steptest,37.8125,,0.000,0,28.06,33.01
1359.30,steptest,37.8125,,0.000,0,28.06,32.36
1359.55,steptest,37.6875,,0.000,0,28.00,32.79
1359.80,steptest,37.7500,,0.000,0,28.00,32.36
1360.05,steptest,37.7500,,0.000,0,28.00,32.16
1360.30,steptest,37.7500,,0.000,0,28.00,33.01
1360.55,steptest,37.6875,,0.000,0,28.00,32.37
1360.80,steptest,37.6875,,0.000,0,28.00,31.95
# step climb to 100C: duty 1.000, ceiling 76 C, 600 s
1361.05,steptest,37.6875,,1.000,0,28.00,32.58
1361.30,steptest,37.6875,,1.000,0,28.00,32.80
1361.55,steptest,37.6875,,1.000,1,28.00,32.15
1361.80,steptest,37.7500,,1.000,1,28.06,32.58
1362.05,steptest,37.6875,,1.000,1,28.00,32.79
1362.30,steptest,37.6875,,1.000,1,28.00,32.15
1362.55,steptest,37.6875,,1.000,1,28.00,33.44
1362.80,steptest,37.6875,,1.000,1,28.00,33.01
1363.05,steptest,37.6875,,1.000,1,28.00,32.79
1363.30,steptest,37.6875,,1.000,1,28.00,32.37
1363.55,steptest,37.7500,,1.000,1,28.06,32.79
1363.80,steptest,37.7500,,1.000,1,28.06,32.58
1364.05,steptest,37.6875,,1.000,1,28.00,32.80
1364.30,steptest,37.7500,,1.000,1,28.06,32.58
1364.55,steptest,37.6250,,1.000,1,28.00,32.79
1364.80,steptest,37.6250,,1.000,1,28.00,31.94
1365.05,steptest,37.6875,,1.000,1,28.00,32.79
1365.30,steptest,37.7500,,1.000,1,28.06,32.79
1365.55,steptest,37.6875,,1.000,1,28.00,32.80
1365.80,steptest,37.6875,,1.000,1,28.00,32.17
1366.05,steptest,37.6875,,1.000,1,28.00,31.94
1366.30,steptest,37.6875,,1.000,1,28.00,32.59
1366.55,steptest,37.6875,,1.000,1,28.00,33.22
1366.80,steptest,37.6875,,1.000,1,28.00,32.80
1367.05,steptest,37.6875,,1.000,1,28.00,32.59
1367.30,steptest,37.6875,,1.000,1,28.00,32.58
1367.55,steptest,37.6875,,1.000,1,28.00,32.79
1367.80,steptest,37.6875,,1.000,1,28.00,32.79
1368.05,steptest,37.6875,,1.000,1,28.00,32.37
1368.30,steptest,37.6875,,1.000,1,28.00,33.22
1368.55,steptest,37.7500,,1.000,1,28.00,33.01
1368.80,steptest,37.7500,,1.000,1,28.00,32.58
1369.05,steptest,37.7500,,1.000,1,28.06,32.58
1369.30,steptest,37.8750,,1.000,1,28.06,32.37
1369.55,steptest,37.8750,,1.000,1,28.00,32.36
1369.80,steptest,37.8750,,1.000,1,28.00,32.80
1370.05,steptest,38.0000,,1.000,1,28.06,33.01
1370.30,steptest,38.0000,,1.000,1,28.06,32.15
1370.55,steptest,38.0000,,1.000,1,28.00,32.58
1370.80,steptest,38.0625,,1.000,1,28.00,32.80
1371.05,steptest,38.1250,,1.000,1,28.00,32.37
1371.30,steptest,38.1250,,1.000,1,28.00,33.01
1371.55,steptest,38.1875,,1.000,1,28.00,32.80
1371.80,steptest,38.3125,,1.000,1,28.00,32.79
1372.05,steptest,38.3125,,1.000,1,28.00,32.80
1372.30,steptest,38.3125,,1.000,1,28.00,32.37
1372.55,steptest,38.5000,,1.000,1,28.00,32.79
1372.80,steptest,38.5000,,1.000,1,28.00,32.79
1373.05,steptest,38.6875,,1.000,1,28.06,33.22
1373.30,steptest,38.7500,,1.000,1,28.00,32.15
1373.55,steptest,38.7500,,1.000,1,28.00,32.36
1373.80,steptest,38.8750,,1.000,1,28.00,32.79
1374.05,steptest,38.9375,,1.000,1,28.00,32.79
1374.30,steptest,39.1250,,1.000,1,28.00,33.22
1374.55,steptest,39.1250,,1.000,1,28.00,32.37
1374.80,steptest,39.2500,,1.000,1,28.06,32.80
1375.05,steptest,39.3750,,1.000,1,28.00,32.58
1375.30,steptest,39.5625,,1.000,1,28.06,32.36
1375.55,steptest,39.5625,,1.000,1,28.00,32.58
1375.80,steptest,39.6250,,1.000,1,28.00,32.36
1376.05,steptest,39.9375,,1.000,1,28.06,32.80
1376.30,steptest,39.9375,,1.000,1,28.00,32.37
1376.55,steptest,40.2500,,1.000,1,28.06,32.15
1376.80,steptest,40.2500,,1.000,1,28.06,32.15
1377.05,steptest,40.3750,,1.000,1,28.06,32.15
1377.30,steptest,40.5000,,1.000,1,28.00,32.79
1377.55,steptest,40.6875,,1.000,1,28.00,32.80
1377.80,steptest,40.6875,,1.000,1,28.00,32.58
1378.05,steptest,40.9375,,1.000,1,28.00,32.15
1378.30,steptest,41.0000,,1.000,1,28.00,32.58
1378.55,steptest,41.3125,,1.000,1,28.00,32.58
1378.80,steptest,41.3125,,1.000,1,28.06,32.58
1379.05,steptest,41.5000,,1.000,1,28.06,32.37
1379.30,steptest,41.8750,,1.000,1,28.06,33.22
1379.55,steptest,41.9375,,1.000,1,28.00,32.58
1379.80,steptest,42.1250,,1.000,1,28.00,33.01
1380.05,steptest,42.1250,,1.000,1,28.00,32.58
1380.30,steptest,42.5000,,1.000,1,28.00,32.80
1380.55,steptest,42.7500,,1.000,1,28.06,32.58
1380.80,steptest,43.0625,,1.000,1,28.00,32.58
1381.05,steptest,43.0625,,1.000,1,28.00,32.80
1381.30,steptest,43.1875,,1.000,1,28.00,32.36
1381.55,steptest,43.5000,,1.000,1,28.06,32.79
1381.80,steptest,43.8750,,1.000,1,28.06,32.36
1382.05,steptest,43.8750,,1.000,1,28.00,32.15
1382.30,steptest,44.0625,,1.000,1,28.00,32.80
1382.55,steptest,44.4375,,1.000,1,28.00,32.16
1382.80,steptest,44.6875,,1.000,1,28.00,32.37
1383.05,steptest,44.9375,,1.000,1,28.00,32.58
1383.30,steptest,44.9375,,1.000,1,28.00,32.80
1383.55,steptest,45.3125,,1.000,1,28.00,32.79
1383.80,steptest,45.5625,,1.000,1,28.00,32.37
1384.05,steptest,45.8125,,1.000,1,28.00,32.37
1384.30,steptest,45.8125,,1.000,1,28.00,32.80
1384.55,steptest,46.3125,,1.000,1,28.00,32.79
1384.80,steptest,46.5000,,1.000,1,28.00,33.01
1385.05,steptest,47.0625,,1.000,1,28.00,32.79
1385.30,steptest,47.0625,,1.000,1,28.00,32.58
1385.55,steptest,47.3125,,1.000,1,28.00,31.94
1385.80,steptest,47.5625,,1.000,1,28.00,32.16
1386.05,steptest,48.0625,,1.000,1,28.00,32.58
1386.30,steptest,48.4375,,1.000,1,28.06,32.37
1386.55,steptest,48.4375,,1.000,1,28.06,32.58
1386.80,steptest,49.0000,,1.000,1,28.06,33.01
1387.05,steptest,49.2500,,1.000,1,28.00,32.58
1387.30,steptest,49.5000,,1.000,1,28.00,33.01
1387.55,steptest,49.5000,,1.000,1,28.00,32.15
1387.80,steptest,50.1250,,1.000,1,28.06,32.59
1388.05,steptest,50.4375,,1.000,1,28.06,32.15
1388.30,steptest,50.7500,,1.000,1,28.06,32.80
1388.55,steptest,50.7500,,1.000,1,28.06,33.01
1388.80,steptest,51.3750,,1.000,1,28.06,32.80
1389.05,steptest,51.6250,,1.000,1,28.00,33.01
1389.30,steptest,52.2500,,1.000,1,28.00,32.80
1389.55,steptest,52.5625,,1.000,1,28.00,33.01
1389.80,steptest,52.5625,,1.000,1,28.00,33.23
1390.05,steptest,52.8750,,1.000,1,28.00,31.94
1390.30,steptest,53.5000,,1.000,1,28.00,32.58
1390.55,steptest,53.8125,,1.000,1,28.00,32.37
1390.80,steptest,53.8125,,1.000,1,28.00,32.58
1391.05,steptest,54.5625,,1.000,1,28.06,32.58
1391.30,steptest,54.8750,,1.000,1,28.06,32.37
1391.55,steptest,55.1875,,1.000,1,28.00,32.15
1391.80,steptest,55.1875,,1.000,1,28.00,32.79
1392.05,steptest,55.8750,,1.000,1,28.00,32.79
1392.30,steptest,56.1875,,1.000,1,28.00,32.15
1392.55,steptest,56.8750,,1.000,1,28.00,32.79
1392.80,steptest,57.2500,,1.000,1,27.94,32.15
1393.05,steptest,57.2500,,1.000,1,27.94,33.01
1393.30,steptest,57.6250,,1.000,1,28.00,32.58
1393.55,steptest,58.3125,,1.000,1,28.00,32.58
1393.80,steptest,58.6875,,1.000,1,28.00,31.95
1394.05,steptest,58.6875,,1.000,1,28.00,33.01
1394.30,steptest,59.0625,,1.000,1,28.00,32.59
1394.55,steptest,59.8125,,1.000,1,28.00,31.73
1394.80,steptest,60.1875,,1.000,1,28.00,32.37
1395.05,steptest,60.1875,,1.000,1,28.00,32.37
1395.30,steptest,60.8750,,1.000,1,28.00,32.37
1395.55,steptest,61.3750,,1.000,1,28.06,33.01
1395.80,steptest,61.6250,,1.000,1,28.00,32.80
1396.05,steptest,62.4375,,1.000,1,28.00,32.15
1396.30,steptest,62.4375,,1.000,1,28.00,33.01
1396.55,steptest,62.8125,,1.000,1,28.00,32.80
1396.80,steptest,63.1875,,1.000,1,28.00,32.37
1397.05,steptest,64.0000,,1.000,1,28.00,31.94
1397.30,steptest,64.0000,,1.000,1,28.00,32.15
1397.55,steptest,64.3750,,1.000,1,28.00,32.39
1397.80,steptest,65.2500,,1.000,1,28.06,32.80
1398.05,steptest,65.6250,,1.000,1,28.06,31.94
1398.30,steptest,65.6250,,1.000,1,28.00,32.58
1398.55,steptest,66.0000,,1.000,1,28.00,33.23
1398.80,steptest,66.8125,,1.000,1,28.06,32.37
1399.05,steptest,67.1875,,1.000,1,28.00,32.58
1399.30,steptest,68.0625,,1.000,1,28.06,32.58
1399.55,steptest,68.0625,,1.000,1,28.06,32.58
1399.80,steptest,68.3750,,1.000,1,28.00,32.80
1400.05,steptest,68.8125,,1.000,1,28.00,32.15
1400.30,steptest,69.6250,,1.000,1,28.00,32.58
1400.55,steptest,69.6250,,1.000,1,28.00,32.36
1400.80,steptest,70.0625,,1.000,1,28.00,32.58
1401.05,steptest,70.8750,,1.000,1,28.00,32.79
1401.30,steptest,71.3750,,1.000,1,28.06,32.37
1401.55,steptest,71.3750,,1.000,1,28.06,32.80
1401.80,steptest,71.8125,,1.000,1,28.06,32.58
1402.05,steptest,72.6250,,1.000,1,28.06,32.58
1402.30,steptest,73.0000,,1.000,1,28.06,32.16
1402.55,steptest,73.3750,,1.000,1,28.00,32.58
1402.80,steptest,73.3750,,1.000,1,28.00,32.79
1403.05,steptest,74.3125,,1.000,1,28.06,32.16
1403.30,steptest,74.6875,,1.000,1,28.00,32.15
1403.55,steptest,75.5000,,0.000,1,28.00,33.01
# step 100C settle: duty 0.079, ceiling 120 C, 180 s
1403.80,steptest,75.5000,,0.079,1,28.00,32.15
1404.05,steptest,75.9375,,0.079,1,28.00,32.80
1404.30,steptest,76.3750,,0.079,1,28.00,32.80
1404.55,steptest,77.2500,,0.079,1,28.00,32.16
1404.80,steptest,77.2500,,0.079,1,28.06,32.36
1405.05,steptest,77.7500,,0.079,1,28.06,32.37
1405.30,steptest,78.5000,,0.079,1,28.00,32.80
1405.55,steptest,79.0000,,0.079,0,28.06,32.58
1405.80,steptest,79.4375,,0.079,0,28.06,32.79
1406.05,steptest,79.4375,,0.079,0,28.06,32.15
1406.30,steptest,80.2500,,0.079,0,28.06,32.79
1406.55,steptest,80.5625,,0.079,0,28.00,32.58
1406.80,steptest,80.9375,,0.079,0,28.00,32.36
1407.05,steptest,80.9375,,0.079,0,28.00,32.37
1407.30,steptest,81.6250,,0.079,0,28.06,32.58
1407.55,steptest,82.0000,,0.079,0,28.06,32.80
1407.80,steptest,82.5625,,0.079,0,28.00,33.01
1408.05,steptest,82.5625,,0.079,0,28.06,32.37
1408.30,steptest,82.8750,,0.079,0,28.06,32.58
1408.55,steptest,83.1875,,0.079,0,28.06,32.36
1408.80,steptest,83.6250,,0.079,0,28.06,32.58
1409.05,steptest,83.8750,,0.079,0,28.06,32.15
1409.30,steptest,83.8750,,0.079,0,28.06,32.58
1409.55,steptest,84.3750,,0.079,0,28.06,32.15
1409.80,steptest,84.6250,,0.079,0,28.06,32.37
1410.05,steptest,84.8750,,0.079,0,28.06,32.79
1410.30,steptest,84.8750,,0.079,0,28.06,32.58
1410.55,steptest,85.3125,,0.079,0,28.06,32.36
1410.80,steptest,85.5000,,0.079,0,28.06,32.58
1411.05,steptest,85.9375,,0.079,0,28.06,33.01
1411.30,steptest,85.9375,,0.079,0,28.06,32.15
1411.55,steptest,86.1250,,0.079,0,28.06,32.58
1411.80,steptest,86.3750,,0.079,0,28.06,32.58
1412.05,steptest,86.7500,,0.079,0,28.06,32.37
1412.30,steptest,86.8750,,0.079,0,28.06,32.59
1412.55,steptest,86.8750,,0.079,0,28.06,32.58
1412.80,steptest,87.0625,,0.079,0,28.06,32.58
1413.05,steptest,87.4375,,0.079,0,28.06,32.58
1413.30,steptest,87.6250,,0.079,0,28.06,32.58
1413.55,steptest,87.6250,,0.079,0,28.06,32.36
1413.80,steptest,87.9375,,0.079,0,28.06,32.58
1414.05,steptest,88.0625,,0.079,0,28.06,32.37
1414.30,steptest,88.2500,,0.079,0,28.06,32.79
1414.55,steptest,88.2500,,0.079,0,28.06,32.58
1414.80,steptest,88.5625,,0.079,0,28.06,32.16
1415.05,steptest,88.7500,,0.079,0,28.13,32.58
1415.30,steptest,89.0625,,0.079,0,28.13,32.59
1415.55,steptest,89.1250,,0.079,0,28.06,32.57
1415.80,steptest,89.1250,,0.079,0,28.06,32.37
1416.05,steptest,89.3125,,0.079,0,28.13,32.58
1416.30,steptest,89.5000,,0.079,0,28.06,32.37
1416.55,steptest,89.6875,,0.079,0,28.13,33.01
1416.80,steptest,89.6875,,0.079,0,28.13,31.93
1417.05,steptest,89.8125,,0.079,0,28.06,33.01
1417.30,steptest,90.0625,,0.079,0,28.13,32.37
1417.55,steptest,90.1875,,0.079,0,28.13,32.37
1417.80,steptest,90.1875,,0.079,0,28.06,32.58
1418.05,steptest,90.3750,,0.079,0,28.06,32.58
1418.30,steptest,90.5000,,0.079,0,28.13,32.36
1418.55,steptest,90.5625,,0.079,0,28.06,33.01
1418.80,steptest,90.7500,,0.079,0,28.06,32.36
1419.05,steptest,90.7500,,0.079,0,28.06,33.01
1419.30,steptest,90.8125,,0.079,0,28.06,33.01
1419.55,steptest,91.0625,,0.079,0,28.13,32.58
1419.80,steptest,91.1875,,0.079,0,28.13,32.15
1420.05,steptest,91.1875,,0.079,0,28.13,32.15
1420.30,steptest,91.2500,,0.079,0,28.13,32.80
1420.55,steptest,91.4375,,0.079,0,28.13,32.15
1420.80,steptest,91.5625,,0.079,0,28.13,32.80
1421.05,steptest,91.5625,,0.079,0,28.13,33.01
1421.30,steptest,91.6250,,0.079,0,28.13,32.79
1421.55,steptest,91.7500,,0.079,0,28.13,32.37
1421.80,steptest,91.8125,,0.079,0,28.13,32.79
1422.05,steptest,91.9375,,0.079,0,28.06,32.37
1422.30,steptest,91.9375,,0.079,0,28.06,32.58
1422.55,steptest,92.0000,,0.079,0,28.06,32.58
1422.80,steptest,92.1875,,0.079,0,28.13,32.58
1423.05,steptest,92.2500,,0.079,0,28.06,32.58
1423.30,steptest,92.2500,,0.079,0,28.06,32.80
1423.55,steptest,92.3125,,0.079,0,28.13,33.01
1423.80,steptest,92.3125,,0.079,0,28.06,33.01
1424.05,steptest,92.4375,,0.079,0,28.13,32.58
1424.30,steptest,92.4375,,0.079,0,28.06,32.58
1424.55,steptest,92.4375,,0.079,0,28.06,32.36
1424.80,steptest,92.6875,,0.079,0,28.13,32.37
1425.05,steptest,92.6875,,0.079,0,28.06,32.59
1425.30,steptest,92.8125,,0.079,0,28.13,32.58
1425.55,steptest,92.8125,,0.079,0,28.13,32.80
1425.80,steptest,92.8750,,0.079,0,28.13,32.58
1426.05,steptest,92.9375,,0.079,0,28.13,32.36
1426.30,steptest,92.8750,,0.079,0,28.06,32.16
1426.55,steptest,92.8750,,0.079,0,28.06,32.37
1426.80,steptest,93.0000,,0.079,0,28.13,31.94
1427.05,steptest,93.0000,,0.079,0,28.06,32.58
1427.30,steptest,93.1250,,0.079,0,28.06,32.16
1427.55,steptest,93.1250,,0.079,0,28.06,32.79
1427.80,steptest,93.1250,,0.079,0,28.06,32.58
1428.05,steptest,93.1875,,0.079,0,28.06,32.79
1428.30,steptest,93.3125,,0.079,0,28.13,32.58
1428.55,steptest,93.3125,,0.079,0,28.06,31.94
1428.80,steptest,93.3125,,0.079,0,28.06,32.37
1429.05,steptest,93.3750,,0.079,0,28.13,32.37
1429.30,steptest,93.3750,,0.079,0,28.13,33.01
1429.55,steptest,93.4375,,0.079,0,28.13,33.01
1429.80,steptest,93.4375,,0.079,0,28.13,32.15
1430.05,steptest,93.5000,,0.079,0,28.13,31.94
1430.30,steptest,93.5000,,0.079,0,28.13,32.37
1430.55,steptest,93.5625,,0.079,0,28.13,32.36
1430.80,steptest,93.5625,,0.079,0,28.13,32.79
1431.05,steptest,93.5625,,0.079,0,28.13,32.58
1431.30,steptest,93.6875,,0.079,0,28.19,32.15
1431.55,steptest,93.6875,,0.079,0,28.19,32.79
1431.80,steptest,93.6250,,0.079,0,28.13,32.37
1432.05,steptest,93.6250,,0.079,0,28.13,32.58
1432.30,steptest,93.6250,,0.079,0,28.13,32.58
1432.55,steptest,93.6875,,0.079,0,28.13,33.44
1432.80,steptest,93.6875,,0.079,0,28.13,33.01
1433.05,steptest,93.6875,,0.079,0,28.13,32.59
1433.30,steptest,93.7500,,0.079,0,28.13,33.01
1433.55,steptest,93.8125,,0.079,0,28.19,33.01
1433.80,steptest,93.7500,,0.079,0,28.13,32.16
1434.05,steptest,93.7500,,0.079,0,28.13,32.36
1434.30,steptest,93.7500,,0.079,0,28.13,32.79
1434.55,steptest,93.7500,,0.079,0,28.13,33.01
1434.80,steptest,93.8125,,0.079,0,28.19,32.16
1435.05,steptest,93.8125,,0.079,0,28.19,32.37
1435.30,steptest,93.8125,,0.079,0,28.19,32.58
1435.55,steptest,93.7500,,0.079,0,28.13,32.58
1435.80,steptest,93.7500,,0.079,0,28.13,32.37
1436.05,steptest,93.8125,,0.079,0,28.19,32.58
1436.30,steptest,93.8125,,0.079,0,28.13,32.37
1436.55,steptest,93.7500,,0.079,0,28.13,33.01
1436.80,steptest,93.8125,,0.079,0,28.19,32.80
1437.05,steptest,93.8125,,0.079,0,28.19,32.16
1437.30,steptest,93.8125,,0.079,0,28.19,32.15
1437.55,steptest,93.8125,,0.079,0,28.19,32.79
1437.80,steptest,93.8125,,0.079,0,28.19,31.73
1438.05,steptest,93.8125,,0.079,0,28.19,32.58
1438.30,steptest,93.8125,,0.079,0,28.19,32.58
1438.55,steptest,93.8125,,0.079,0,28.19,33.01
1438.80,steptest,93.8125,,0.079,0,28.19,32.17
1439.05,steptest,93.8750,,0.079,0,28.25,31.94
1439.30,steptest,93.7500,,0.079,0,28.19,33.22
1439.55,steptest,93.7500,,0.079,0,28.19,32.37
1439.80,steptest,93.7500,,0.079,0,28.19,32.80
1440.05,steptest,93.7500,,0.079,0,28.19,32.58
1440.30,steptest,93.7500,,0.079,0,28.19,32.58
1440.55,steptest,93.7500,,0.079,0,28.19,32.36
1440.80,steptest,93.7500,,0.079,0,28.19,32.79
1441.05,steptest,93.6875,,0.079,0,28.19,32.37
1441.30,steptest,93.6875,,0.079,0,28.19,32.79
1441.55,steptest,93.6875,,0.079,0,28.25,32.79
1441.80,steptest,93.6875,,0.079,0,28.19,33.22
1442.05,steptest,93.6250,,0.079,0,28.19,32.15
1442.30,steptest,93.6875,,0.079,0,28.25,32.37
1442.55,steptest,93.6875,,0.079,0,28.25,32.58
1442.80,steptest,93.6250,,0.079,0,28.19,31.94
1443.05,steptest,93.6250,,0.079,0,28.19,32.37
1443.30,steptest,93.6250,,0.079,0,28.25,32.15
1443.55,steptest,93.5625,,0.079,0,28.19,32.37
1443.80,steptest,93.5625,,0.079,0,28.25,32.58
1444.05,steptest,93.5625,,0.079,0,28.25,32.58
1444.30,steptest,93.5000,,0.079,0,28.25,32.58
1444.55,steptest,93.5000,,0.079,0,28.25,32.36
1444.80,steptest,93.5000,,0.079,0,28.25,32.58
1445.05,steptest,93.5000,,0.079,0,28.25,32.15
1445.30,steptest,93.5000,,0.079,0,28.25,32.58
1445.55,steptest,93.4375,,0.079,0,28.25,32.58
1445.80,steptest,93.3750,,0.079,0,28.25,32.80
1446.05,steptest,93.3750,,0.079,0,28.25,32.80
1446.30,steptest,93.3750,,0.079,0,28.25,32.37
1446.55,steptest,93.3125,,0.079,0,28.25,32.58
1446.80,steptest,93.2500,,0.079,0,28.25,32.58
1447.05,steptest,93.2500,,0.079,0,28.25,32.37
1447.30,steptest,93.2500,,0.079,0,28.25,32.80
1447.55,steptest,93.2500,,0.079,0,28.25,32.37
1447.80,steptest,93.1875,,0.079,0,28.25,33.01
1448.05,steptest,93.1250,,0.079,0,28.25,32.80
1448.30,steptest,93.1250,,0.079,0,28.25,33.22
1448.55,steptest,93.0625,,0.079,0,28.25,32.15
1448.80,steptest,93.0625,,0.079,0,28.25,32.16
1449.05,steptest,93.0625,,0.079,0,28.25,32.37
1449.30,steptest,93.0000,,0.079,0,28.25,32.79
1449.55,steptest,93.0000,,0.079,0,28.25,32.79
1449.80,steptest,93.0000,,0.079,0,28.31,33.01
1450.05,steptest,92.9375,,0.079,0,28.31,32.58
1450.30,steptest,92.9375,,0.079,0,28.31,32.36
1450.55,steptest,92.9375,,0.079,0,28.31,32.37
1450.80,steptest,92.9375,,0.079,0,28.31,32.58
1451.05,steptest,92.8125,,0.079,0,28.31,32.80
1451.30,steptest,92.6875,,0.079,0,28.25,33.01
1451.55,steptest,92.7500,,0.079,0,28.31,32.58
1451.80,steptest,92.7500,,0.079,0,28.31,32.80
1452.05,steptest,92.7500,,0.079,0,28.31,32.15
1452.30,steptest,92.6250,,0.079,0,28.25,31.94
1452.55,steptest,92.5625,,0.079,0,28.31,32.37
1452.80,steptest,92.5625,,0.079,0,28.31,33.01
1453.05,steptest,92.5625,,0.079,0,28.31,32.15
1453.30,steptest,92.5625,,0.079,0,28.31,31.94
1453.55,steptest,92.3750,,0.079,0,28.25,32.80
1453.80,steptest,92.3750,,0.079,0,28.31,32.58
1454.05,steptest,92.4375,,0.079,0,28.31,33.01
1454.30,steptest,92.3750,,0.079,0,28.31,32.37
1454.55,steptest,92.3125,,0.079,0,28.31,33.22
1454.80,steptest,92.3125,,0.079,0,28.31,32.80
1455.05,steptest,92.3125,,0.079,0,28.31,32.37
1455.30,steptest,92.1875,,0.079,0,28.31,32.37
1455.55,steptest,92.1875,,0.079,0,28.31,32.58
1455.80,steptest,92.0625,,0.079,0,28.31,32.79
1456.05,steptest,92.0625,,0.079,0,28.31,32.36
1456.30,steptest,92.0625,,0.079,0,28.31,32.58
1456.55,steptest,92.0000,,0.079,0,28.31,32.58
1456.80,steptest,91.9375,,0.079,0,28.31,32.16
1457.05,steptest,91.9375,,0.079,0,28.38,32.15
1457.30,steptest,92.0000,,0.079,0,28.38,32.37
1457.55,steptest,91.8750,,0.079,0,28.31,32.37
1457.80,steptest,91.8125,,0.079,0,28.31,32.80
1458.05,steptest,91.7500,,0.079,0,28.31,32.37
1458.30,steptest,91.7500,,0.079,0,28.31,32.58
1458.55,steptest,91.6875,,0.079,0,28.31,32.58
1458.80,steptest,91.6250,,0.079,0,28.31,32.15
1459.05,steptest,91.5625,,0.079,0,28.31,32.79
1459.30,steptest,91.5625,,0.079,0,28.31,31.95
1459.55,steptest,91.6250,,0.079,0,28.38,33.01
1459.80,steptest,91.5000,,0.079,0,28.31,32.58
1460.05,steptest,91.4375,,0.079,0,28.38,31.94
1460.30,steptest,91.4375,,0.079,0,28.31,32.37
1460.55,steptest,91.3750,,0.079,0,28.31,32.15
1460.80,steptest,91.3125,,0.079,0,28.31,32.58
1461.05,steptest,91.3125,,0.079,0,28.38,32.15
1461.30,steptest,91.1875,,0.079,0,28.31,32.58
1461.55,steptest,91.1875,,0.079,0,28.31,32.37
1461.80,steptest,91.2500,,0.079,0,28.38,32.15
1462.05,steptest,91.1875,,0.079,0,28.38,32.58
1462.30,steptest,91.1250,,0.079,0,28.38,32.58
1462.55,steptest,91.1250,,0.079,0,28.38,32.15
1462.80,steptest,90.9375,,0.079,0,28.31,32.58
1463.05,steptest,91.0625,,0.079,0,28.44,32.37
1463.30,steptest,90.9375,,0.079,0,28.38,32.80
1463.55,steptest,90.9375,,0.079,0,28.38,32.58
1463.80,steptest,90.8750,,0.079,0,28.38,32.58
1464.05,steptest,90.8125,,0.079,0,28.38,32.58
1464.30,steptest,90.7500,,0.079,0,28.38,32.37
1464.55,steptest,90.7500,,0.079,0,28.44,32.58
1464.80,steptest,90.7500,,0.079,0,28.44,32.15
1465.05,steptest,90.6875,,0.079,0,28.38,32.15
1465.30,steptest,90.5625,,0.079,0,28.38,32.15
1465.55,steptest,90.5000,,0.079,0,28.38,33.01
1465.80,steptest,90.5000,,0.079,0,28.38,32.58
1466.05,steptest,90.4375,,0.079,0,28.38,32.37
1466.30,steptest,90.4375,,0.079,0,28.44,32.36
1466.55,steptest,90.3750,,0.079,0,28.44,32.80
1466.80,steptest,90.3750,,0.079,0,28.38,32.37
1467.05,steptest,90.2500,,0.079,0,28.38,32.16
1467.30,steptest,90.2500,,0.079,0,28.38,32.37
1467.55,steptest,90.1875,,0.079,0,28.38,32.37
1467.80,steptest,90.1875,,0.079,0,28.44,32.79
1468.05,steptest,90.1875,,0.079,0,28.44,32.58
1468.30,steptest,90.1250,,0.079,0,28.44,33.02
1468.55,steptest,90.0625,,0.079,0,28.44,32.58
1468.80,steptest,90.0000,,0.079,0,28.44,32.80
1469.05,steptest,90.0000,,0.079,0,28.44,33.01
1469.30,steptest,89.9375,,0.079,0,28.44,32.80
1469.55,steptest,89.8750,,0.079,0,28.44,32.15
1469.80,steptest,89.7500,,0.079,0,28.44,33.01
1470.05,steptest,89.8125,,0.079,0,28.50,32.58
1470.30,steptest,89.8125,,0.079,0,28.50,32.58
1470.55,steptest,89.7500,,0.079,0,28.50,32.15
1470.80,steptest,89.6875,,0.079,0,28.50,32.79
1471.05,steptest,89.6250,,0.079,0,28.50,32.58
1471.30,steptest,89.6250,,0.079,0,28.50,32.37
1471.55,steptest,89.6250,,0.079,0,28.50,32.58
1471.80,steptest,89.5625,,0.079,0,28.50,32.15
1472.05,steptest,89.4375,,0.079,0,28.50,32.80
1472.30,steptest,89.4375,,0.079,0,28.50,33.02
1472.55,steptest,89.4375,,0.079,0,28.50,32.37
1472.80,steptest,89.3125,,0.079,0,28.50,32.58
1473.05,steptest,89.2500,,0.079,0,28.50,32.58
1473.30,steptest,89.2500,,0.079,0,28.50,32.58
1473.55,steptest,89.2500,,0.079,0,28.50,32.58
1473.80,steptest,89.1250,,0.079,0,28.50,32.58
1474.05,steptest,89.1250,,0.079,0,28.50,32.58
1474.30,steptest,89.0625,,0.079,0,28.56,32.36
1474.55,steptest,89.0625,,0.079,0,28.56,32.37
1474.80,steptest,89.0000,,0.079,0,28.50,32.80
1475.05,steptest,88.8750,,0.079,0,28.50,32.58
1475.30,steptest,88.8125,,0.079,0,28.50,32.58
1475.55,steptest,88.8125,,0.079,0,28.56,32.58
1475.80,steptest,88.8750,,0.079,0,28.56,32.16
1476.05,steptest,88.7500,,0.079,0,28.50,32.37
1476.30,steptest,88.6250,,0.079,0,28.50,32.80
1476.55,steptest,88.6250,,0.079,0,28.50,32.36
1476.80,steptest,88.6250,,0.079,0,28.50,32.59
1477.05,steptest,88.5000,,0.079,0,28.56,31.94
1477.30,steptest,88.4375,,0.079,0,28.50,33.22
1477.55,steptest,88.5000,,0.079,0,28.56,32.58
1477.80,steptest,88.5000,,0.079,0,28.56,32.58
1478.05,steptest,88.4375,,0.079,0,28.56,32.59
1478.30,steptest,88.3750,,0.079,0,28.56,32.37
1478.55,steptest,88.2500,,0.079,0,28.50,32.36
1478.80,steptest,88.2500,,0.079,0,28.56,32.79
1479.05,steptest,88.2500,,0.079,0,28.56,32.80
1479.30,steptest,88.1875,,0.079,0,28.56,32.37
1479.55,steptest,88.1250,,0.079,0,28.56,32.37
1479.80,steptest,88.0625,,0.079,0,28.56,32.37
1480.05,steptest,88.0625,,0.079,0,28.56,32.80
1480.30,steptest,88.0000,,0.079,0,28.56,32.58
1480.55,steptest,87.9375,,0.079,0,28.56,32.79
1480.80,steptest,87.8750,,0.079,0,28.56,32.16
1481.05,steptest,87.8750,,0.079,0,28.56,31.94
1481.30,steptest,87.8125,,0.079,0,28.56,32.36
1481.55,steptest,87.7500,,0.079,0,28.56,32.79
1481.80,steptest,87.7500,,0.079,0,28.56,32.15
1482.05,steptest,87.7500,,0.079,0,28.56,32.58
1482.30,steptest,87.6250,,0.079,0,28.56,32.37
1482.55,steptest,87.5625,,0.079,0,28.56,33.01
1482.80,steptest,87.5625,,0.079,0,28.56,32.80
1483.05,steptest,87.4375,,0.079,0,28.56,32.58
1483.30,steptest,87.4375,,0.079,0,28.56,32.79
1483.55,steptest,87.3750,,0.079,0,28.56,32.58
1483.80,steptest,87.3750,,0.079,0,28.63,32.15
1484.05,steptest,87.3750,,0.079,0,28.63,32.15
1484.30,steptest,87.3750,,0.079,0,28.63,32.58
1484.55,steptest,87.2500,,0.079,0,28.63,31.94
1484.80,steptest,87.1875,,0.079,0,28.63,32.37
1485.05,steptest,87.1250,,0.079,0,28.56,32.79
1485.30,steptest,87.1250,,0.079,0,28.63,32.15
1485.55,steptest,87.0625,,0.079,0,28.63,32.80
1485.80,steptest,87.0625,,0.079,0,28.63,33.22
1486.05,steptest,87.0000,,0.079,0,28.63,32.58
1486.30,steptest,86.9375,,0.079,0,28.63,32.37
1486.55,steptest,86.9375,,0.079,0,28.63,33.22
1486.80,steptest,86.8750,,0.079,0,28.63,32.15
1487.05,steptest,86.8125,,0.079,0,28.63,32.58
1487.30,steptest,86.7500,,0.079,0,28.63,32.79
1487.55,steptest,86.7500,,0.079,0,28.63,32.58
1487.80,steptest,86.6875,,0.079,0,28.63,32.37
1488.05,steptest,86.6250,,0.079,0,28.63,32.37
1488.30,steptest,86.5625,,0.079,0,28.63,32.79
1488.55,steptest,86.5000,,0.079,0,28.63,32.58
1488.80,steptest,86.5000,,0.079,0,28.63,32.79
1489.05,steptest,86.4375,,0.079,0,28.63,32.79
1489.30,steptest,86.4375,,0.079,0,28.63,33.01
1489.55,steptest,86.3125,,0.079,0,28.63,33.01
1489.80,steptest,86.3125,,0.079,0,28.63,32.80
1490.05,steptest,86.2500,,0.079,0,28.63,31.94
1490.30,steptest,86.3125,,0.079,0,28.69,32.16
1490.55,steptest,86.1875,,0.079,0,28.69,32.15
1490.80,steptest,86.1875,,0.079,0,28.69,32.36
1491.05,steptest,86.1875,,0.079,0,28.69,32.58
1491.30,steptest,86.0625,,0.079,0,28.63,32.79
1491.55,steptest,86.0625,,0.079,0,28.69,33.01
1491.80,steptest,86.0000,,0.079,0,28.69,31.94
1492.05,steptest,86.0000,,0.079,0,28.69,32.58
1492.30,steptest,85.8750,,0.079,0,28.69,32.37
1492.55,steptest,85.8750,,0.079,0,28.69,32.79
1492.80,steptest,85.8125,,0.079,0,28.69,32.58
1493.05,steptest,85.8125,,0.079,0,28.69,32.37
1493.30,steptest,85.7500,,0.079,0,28.69,31.94
1493.55,steptest,85.6875,,0.079,0,28.69,32.15
1493.80,steptest,85.6250,,0.079,0,28.69,32.58
1494.05,steptest,85.6250,,0.079,0,28.69,32.15
1494.30,steptest,85.5625,,0.079,0,28.69,32.79
1494.55,steptest,85.5000,,0.079,0,28.69,32.37
1494.80,steptest,85.5000,,0.079,0,28.69,32.58
1495.05,steptest,85.4375,,0.079,0,28.69,32.15
1495.30,steptest,85.4375,,0.079,0,28.69,32.15
1495.55,steptest,85.3750,,0.079,0,28.69,32.58
1495.80,steptest,85.3125,,0.079,0,28.69,32.58
1496.05,steptest,85.2500,,0.079,0,28.69,32.15
1496.30,steptest,85.2500,,0.079,0,28.69,32.79
1496.55,steptest,85.1250,,0.079,0,28.69,32.79
1496.80,steptest,85.1875,,0.079,0,28.75,32.58
1497.05,steptest,85.1875,,0.079,0,28.75,32.80
1497.30,steptest,85.1875,,0.079,0,28.75,32.58
1497.55,steptest,85.0625,,0.079,0,28.75,32.37
1497.80,steptest,85.0000,,0.079,0,28.75,32.36
1498.05,steptest,84.9375,,0.079,0,28.75,32.58
1498.30,steptest,84.9375,,0.079,0,28.75,32.58
1498.55,steptest,84.9375,,0.079,0,28.75,32.37
1498.80,steptest,84.8750,,0.079,0,28.75,32.15
1499.05,steptest,84.8125,,0.079,0,28.75,32.58
1499.30,steptest,84.7500,,0.079,0,28.75,32.58
1499.55,steptest,84.7500,,0.079,0,28.75,32.58
1499.80,steptest,84.6875,,0.079,0,28.75,32.58
1500.05,steptest,84.6250,,0.079,0,28.75,32.58
1500.30,steptest,84.6250,,0.079,0,28.81,32.15
1500.55,steptest,84.6250,,0.079,0,28.75,32.58
1500.80,steptest,84.5000,,0.079,0,28.75,32.79
1501.05,steptest,84.4375,,0.079,0,28.75,32.58
1501.30,steptest,84.5000,,0.079,0,28.81,32.58
1501.55,steptest,84.3750,,0.079,0,28.75,32.37
1501.80,steptest,84.3750,,0.079,0,28.75,32.58
1502.05,steptest,84.3750,,0.079,0,28.81,32.36
1502.30,steptest,84.2500,,0.079,0,28.81,32.58
1502.55,steptest,84.2500,,0.079,0,28.81,32.15
1502.80,steptest,84.2500,,0.079,0,28.81,33.01
1503.05,steptest,84.2500,,0.079,0,28.81,32.58
1503.30,steptest,84.0625,,0.079,0,28.81,32.58
1503.55,steptest,84.0625,,0.079,0,28.81,32.37
1503.80,steptest,84.0625,,0.079,0,28.81,32.79
1504.05,steptest,84.0625,,0.079,0,28.81,32.15
1504.30,steptest,84.0000,,0.079,0,28.88,32.58
1504.55,steptest,83.9375,,0.079,0,28.88,31.95
1504.80,steptest,83.9375,,0.079,0,28.88,32.58
1505.05,steptest,83.9375,,0.079,0,28.88,32.58
1505.30,steptest,83.8125,,0.079,0,28.81,33.44
1505.55,steptest,83.8125,,0.079,0,28.88,32.58
1505.80,steptest,83.7500,,0.079,0,28.88,32.58
1506.05,steptest,83.7500,,0.079,0,28.88,32.15
1506.30,steptest,83.6875,,0.079,0,28.88,31.94
1506.55,steptest,83.5625,,0.079,0,28.81,32.37
1506.80,steptest,83.5625,,0.079,0,28.88,32.15
1507.05,steptest,83.5625,,0.079,0,28.88,32.80
1507.30,steptest,83.5625,,0.079,0,28.88,32.37
1507.55,steptest,83.5000,,0.079,0,28.88,32.37
1507.80,steptest,83.4375,,0.079,0,28.88,32.37
1508.05,steptest,83.3750,,0.079,0,28.88,32.58
1508.30,steptest,83.3750,,0.079,0,28.88,32.80
1508.55,steptest,83.3750,,0.079,0,28.94,32.58
1508.80,steptest,83.3125,,0.079,0,28.94,31.94
1509.05,steptest,83.2500,,0.079,0,28.94,32.37
1509.30,steptest,83.2500,,0.079,0,28.94,32.58
1509.55,steptest,83.2500,,0.079,0,28.94,32.37
1509.80,steptest,83.1250,,0.079,0,28.88,31.94
1510.05,steptest,83.0000,,0.079,0,28.88,32.79
1510.30,steptest,83.0000,,0.079,0,28.94,32.37
1510.55,steptest,83.0000,,0.079,0,28.94,32.58
1510.80,steptest,82.9375,,0.079,0,28.88,32.58
1511.05,steptest,82.9375,,0.079,0,28.94,33.00
1511.30,steptest,82.8125,,0.079,0,28.88,32.58
1511.55,steptest,82.8125,,0.079,0,28.88,32.58
1511.80,steptest,82.8125,,0.079,0,28.94,33.01
1512.05,steptest,82.7500,,0.079,0,28.88,31.94
1512.30,steptest,82.7500,,0.079,0,28.94,32.80
1512.55,steptest,82.7500,,0.079,0,28.94,33.01
1512.80,steptest,82.6250,,0.079,0,28.94,32.15
1513.05,steptest,82.6250,,0.079,0,28.94,32.58
1513.30,steptest,82.5000,,0.079,0,28.94,32.58
1513.55,steptest,82.5000,,0.079,0,28.94,32.58
1513.80,steptest,82.5000,,0.079,0,28.94,32.80
1514.05,steptest,82.4375,,0.079,0,28.94,32.15
1514.30,steptest,82.3750,,0.079,0,28.94,32.58
1514.55,steptest,82.3125,,0.079,0,28.94,32.15
1514.80,steptest,82.3125,,0.079,0,28.94,33.01
1515.05,steptest,82.2500,,0.079,0,28.94,32.37
1515.30,steptest,82.2500,,0.079,0,28.94,32.58
1515.55,steptest,82.1875,,0.079,0,28.94,32.58
1515.80,steptest,82.1875,,0.079,0,28.94,32.58
1516.05,steptest,82.1250,,0.079,0,28.94,32.58
1516.30,steptest,82.0625,,0.079,0,28.94,32.80
1516.55,steptest,82.1250,,0.079,0,29.00,32.37
1516.80,steptest,81.9375,,0.079,0,28.94,31.94
1517.05,steptest,81.9375,,0.079,0,28.94,32.37
1517.30,steptest,82.0000,,0.079,0,29.00,32.58
1517.55,steptest,81.9375,,0.079,0,29.00,33.01
1517.80,steptest,81.8750,,0.079,0,29.00,32.58
1518.05,steptest,81.8750,,0.079,0,29.00,32.58
1518.30,steptest,81.7500,,0.079,0,28.94,32.58
1518.55,steptest,81.7500,,0.079,0,29.00,32.37
1518.80,steptest,81.6250,,0.079,0,28.94,32.36
1519.05,steptest,81.6250,,0.079,0,29.00,32.80
1519.30,steptest,81.6250,,0.079,0,29.00,32.37
1519.55,steptest,81.6250,,0.079,0,29.00,32.36
1519.80,steptest,81.5625,,0.079,0,29.00,32.58
1520.05,steptest,81.5000,,0.079,0,29.00,32.58
1520.30,steptest,81.5000,,0.079,0,29.00,32.37
1520.55,steptest,81.4375,,0.079,0,29.00,32.58
1520.80,steptest,81.4375,,0.079,0,29.00,32.17
1521.05,steptest,81.3750,,0.079,0,29.00,32.58
1521.30,steptest,81.3750,,0.079,0,29.00,31.95
1521.55,steptest,81.3125,,0.079,0,29.00,32.37
1521.80,steptest,81.1875,,0.079,0,29.00,32.80
1522.05,steptest,81.2500,,0.079,0,29.06,32.37
1522.30,steptest,81.2500,,0.079,0,29.06,32.37
1522.55,steptest,81.2500,,0.079,0,29.06,32.80
1522.80,steptest,81.1250,,0.079,0,29.06,32.37
1523.05,steptest,81.0625,,0.079,0,29.00,33.22
1523.30,steptest,80.9375,,0.079,0,29.00,32.36
1523.55,steptest,80.9375,,0.079,0,29.00,32.58
1523.80,steptest,80.9375,,0.079,0,29.00,32.16
1524.05,steptest,80.8750,,0.079,0,29.00,32.79
1524.30,steptest,80.8125,,0.079,0,29.06,33.22
1524.55,steptest,80.8125,,0.079,0,29.06,32.37
1524.80,steptest,80.8125,,0.079,0,29.06,32.58
1525.05,steptest,80.8125,,0.079,0,29.06,32.79
1525.30,steptest,80.7500,,0.079,0,29.06,32.58
1525.55,steptest,80.6875,,0.079,0,29.06,32.37
1525.80,steptest,80.6875,,0.079,0,29.06,32.37
1526.05,steptest,80.6250,,0.079,0,29.06,32.79
1526.30,steptest,80.6250,,0.079,0,29.13,32.36
1526.55,steptest,80.6250,,0.079,0,29.13,31.73
1526.80,steptest,80.6250,,0.079,0,29.13,32.58
1527.05,steptest,80.4375,,0.079,0,29.06,32.15
1527.30,steptest,80.4375,,0.079,0,29.06,32.79
1527.55,steptest,80.5000,,0.079,0,29.13,32.15
1527.80,steptest,80.5000,,0.079,0,29.06,32.15
1528.05,steptest,80.3125,,0.079,0,29.06,32.37
1528.30,steptest,80.3125,,0.079,0,29.13,32.36
1528.55,steptest,80.3125,,0.079,0,29.13,31.93
1528.80,steptest,80.2500,,0.079,0,29.13,32.79
1529.05,steptest,80.2500,,0.079,0,29.13,32.37
1529.30,steptest,80.1875,,0.079,0,29.13,32.79
1529.55,steptest,80.1250,,0.079,0,29.13,33.01
1529.80,steptest,80.1875,,0.079,0,29.19,32.58
1530.05,steptest,80.1875,,0.079,0,29.19,33.01
1530.30,steptest,80.0000,,0.079,0,29.13,32.58
1530.55,steptest,80.0000,,0.079,0,29.13,32.59
1530.80,steptest,80.0000,,0.079,0,29.19,32.80
1531.05,steptest,80.0000,,0.079,0,29.19,32.58
1531.30,steptest,80.0000,,0.079,0,29.19,32.58
1531.55,steptest,79.9375,,0.079,0,29.19,32.37
1531.80,steptest,79.8750,,0.079,0,29.19,32.37
1532.05,steptest,79.8125,,0.079,0,29.19,32.79
1532.30,steptest,79.8125,,0.079,0,29.19,32.37
1532.55,steptest,79.8125,,0.079,0,29.19,33.01
1532.80,steptest,79.6875,,0.079,0,29.19,32.79
1533.05,steptest,79.6250,,0.079,0,29.19,33.22
1533.30,steptest,79.6250,,0.079,0,29.19,32.80
1533.55,steptest,79.6250,,0.079,0,29.19,32.58
1533.80,steptest,79.5625,,0.079,0,29.19,33.44
1534.05,steptest,79.5000,,0.079,0,29.19,33.22
1534.30,steptest,79.4375,,0.079,0,29.19,32.79
1534.55,steptest,79.4375,,0.079,0,29.19,33.22
1534.80,steptest,79.4375,,0.079,0,29.25,32.58
1535.05,steptest,79.3750,,0.079,0,29.19,32.37
1535.30,steptest,79.3125,,0.079,0,29.19,32.80
1535.55,steptest,79.3125,,0.079,0,29.19,32.17
1535.80,steptest,79.2500,,0.079,0,29.19,32.80
1536.05,steptest,79.2500,,0.079,0,29.19,33.01
1536.30,steptest,79.2500,,0.079,0,29.25,32.79
1536.55,steptest,79.2500,,0.079,0,29.19,32.79
1536.80,steptest,79.1250,,0.079,0,29.19,32.58
1537.05,steptest,79.1250,,0.079,0,29.25,32.58
1537.30,steptest,79.0625,,0.079,0,29.25,32.17
1537.55,steptest,79.0625,,0.079,0,29.25,32.58
1537.80,steptest,79.0625,,0.079,0,29.25,32.15
1538.05,steptest,79.0000,,0.079,0,29.25,32.37
1538.30,steptest,78.9375,,0.079,0,29.25,33.01
1538.55,steptest,78.8750,,0.079,0,29.25,32.58
1538.80,steptest,78.8750,,0.079,0,29.25,31.73
1539.05,steptest,78.9375,,0.079,0,29.31,32.80
1539.30,steptest,78.8750,,0.079,0,29.25,32.79
1539.55,steptest,78.7500,,0.079,0,29.25,32.58
1539.80,steptest,78.7500,,0.079,0,29.25,32.80
1540.05,steptest,78.6875,,0.079,0,29.25,32.36
1540.30,steptest,78.6875,,0.079,0,29.25,33.01
1540.55,steptest,78.6250,,0.079,0,29.25,31.95
1540.80,steptest,78.6250,,0.079,0,29.25,32.79
1541.05,steptest,78.6250,,0.079,0,29.25,32.80
1541.30,steptest,78.5625,,0.079,0,29.31,32.79
1541.55,steptest,78.5000,,0.079,0,29.25,33.01
1541.80,steptest,78.5625,,0.079,0,29.31,32.58
1542.05,steptest,78.5625,,0.079,0,29.31,32.58
1542.30,steptest,78.4375,,0.079,0,29.31,32.37
1542.55,steptest,78.3750,,0.079,0,29.31,32.58
1542.80,steptest,78.3750,,0.079,0,29.31,32.15
1543.05,steptest,78.3750,,0.079,0,29.25,32.15
1543.30,steptest,78.2500,,0.079,0,29.25,32.15
1543.55,steptest,78.3125,,0.079,0,29.31,32.80
1543.80,steptest,78.1875,,0.079,0,29.31,32.58
1544.05,steptest,78.1875,,0.079,0,29.31,32.58
1544.30,steptest,78.1875,,0.079,0,29.31,32.58
1544.55,steptest,78.1875,,0.079,0,29.38,32.79
1544.80,steptest,78.1250,,0.079,0,29.31,33.22
1545.05,steptest,78.1250,,0.079,0,29.38,32.15
1545.30,steptest,78.1250,,0.079,0,29.31,32.58
1545.55,steptest,77.9375,,0.079,0,29.31,32.79
1545.80,steptest,78.0000,,0.079,0,29.38,32.80
1546.05,steptest,78.0000,,0.079,0,29.38,31.94
1546.30,steptest,77.8750,,0.079,0,29.31,32.37
1546.55,steptest,77.8750,,0.079,0,29.31,32.15
1546.80,steptest,77.8125,,0.079,0,29.31,31.94
1547.05,steptest,77.7500,,0.079,0,29.31,32.37
1547.30,steptest,77.7500,,0.079,0,29.31,32.79
1547.55,steptest,77.7500,,0.079,0,29.31,32.15
1547.80,steptest,77.6875,,0.079,0,29.31,32.79
1548.05,steptest,77.6875,,0.079,0,29.38,32.37
1548.30,steptest,77.6250,,0.079,0,29.38,32.80
1548.55,steptest,77.6250,,0.079,0,29.38,33.01
1548.80,steptest,77.6250,,0.079,0,29.38,32.80
1549.05,steptest,77.5625,,0.079,0,29.38,32.37
1549.30,steptest,77.5000,,0.079,0,29.38,32.58
1549.55,steptest,77.4375,,0.079,0,29.38,32.58
1549.80,steptest,77.4375,,0.079,0,29.38,32.58
1550.05,steptest,77.4375,,0.079,0,29.38,32.58
1550.30,steptest,77.4375,,0.079,0,29.38,33.01
1550.55,steptest,77.3125,,0.079,0,29.38,32.79
1550.80,steptest,77.3125,,0.079,0,29.38,32.15
1551.05,steptest,77.3125,,0.079,0,29.38,32.15
1551.30,steptest,77.2500,,0.079,0,29.38,32.58
1551.55,steptest,77.2500,,0.079,0,29.38,32.58
1551.80,steptest,77.2500,,0.079,0,29.38,32.58
1552.05,steptest,77.1875,,0.079,0,29.38,32.80
1552.30,steptest,77.1875,,0.079,0,29.44,32.79
1552.55,steptest,77.1250,,0.079,0,29.44,32.80
1552.80,steptest,77.0625,,0.079,0,29.38,32.58
1553.05,steptest,77.0625,,0.079,0,29.38,33.22
1553.30,steptest,77.0000,,0.079,0,29.38,32.37
1553.55,steptest,77.0000,,0.079,0,29.44,33.22
1553.80,steptest,76.8750,,0.079,0,29.38,32.36
1554.05,steptest,76.8750,,0.079,0,29.38,32.37
1554.30,steptest,76.8750,,0.079,0,29.38,32.37
1554.55,steptest,76.9375,,0.079,0,29.44,32.37
1554.80,steptest,76.8750,,0.079,0,29.44,33.22
1555.05,steptest,76.8750,,0.079,0,29.44,32.37
1555.30,steptest,76.8125,,0.079,0,29.44,32.58
1555.55,steptest,76.7500,,0.079,0,29.44,32.16
1555.80,steptest,76.7500,,0.079,0,29.44,32.58
1556.05,steptest,76.6875,,0.079,0,29.44,32.36
1556.30,steptest,76.6875,,0.079,0,29.44,32.37
1556.55,steptest,76.6250,,0.079,0,29.44,32.58
1556.80,steptest,76.6250,,0.079,0,29.50,32.59
1557.05,steptest,76.5625,,0.079,0,29.44,32.79
1557.30,steptest,76.5625,,0.079,0,29.44,32.58
1557.55,steptest,76.5000,,0.079,0,29.44,32.36
1557.80,steptest,76.5000,,0.079,0,29.50,31.94
1558.05,steptest,76.3750,,0.079,0,29.44,32.37
1558.30,steptest,76.3750,,0.079,0,29.50,32.79
1558.55,steptest,76.4375,,0.079,0,29.50,32.37
1558.80,steptest,76.3125,,0.079,0,29.44,32.58
1559.05,steptest,76.3750,,0.079,0,29.50,32.16
1559.30,steptest,76.3125,,0.079,0,29.50,32.37
1559.55,steptest,76.3125,,0.079,0,29.50,32.80
1559.80,steptest,76.2500,,0.079,0,29.50,33.01
1560.05,steptest,76.1875,,0.079,0,29.50,32.79
1560.30,steptest,76.1875,,0.079,0,29.44,32.15
1560.55,steptest,76.1875,,0.079,0,29.44,32.79
1560.80,steptest,76.1250,,0.079,0,29.50,32.37
1561.05,steptest,76.1250,,0.079,0,29.50,32.37
1561.30,steptest,76.0625,,0.079,0,29.50,33.22
1561.55,steptest,76.0625,,0.079,0,29.50,32.58
1561.80,steptest,76.0000,,0.079,0,29.50,33.01
1562.05,steptest,76.0625,,0.079,0,29.56,32.17
1562.30,steptest,75.9375,,0.079,0,29.50,32.59
1562.55,steptest,75.8750,,0.079,0,29.50,32.58
1562.80,steptest,75.8750,,0.079,0,29.50,32.58
1563.05,steptest,75.8750,,0.079,0,29.56,32.58
1563.30,steptest,75.8750,,0.079,0,29.56,32.58
1563.55,steptest,75.8125,,0.079,0,29.50,31.94
1563.80,steptest,75.8125,,0.079,0,29.50,32.58
1564.05,steptest,75.7500,,0.079,0,29.56,32.37
1564.30,steptest,75.6875,,0.079,0,29.50,32.58
1564.55,steptest,75.6875,,0.079,0,29.56,33.00
1564.80,steptest,75.6875,,0.079,0,29.56,33.44
1565.05,steptest,75.6875,,0.079,0,29.56,32.15
1565.30,steptest,75.6875,,0.079,0,29.56,32.58
1565.55,steptest,75.5625,,0.079,0,29.56,32.58
1565.80,steptest,75.5625,,0.079,0,29.56,32.58
1566.05,steptest,75.5625,,0.079,0,29.56,32.79
1566.30,steptest,75.5625,,0.079,0,29.63,32.79
1566.55,steptest,75.5000,,0.079,0,29.56,33.23
1566.80,steptest,75.4375,,0.079,0,29.56,32.58
1567.05,steptest,75.4375,,0.079,0,29.56,32.80
1567.30,steptest,75.5000,,0.079,0,29.63,32.58
1567.55,steptest,75.3750,,0.079,0,29.63,32.37
1567.80,steptest,75.3750,,0.079,0,29.63,32.79
1568.05,steptest,75.3750,,0.079,0,29.56,32.58
1568.30,steptest,75.2500,,0.079,0,29.56,32.36
1568.55,steptest,75.3125,,0.079,0,29.63,32.15
1568.80,steptest,75.2500,,0.079,0,29.63,31.94
1569.05,steptest,75.1875,,0.079,0,29.63,32.58
1569.30,steptest,75.1875,,0.079,0,29.63,32.57
1569.55,steptest,75.1250,,0.079,0,29.56,32.15
1569.80,steptest,75.1875,,0.079,0,29.63,32.37
1570.05,steptest,75.1250,,0.079,0,29.63,32.37
1570.30,steptest,75.1250,,0.079,0,29.63,32.80
1570.55,steptest,75.0625,,0.079,0,29.63,32.80
1570.80,steptest,75.0000,,0.079,0,29.63,31.94
1571.05,steptest,75.0000,,0.079,0,29.63,32.16
1571.30,steptest,75.0000,,0.079,0,29.63,32.58
1571.55,steptest,75.0000,,0.079,0,29.63,32.15
1571.80,steptest,74.8750,,0.079,0,29.63,32.37
1572.05,steptest,74.8750,,0.079,0,29.63,32.58
1572.30,steptest,74.8750,,0.079,0,29.69,32.80
1572.55,steptest,74.8750,,0.079,0,29.69,32.37
1572.80,steptest,74.8750,,0.079,0,29.69,32.79
1573.05,steptest,74.8125,,0.079,0,29.69,32.36
1573.30,steptest,74.7500,,0.079,0,29.69,32.15
1573.55,steptest,74.7500,,0.079,0,29.69,32.80
1573.80,steptest,74.7500,,0.079,0,29.69,32.80
1574.05,steptest,74.6875,,0.079,0,29.69,32.57
1574.30,steptest,74.6250,,0.079,0,29.69,32.15
1574.55,steptest,74.6250,,0.079,0,29.69,33.01
1574.80,steptest,74.6250,,0.079,0,29.69,32.59
1575.05,steptest,74.5625,,0.079,0,29.69,32.58
1575.30,steptest,74.5000,,0.079,0,29.63,32.58
1575.55,steptest,74.5000,,0.079,0,29.69,32.37
1575.80,steptest,74.5000,,0.079,0,29.69,33.01
1576.05,steptest,74.4375,,0.079,0,29.69,32.80
1576.30,steptest,74.4375,,0.079,0,29.69,32.58
1576.55,steptest,74.3750,,0.079,0,29.69,32.58
1576.80,steptest,74.3750,,0.079,0,29.69,32.15
1577.05,steptest,74.3125,,0.079,0,29.69,32.58
1577.30,steptest,74.3125,,0.079,0,29.69,32.37
1577.55,steptest,74.2500,,0.079,0,29.69,32.37
1577.80,steptest,74.2500,,0.079,0,29.69,31.94
1578.05,steptest,74.2500,,0.079,0,29.69,32.58
1578.30,steptest,74.1250,,0.079,0,29.63,33.01
1578.55,steptest,74.1875,,0.079,0,29.69,32.58
1578.80,steptest,74.1875,,0.079,0,29.75,32.37
1579.05,steptest,74.1875,,0.079,0,29.75,32.58
1579.30,steptest,74.0625,,0.079,0,29.69,33.22
1579.55,steptest,74.1250,,0.079,0,29.75,32.15
1579.80,steptest,74.1250,,0.079,0,29.75,32.15
1580.05,steptest,74.1250,,0.079,0,29.69,32.58
1580.30,steptest,74.0000,,0.079,0,29.69,32.15
1580.55,steptest,73.9375,,0.079,0,29.69,32.37
1580.80,steptest,73.9375,,0.079,0,29.75,31.94
1581.05,steptest,73.9375,,0.079,0,29.75,32.58
1581.30,steptest,73.9375,,0.079,0,29.75,32.59
1581.55,steptest,73.8750,,0.079,0,29.75,32.58
1581.80,steptest,73.8125,,0.079,0,29.75,32.38
1582.05,steptest,73.8125,,0.079,0,29.75,32.37
1582.30,steptest,73.8125,,0.079,0,29.75,32.58
1582.55,steptest,73.7500,,0.079,0,29.75,32.58
1582.80,steptest,73.7500,,0.079,0,29.75,32.37
1583.05,steptest,73.6875,,0.079,0,29.75,32.79
1583.30,steptest,73.6250,,0.079,0,29.75,32.15
1583.55,steptest,73.6250,,0.079,0,29.75,32.36
# step 100C up 1: duty 0.229, ceiling 120 C, 60 s
1583.80,steptest,73.6250,,0.229,0,29.75,32.37
1584.05,steptest,73.5625,,0.229,0,29.75,32.37
1584.30,steptest,73.5625,,0.229,0,29.75,32.79
1584.55,steptest,73.5625,,0.229,0,29.75,32.37
1584.80,steptest,73.5000,,0.229,0,29.75,32.58
1585.05,steptest,73.5000,,0.229,0,29.81,32.58
1585.30,steptest,73.4375,,0.229,0,29.75,32.80
1585.55,steptest,73.4375,,0.229,1,29.75,32.36
1585.80,steptest,73.3750,,0.229,1,29.75,32.59
1586.05,steptest,73.4375,,0.229,1,29.81,32.16
1586.30,steptest,73.3750,,0.229,1,29.75,32.58
1586.55,steptest,73.3125,,0.229,0,29.75,32.79
1586.80,steptest,73.3125,,0.229,0,29.75,32.37
1587.05,steptest,73.2500,,0.229,0,29.75,32.37
1587.30,steptest,73.1875,,0.229,0,29.75,32.36
1587.55,steptest,73.1875,,0.229,0,29.75,33.22
1587.80,steptest,73.1875,,0.229,0,29.75,32.58
1588.05,steptest,73.1875,,0.229,0,29.75,32.79
1588.30,steptest,73.1875,,0.229,0,29.81,32.37
1588.55,steptest,73.1250,,0.229,0,29.81,32.58
1588.80,steptest,73.1250,,0.229,0,29.81,32.37
1589.05,steptest,73.1250,,0.229,0,29.81,32.58
1589.30,steptest,73.0625,,0.229,0,29.81,32.58
1589.55,steptest,73.0625,,0.229,1,29.81,32.15
1589.80,steptest,73.0000,,0.229,1,29.81,32.80
1590.05,steptest,73.0000,,0.229,1,29.81,32.59
1590.30,steptest,73.0000,,0.229,1,29.81,32.37
1590.55,steptest,72.9375,,0.229,0,29.81,32.58
1590.80,steptest,73.0000,,0.229,0,29.88,32.37
1591.05,steptest,73.0000,,0.229,0,29.88,32.36
1591.30,steptest,72.9375,,0.229,0,29.88,32.58
1591.55,steptest,72.8125,,0.229,0,29.81,32.15
1591.80,steptest,72.8125,,0.229,0,29.81,32.37
1592.05,steptest,72.8125,,0.229,0,29.81,32.37
1592.30,steptest,72.8125,,0.229,0,29.81,32.37
1592.55,steptest,72.7500,,0.229,0,29.81,33.00
1592.80,steptest,72.7500,,0.229,0,29.88,32.58
1593.05,steptest,72.7500,,0.229,0,29.88,32.81
1593.30,steptest,72.7500,,0.229,0,29.88,33.01
1593.55,steptest,72.6875,,0.229,1,29.88,32.79
1593.80,steptest,72.6875,,0.229,1,29.88,32.80
1594.05,steptest,72.6875,,0.229,1,29.88,32.58
1594.30,steptest,72.6875,,0.229,1,29.88,32.58
1594.55,steptest,72.6875,,0.229,0,29.88,32.37
1594.80,steptest,72.6875,,0.229,0,29.94,32.80
1595.05,steptest,72.5625,,0.229,0,29.88,33.01
1595.30,steptest,72.5625,,0.229,0,29.88,32.58
1595.55,steptest,72.5625,,0.229,0,29.88,32.58
1595.80,steptest,72.5000,,0.229,0,29.88,32.58
1596.05,steptest,72.5625,,0.229,0,29.94,32.58
1596.30,steptest,72.5000,,0.229,0,29.88,32.79
1596.55,steptest,72.5000,,0.229,0,29.88,32.58
1596.80,steptest,72.5000,,0.229,0,29.88,32.37
1597.05,steptest,72.4375,,0.229,0,29.88,32.79
1597.30,steptest,72.5000,,0.229,0,29.94,32.37
1597.55,steptest,72.5000,,0.229,1,29.94,32.37
1597.80,steptest,72.4375,,0.229,1,29.94,32.81
1598.05,steptest,71.8750,,0.229,1,29.94,32.80
1598.30,steptest,72.4375,,0.229,1,29.94,32.80
1598.55,steptest,72.4375,,0.229,0,29.94,32.37
1598.80,steptest,72.3750,,0.229,0,29.94,33.23
1599.05,steptest,72.4375,,0.229,0,30.00,32.58
1599.30,steptest,72.3750,,0.229,0,29.94,31.94
1599.55,steptest,72.3750,,0.229,0,29.94,32.15
1599.80,steptest,72.3750,,0.229,0,29.94,32.58
1600.05,steptest,72.3750,,0.229,0,29.94,32.58
1600.30,steptest,72.3125,,0.229,0,29.94,32.58
1600.55,steptest,72.3750,,0.229,0,30.00,32.59
1600.80,steptest,72.3750,,0.229,0,30.00,32.80
1601.05,steptest,72.3750,,0.229,0,30.00,32.80
1601.30,steptest,72.3125,,0.229,0,29.94,32.15
1601.55,steptest,72.3125,,0.229,1,30.00,32.58
1601.80,steptest,72.3125,,0.229,1,29.94,32.37
1602.05,steptest,72.3125,,0.229,1,29.94,33.01
1602.30,steptest,72.2500,,0.229,1,29.94,32.80
1602.55,steptest,72.3125,,0.229,0,30.00,32.80
1602.80,steptest,72.3125,,0.229,0,30.00,32.37
1603.05,steptest,72.3125,,0.229,0,30.00,32.58
1603.30,steptest,72.2500,,0.229,0,30.00,32.59
1603.55,steptest,72.3125,,0.229,0,30.00,33.01
1603.80,steptest,72.2500,,0.229,0,30.00,32.58
1604.05,steptest,72.2500,,0.229,0,30.00,32.79
1604.30,steptest,72.2500,,0.229,0,30.00,32.36
1604.55,steptest,72.2500,,0.229,0,30.00,32.37
1604.80,steptest,72.2500,,0.229,0,30.00,32.58
1605.05,steptest,72.2500,,0.229,0,30.00,32.58
1605.30,steptest,72.2500,,0.229,0,30.00,32.58
1605.55,steptest,72.3125,,0.229,1,30.06,32.16
1605.80,steptest,72.2500,,0.229,1,30.00,32.58
1606.05,steptest,72.2500,,0.229,1,30.00,31.95
1606.30,steptest,72.2500,,0.229,1,30.00,32.80
1606.55,steptest,72.2500,,0.229,0,30.00,32.58
1606.80,steptest,72.2500,,0.229,0,30.00,32.79
1607.05,steptest,72.2500,,0.229,0,30.00,33.01
1607.30,steptest,72.2500,,0.229,0,30.00,32.80
1607.55,steptest,72.2500,,0.229,0,30.00,32.15
1607.80,steptest,72.2500,,0.229,0,30.00,32.79
1608.05,steptest,72.2500,,0.229,0,30.00,32.79
1608.30,steptest,72.2500,,0.229,0,30.00,32.79
1608.55,steptest,72.2500,,0.229,0,30.00,32.58
1608.80,steptest,72.2500,,0.229,0,30.00,31.94
1609.05,steptest,72.2500,,0.229,0,30.00,32.79
1609.30,steptest,72.2500,,0.229,0,30.00,33.01
1609.55,steptest,72.2500,,0.229,1,30.00,32.58
1609.80,steptest,72.2500,,0.229,1,30.00,32.36
1610.05,steptest,72.3125,,0.229,1,30.00,32.79
1610.30,steptest,72.3750,,0.229,1,30.06,32.79
1610.55,steptest,72.3750,,0.229,0,30.06,32.36
1610.80,steptest,72.3750,,0.229,0,30.06,32.37
1611.05,steptest,72.3750,,0.229,0,30.06,32.80
1611.30,steptest,72.3750,,0.229,0,30.06,33.01
1611.55,steptest,72.4375,,0.229,0,30.06,32.79
1611.80,steptest,72.4375,,0.229,0,30.06,32.15
1612.05,steptest,72.4375,,0.229,0,30.06,32.58
1612.30,steptest,72.4375,,0.229,0,30.06,32.58
1612.55,steptest,72.5000,,0.229,0,30.06,32.59
1612.80,steptest,72.5000,,0.229,0,30.06,31.94
1613.05,steptest,72.5000,,0.229,0,30.06,32.37
1613.30,steptest,72.5000,,0.229,0,30.06,32.15
1613.55,steptest,72.5000,,0.229,1,30.06,33.01
1613.80,steptest,72.5000,,0.229,1,30.06,32.36
1614.05,steptest,72.5000,,0.229,1,30.06,32.80
1614.30,steptest,72.5000,,0.229,1,30.06,32.80
1614.55,steptest,72.5625,,0.229,0,30.13,32.80
1614.80,steptest,72.6250,,0.229,0,30.13,33.01
1615.05,steptest,72.6250,,0.229,0,30.13,33.01
1615.30,steptest,72.5625,,0.229,0,30.06,32.37
1615.55,steptest,72.6250,,0.229,0,30.06,32.58
1615.80,steptest,72.6875,,0.229,0,30.13,33.22
1616.05,steptest,72.6875,,0.229,0,30.13,32.37
1616.30,steptest,72.6875,,0.229,0,30.13,32.59
1616.55,steptest,72.7500,,0.229,0,30.13,33.01
1616.80,steptest,72.7500,,0.229,0,30.13,32.37
1617.05,steptest,72.7500,,0.229,0,30.13,32.79
1617.30,steptest,72.7500,,0.229,0,30.13,32.16
1617.55,steptest,72.8125,,0.229,1,30.13,32.58
1617.80,steptest,72.7500,,0.229,1,30.13,33.01
1618.05,steptest,72.8125,,0.229,1,30.13,32.37
1618.30,steptest,72.8125,,0.229,1,30.13,32.15
1618.55,steptest,72.9375,,0.229,0,30.19,32.37
1618.80,steptest,72.8750,,0.229,0,30.13,32.59
1619.05,steptest,73.0000,,0.229,0,30.19,32.58
1619.30,steptest,73.0000,,0.229,0,30.13,32.80
1619.55,steptest,72.9375,,0.229,0,30.13,33.01
1619.80,steptest,73.0000,,0.229,0,30.19,32.15
1620.05,steptest,73.0000,,0.229,0,30.13,32.79
1620.30,steptest,73.0625,,0.229,0,30.19,32.37
1620.55,steptest,73.0625,,0.229,0,30.19,32.36
1620.80,steptest,73.0625,,0.229,0,30.13,32.16
1621.05,steptest,73.1875,,0.229,0,30.19,32.79
1621.30,steptest,73.1250,,0.229,0,30.13,32.58
1621.55,steptest,73.1250,,0.229,1,30.13,32.80
1621.80,steptest,73.1875,,0.229,1,30.19,33.01
1622.05,steptest,73.0000,,0.229,1,30.19,31.94
1622.30,steptest,73.3125,,0.229,1,30.25,32.37
1622.55,steptest,73.3125,,0.229,0,30.25,32.15
1622.80,steptest,73.3750,,0.229,0,30.25,32.79
1623.05,steptest,73.3750,,0.229,0,30.19,31.73
1623.30,steptest,73.3750,,0.229,0,30.19,32.16
1623.55,steptest,73.5000,,0.229,0,30.25,32.58
1623.80,steptest,73.5000,,0.229,0,30.25,32.37
1624.05,steptest,73.5000,,0.229,0,30.25,32.80
1624.30,steptest,73.5625,,0.229,0,30.25,32.15
1624.55,steptest,73.6250,,0.229,0,30.25,32.58
1624.80,steptest,73.6250,,0.229,0,30.25,33.01
1625.05,steptest,73.6250,,0.229,0,30.25,32.37
1625.30,steptest,73.6250,,0.229,0,30.25,32.37
1625.55,steptest,73.6875,,0.229,1,30.25,32.80
1625.80,steptest,73.6875,,0.229,1,30.19,32.80
1626.05,steptest,74.0625,,0.229,1,30.19,33.01
1626.30,steptest,73.7500,,0.229,1,30.19,32.15
1626.55,steptest,73.8125,,0.229,0,30.25,31.94
1626.80,steptest,73.8750,,0.229,0,30.25,32.37
1627.05,steptest,73.8750,,0.229,0,30.25,31.73
1627.30,steptest,73.9375,,0.229,0,30.25,33.01
1627.55,steptest,73.9375,,0.229,0,30.25,32.58
1627.80,steptest,74.0000,,0.229,0,30.25,32.58
1628.05,steptest,74.0000,,0.229,0,30.25,32.37
1628.30,steptest,74.0625,,0.229,0,30.25,32.58
1628.55,steptest,74.0625,,0.229,0,30.25,32.79
1628.80,steptest,74.1250,,0.229,0,30.25,32.58
1629.05,steptest,74.1250,,0.229,0,30.25,32.37
1629.30,steptest,74.1875,,0.229,0,30.25,32.58
1629.55,steptest,74.2500,,0.229,1,30.31,32.15
1629.80,steptest,74.3125,,0.229,1,30.31,32.80
1630.05,steptest,74.3750,,0.229,1,30.31,32.79
1630.30,steptest,74.3750,,0.229,1,30.31,32.36
1630.55,steptest,74.4375,,0.229,0,30.38,32.37
1630.80,steptest,74.4375,,0.229,0,30.31,32.58
1631.05,steptest,74.4375,,0.229,0,30.31,33.01
1631.30,steptest,74.4375,,0.229,0,30.31,31.52
1631.55,steptest,74.5625,,0.229,0,30.31,33.01
1631.80,steptest,74.6250,,0.229,0,30.31,32.16
1632.05,steptest,74.6250,,0.229,0,30.31,32.37
1632.30,steptest,74.6250,,0.229,0,30.31,32.16
1632.55,steptest,74.7500,,0.229,0,30.31,32.37
1632.80,steptest,74.7500,,0.229,0,30.31,33.01
1633.05,steptest,74.7500,,0.229,0,30.25,32.37
1633.30,steptest,74.8125,,0.229,0,30.31,33.01
1633.55,steptest,74.8125,,0.229,1,30.31,33.44
1633.80,steptest,74.8750,,0.229,1,30.31,32.58
1634.05,steptest,75.0000,,0.229,1,30.31,32.37
1634.30,steptest,75.0000,,0.229,1,30.31,32.37
1634.55,steptest,75.0000,,0.229,0,30.31,33.01
1634.80,steptest,75.0625,,0.229,0,30.38,32.37
1635.05,steptest,75.1250,,0.229,0,30.31,32.37
1635.30,steptest,75.2500,,0.229,0,30.38,33.01
1635.55,steptest,75.2500,,0.229,0,30.38,32.37
1635.80,steptest,75.3125,,0.229,0,30.38,32.58
1636.05,steptest,75.2500,,0.229,0,30.31,32.79
1636.30,steptest,75.3125,,0.229,0,30.31,32.79
1636.55,steptest,75.4375,,0.229,0,30.38,32.80
1636.80,steptest,75.4375,,0.229,0,30.38,32.58
1637.05,steptest,75.5000,,0.229,0,30.38,32.58
1637.30,steptest,75.5625,,0.229,0,30.38,32.58
1637.55,steptest,75.6250,,0.229,1,30.38,32.36
1637.80,steptest,75.6250,,0.229,1,30.38,32.58
1638.05,steptest,75.6875,,0.229,1,30.38,32.37
1638.30,steptest,75.7500,,0.229,1,30.38,32.80
1638.55,steptest,75.7500,,0.229,0,30.31,32.58
1638.80,steptest,75.7500,,0.229,0,30.31,32.58
1639.05,steptest,75.8125,,0.229,0,30.31,32.37
1639.30,steptest,75.8125,,0.229,0,30.31,31.94
1639.55,steptest,75.9375,,0.229,0,30.38,32.58
1639.80,steptest,76.0625,,0.229,0,30.38,32.58
1640.05,steptest,76.0625,,0.229,0,30.38,32.58
1640.30,steptest,76.0625,,0.229,0,30.38,33.23
1640.55,steptest,76.1250,,0.229,0,30.38,32.37
1640.80,steptest,76.2500,,0.229,0,30.38,32.58
1641.05,steptest,76.2500,,0.229,0,30.38,32.79
1641.30,steptest,76.2500,,0.229,0,30.38,32.37
1641.55,steptest,76.3750,,0.229,1,30.38,32.79
1641.80,steptest,76.3750,,0.229,1,30.38,32.58
1642.05,steptest,76.3750,,0.229,1,30.44,32.79
1642.30,steptest,76.5000,,0.229,1,30.44,32.37
1642.55,steptest,76.5625,,0.229,0,30.38,32.58
1642.80,steptest,76.6875,,0.229,0,30.44,31.94
1643.05,steptest,76.6250,,0.229,0,30.38,32.37
1643.30,steptest,76.6250,,0.229,0,30.38,32.59
1643.55,steptest,76.7500,,0.229,0,30.44,32.37
# step 100C down 1: duty 0.000, ceiling 120 C, 60 s
1643.80,steptest,76.8125,,0.000,0,30.38,32.80
1644.21,steptest,76.9375,,0.000,0,30.44,32.80
1644.46,steptest,76.9375,,0.000,0,30.44,32.80
1644.71,steptest,77.1250,,0.000,0,30.50,32.58
1644.96,steptest,77.1250,,0.000,0,30.44,32.36
1645.21,steptest,77.0625,,0.000,0,30.44,32.58
1645.46,steptest,77.1250,,0.000,0,30.44,32.15
1645.71,steptest,77.2500,,0.000,0,30.44,32.79
1645.96,steptest,77.2500,,0.000,0,30.44,32.58
1646.21,steptest,77.2500,,0.000,0,30.44,32.58
1646.46,steptest,77.3125,,0.000,0,30.44,32.59
1646.71,steptest,77.4375,,0.000,0,30.44,31.95
1646.96,steptest,77.4375,,0.000,0,30.44,32.37
1647.21,steptest,77.4375,,0.000,0,30.44,32.37
1647.46,steptest,77.5000,,0.000,0,30.44,32.58
1647.71,steptest,77.5625,,0.000,0,30.44,32.58
1647.96,steptest,77.6250,,0.000,0,30.44,32.58
1648.21,steptest,77.6250,,0.000,0,30.44,32.37
1648.46,steptest,77.6875,,0.000,0,30.44,32.58
1648.71,steptest,77.8125,,0.000,0,30.50,32.58
1648.96,steptest,77.7500,,0.000,0,30.44,31.95
1649.21,steptest,77.7500,,0.000,0,30.44,32.79
1649.46,steptest,77.8125,,0.000,0,30.44,33.01
1649.71,steptest,77.9375,,0.000,0,30.50,32.58
1649.96,steptest,78.0000,,0.000,0,30.50,32.37
1650.21,steptest,78.0000,,0.000,0,30.44,32.58
1650.46,steptest,78.0000,,0.000,0,30.44,32.37
1650.71,steptest,78.0625,,0.000,0,30.50,32.58
1650.96,steptest,78.1250,,0.000,0,30.50,32.79
1651.21,steptest,78.1875,,0.000,0,30.50,32.15
1651.46,steptest,78.1875,,0.000,0,30.50,32.80
1651.71,steptest,78.2500,,0.000,0,30.50,32.37
1651.96,steptest,78.3125,,0.000,0,30.56,32.37
1652.21,steptest,78.3125,,0.000,0,30.50,32.37
1652.46,steptest,78.3125,,0.000,0,30.56,32.80
1652.71,steptest,78.5000,,0.000,0,30.56,32.37
1652.96,steptest,78.4375,,0.000,0,30.50,32.80
1653.21,steptest,78.4375,,0.000,0,30.50,32.15
1653.46,steptest,78.5000,,0.000,0,30.50,32.37
1653.71,steptest,78.5000,,0.000,0,30.50,32.58
1653.96,steptest,78.5625,,0.000,0,30.56,32.79
1654.21,steptest,78.6875,,0.000,0,30.56,32.37
1654.46,steptest,78.7500,,0.000,0,30.56,32.37
1654.71,steptest,78.7500,,0.000,0,30.56,32.58
1654.96,steptest,78.7500,,0.000,0,30.56,32.58
1655.21,steptest,78.7500,,0.000,0,30.56,32.16
1655.46,steptest,78.8125,,0.000,0,30.56,32.80
1655.71,steptest,78.8125,,0.000,0,30.56,33.01
1655.96,steptest,78.8750,,0.000,0,30.56,32.58
1656.21,steptest,78.8750,,0.000,0,30.56,32.79
1656.46,steptest,78.9375,,0.000,0,30.56,31.73
1656.71,steptest,79.0625,,0.000,0,30.63,32.80
1656.96,steptest,79.0625,,0.000,0,30.63,32.58
1657.21,steptest,79.0000,,0.000,0,30.56,32.79
1657.46,steptest,79.1250,,0.000,0,30.63,32.37
1657.71,steptest,79.1250,,0.000,0,30.63,32.58
1657.96,steptest,79.1250,,0.000,0,30.63,32.37
1658.21,steptest,79.1250,,0.000,0,30.56,32.80
1658.46,steptest,79.1250,,0.000,0,30.56,32.58
1658.71,steptest,79.1875,,0.000,0,30.63,32.15
1658.96,steptest,79.1875,,0.000,0,30.63,32.58
1659.21,steptest,79.2500,,0.000,0,30.63,32.37
1659.46,steptest,79.3125,,0.000,0,30.63,33.01
1659.71,steptest,79.3125,,0.000,0,30.63,32.37
1659.96,steptest,79.3750,,0.000,0,30.63,33.01
1660.21,steptest,79.3750,,0.000,0,30.63,32.58
1660.46,steptest,79.3750,,0.000,0,30.63,32.79
1660.71,steptest,79.3750,,0.000,0,30.63,32.79
1660.96,steptest,79.4375,,0.000,0,30.63,32.58
1661.21,steptest,79.4375,,0.000,0,30.63,32.37
1661.46,steptest,79.4375,,0.000,0,30.63,33.01
1661.71,steptest,79.5000,,0.000,0,30.63,32.15
1661.96,steptest,79.5000,,0.000,0,30.63,33.01
1662.21,steptest,79.5000,,0.000,0,30.63,32.58
1662.46,steptest,79.5625,,0.000,0,30.63,33.01
1662.71,steptest,79.6250,,0.000,0,30.69,32.36
1662.96,steptest,79.6250,,0.000,0,30.69,32.15
1663.21,steptest,79.5625,,0.000,0,30.63,32.36
1663.46,steptest,79.5625,,0.000,0,30.63,32.79
1663.71,steptest,79.6250,,0.000,0,30.63,32.36
1663.96,steptest,79.6875,,0.000,0,30.69,32.57
1664.21,steptest,79.6250,,0.000,0,30.63,32.37
1664.46,steptest,79.6250,,0.000,0,30.69,32.58
1664.71,steptest,79.7500,,0.000,0,30.69,32.15
1664.96,steptest,79.7500,,0.000,0,30.63,32.80
1665.21,steptest,79.7500,,0.000,0,30.63,32.37
1665.46,steptest,79.8125,,0.000,0,30.69,32.79
1665.71,steptest,79.8125,,0.000,0,30.69,33.22
1665.96,steptest,79.7500,,0.000,0,30.63,32.36
1666.21,steptest,79.8125,,0.000,0,30.69,33.22
1666.46,steptest,79.8125,,0.000,0,30.69,32.57
1666.71,steptest,79.8125,,0.000,0,30.69,33.01
1666.96,steptest,79.8750,,0.000,0,30.69,32.58
1667.21,steptest,79.8125,,0.000,0,30.69,32.80
1667.46,steptest,79.8750,,0.000,0,30.69,32.16
1667.71,steptest,79.8750,,0.000,0,30.69,32.36
1667.96,steptest,79.8750,,0.000,0,30.69,32.15
1668.21,steptest,79.9375,,0.000,0,30.69,32.37
1668.46,steptest,79.9375,,0.000,0,30.69,32.37
1668.71,steptest,79.9375,,0.000,0,30.69,32.58
1668.96,steptest,79.9375,,0.000,0,30.69,33.01
1669.21,steptest,80.0000,,0.000,0,30.75,32.58
1669.46,steptest,80.0000,,0.000,0,30.75,32.37
1669.71,steptest,80.0000,,0.000,0,30.69,32.58
1669.96,steptest,80.0000,,0.000,0,30.69,32.80
1670.21,steptest,80.0625,,0.000,0,30.75,33.01
1670.46,steptest,80.0000,,0.000,0,30.69,32.80
1670.71,steptest,80.0625,,0.000,0,30.75,32.58
1670.96,steptest,80.0625,,0.000,0,30.69,32.58
1671.21,steptest,80.0000,,0.000,0,30.69,31.72
1671.46,steptest,80.0625,,0.000,0,30.75,32.15
1671.71,steptest,80.0625,,0.000,0,30.75,32.58
1671.96,steptest,80.0000,,0.000,0,30.69,32.15
1672.21,steptest,80.0000,,0.000,0,30.69,32.58
1672.46,steptest,80.0000,,0.000,0,30.69,33.00
1672.71,steptest,80.0625,,0.000,0,30.75,32.16
1672.96,steptest,80.0625,,0.000,0,30.75,32.37
1673.21,steptest,80.0625,,0.000,0,30.75,32.37
1673.46,steptest,80.0625,,0.000,0,30.75,32.58
1673.71,steptest,80.0625,,0.000,0,30.75,33.01
1673.96,steptest,80.0625,,0.000,0,30.75,32.15
1674.21,steptest,80.1250,,0.000,0,30.81,32.15
1674.46,steptest,80.1250,,0.000,0,30.81,32.15
1674.71,steptest,80.0625,,0.000,0,30.75,32.80
1674.96,steptest,80.0625,,0.000,0,30.75,32.15
1675.21,steptest,80.1250,,0.000,0,30.81,32.36
1675.46,steptest,80.1250,,0.000,0,30.81,32.58
1675.71,steptest,80.1875,,0.000,0,30.81,33.01
1675.96,steptest,80.0625,,0.000,0,30.75,31.94
1676.21,steptest,80.0625,,0.000,0,30.75,32.37
1676.46,steptest,80.0625,,0.000,0,30.75,32.58
1676.71,steptest,80.0625,,0.000,0,30.75,32.15
1676.96,steptest,80.1250,,0.000,0,30.75,32.80
1677.21,steptest,80.0625,,0.000,0,30.75,32.80
1677.46,steptest,80.0625,,0.000,0,30.75,31.94
1677.71,steptest,80.0625,,0.000,0,30.75,33.01
1677.96,steptest,80.0625,,0.000,0,30.75,32.79
1678.21,steptest,80.0625,,0.000,0,30.75,32.79
1678.46,steptest,80.0625,,0.000,0,30.75,32.58
1678.71,steptest,80.0625,,0.000,0,30.75,32.79
1678.96,steptest,80.1250,,0.000,0,30.81,32.79
1679.21,steptest,80.1250,,0.000,0,30.81,33.01
1679.46,steptest,80.1250,,0.000,0,30.81,32.37
1679.71,steptest,80.1250,,0.000,0,30.81,32.36
1679.96,steptest,80.1250,,0.000,0,30.81,32.58
1680.21,steptest,80.1250,,0.000,0,30.81,32.15
1680.46,steptest,80.1250,,0.000,0,30.81,32.79
1680.71,steptest,80.1250,,0.000,0,30.81,33.01
1680.96,steptest,80.1250,,0.000,0,30.81,32.37
1681.21,steptest,80.1250,,0.000,0,30.88,31.94
1681.46,steptest,80.1250,,0.000,0,30.88,32.16
1681.71,steptest,80.1250,,0.000,0,30.81,32.80
1681.96,steptest,80.1250,,0.000,0,30.81,32.80
1682.21,steptest,80.1250,,0.000,0,30.81,32.58
1682.46,steptest,80.1250,,0.000,0,30.88,32.79
1682.71,steptest,80.1250,,0.000,0,30.88,32.17
1682.96,steptest,80.1250,,0.000,0,30.88,32.15
1683.21,steptest,80.1250,,0.000,0,30.88,32.37
1683.46,steptest,80.1250,,0.000,0,30.88,32.79
1683.71,steptest,80.1250,,0.000,0,30.88,32.58
1683.96,steptest,80.1250,,0.000,0,30.88,32.37
1684.21,steptest,80.1250,,0.000,0,30.88,32.58
1684.46,steptest,80.1250,,0.000,0,30.88,32.59
1684.71,steptest,80.0625,,0.000,0,30.88,32.58
1684.96,steptest,80.0625,,0.000,0,30.88,32.36
1685.21,steptest,80.0625,,0.000,0,30.88,32.80
1685.46,steptest,80.0625,,0.000,0,30.88,32.37
1685.71,steptest,80.1250,,0.000,0,30.94,32.58
1685.96,steptest,80.0625,,0.000,0,30.94,32.58
1686.21,steptest,80.0625,,0.000,0,30.94,32.79
1686.46,steptest,80.0625,,0.000,0,30.94,32.79
1686.71,steptest,80.0000,,0.000,0,30.88,32.58
1686.96,steptest,80.0000,,0.000,0,30.94,32.58
1687.21,steptest,79.9375,,0.000,0,30.88,32.58
1687.46,steptest,79.9375,,0.000,0,30.88,32.58
1687.71,steptest,80.0000,,0.000,0,30.94,33.23
1687.96,steptest,80.0000,,0.000,0,30.94,32.58
1688.21,steptest,80.0000,,0.000,0,30.94,33.01
1688.46,steptest,80.0000,,0.000,0,30.88,32.36
1688.71,steptest,79.9375,,0.000,0,30.88,32.79
1688.96,steptest,80.0000,,0.000,0,30.94,32.58
1689.21,steptest,79.9375,,0.000,0,30.88,32.37
1689.46,steptest,79.8750,,0.000,0,30.88,33.01
1689.71,steptest,79.8750,,0.000,0,30.88,32.15
1689.96,steptest,79.9375,,0.000,0,30.94,32.15
1690.21,steptest,79.9375,,0.000,0,30.94,32.37
1690.46,steptest,79.8750,,0.000,0,30.94,32.58
1690.71,steptest,79.8750,,0.000,0,30.94,32.37
1690.96,steptest,79.8750,,0.000,0,30.94,32.37
1691.21,steptest,79.8750,,0.000,0,30.94,32.58
1691.46,steptest,79.8750,,0.000,0,31.00,32.36
1691.71,steptest,79.8750,,0.000,0,31.00,32.37
1691.96,steptest,79.8750,,0.000,0,31.00,32.58
1692.21,steptest,79.8125,,0.000,0,30.94,32.80
1692.46,steptest,79.8750,,0.000,0,31.00,32.58
1692.71,steptest,79.8750,,0.000,0,31.00,32.58
1692.96,steptest,79.8750,,0.000,0,31.00,32.37
1693.21,steptest,79.7500,,0.000,0,30.94,32.58
1693.46,steptest,79.7500,,0.000,0,30.94,32.79
1693.71,steptest,79.8125,,0.000,0,31.00,32.36
1693.96,steptest,79.8125,,0.000,0,30.94,32.58
1694.21,steptest,79.6875,,0.000,0,30.94,32.58
1694.46,steptest,79.7500,,0.000,0,31.00,32.80
1694.71,steptest,79.6875,,0.000,0,31.00,32.36
1694.96,steptest,79.6875,,0.000,0,31.00,32.36
1695.21,steptest,79.6875,,0.000,0,31.00,32.58
1695.46,steptest,79.6875,,0.000,0,31.00,32.58
1695.71,steptest,79.6250,,0.000,0,30.94,32.58
1695.96,steptest,79.6875,,0.000,0,31.00,32.79
1696.21,steptest,79.6875,,0.000,0,31.00,33.22
1696.46,steptest,79.6875,,0.000,0,31.00,32.37
1696.71,steptest,79.6250,,0.000,0,31.00,32.58
1696.96,steptest,79.6250,,0.000,0,31.00,32.58
1697.21,steptest,79.6250,,0.000,0,31.06,32.59
1697.46,steptest,79.6250,,0.000,0,31.06,33.01
1697.71,steptest,79.5625,,0.000,0,31.00,32.80
1697.96,steptest,79.6250,,0.000,0,31.06,31.94
1698.21,steptest,79.5625,,0.000,0,31.06,32.58
1698.46,steptest,79.5625,,0.000,0,31.06,32.80
1698.71,steptest,79.5000,,0.000,0,31.00,33.22
1698.96,steptest,79.5000,,0.000,0,31.00,32.80
1699.21,steptest,79.5000,,0.000,0,31.00,31.94
1699.46,steptest,79.5000,,0.000,0,31.00,32.37
1699.71,steptest,79.4375,,0.000,0,31.00,32.58
1699.96,steptest,79.5000,,0.000,0,31.06,32.37
1700.21,steptest,79.4375,,0.000,0,31.06,32.79
1700.46,steptest,79.4375,,0.000,0,31.06,32.58
1700.71,steptest,79.4375,,0.000,0,31.06,33.00
1700.96,steptest,79.3125,,0.000,0,31.00,32.58
1701.21,steptest,79.3750,,0.000,0,31.06,32.79
1701.46,steptest,79.3750,,0.000,0,31.06,32.37
1701.71,steptest,79.3750,,0.000,0,31.06,32.15
1701.96,steptest,79.3750,,0.000,0,31.06,32.58
1702.21,steptest,79.3750,,0.000,0,31.06,32.80
1702.46,steptest,79.3125,,0.000,0,31.06,32.58
1702.71,steptest,79.3125,,0.000,0,31.06,32.79
1702.96,steptest,79.3125,,0.000,0,31.06,32.58
1703.21,steptest,79.2500,,0.000,0,31.06,32.37
1703.46,steptest,79.2500,,0.000,0,31.06,32.37
1703.71,steptest,79.2500,,0.000,0,31.06,32.80
# step 100C up 2: duty 0.229, ceiling 120 C, 60 s
1703.96,steptest,79.1875,,0.229,0,31.06,33.01
1704.21,steptest,79.2500,,0.229,0,31.13,32.58
1704.46,steptest,79.1875,,0.229,0,31.06,32.16
1704.71,steptest,79.1250,,0.229,0,31.06,32.79
1704.96,steptest,79.1250,,0.229,0,31.06,32.80
1705.21,steptest,79.1875,,0.229,0,31.13,32.15
1705.46,steptest,79.1250,,0.229,0,31.06,31.94
1705.71,steptest,79.0625,,0.229,1,31.06,32.15
1705.96,steptest,79.0625,,0.229,1,31.06,33.01
1706.21,steptest,79.1250,,0.229,1,31.13,33.01
1706.46,steptest,79.0625,,0.229,1,31.06,32.79
1706.71,steptest,79.0000,,0.229,0,31.06,32.80
1706.96,steptest,79.0000,,0.229,0,31.13,31.94
1707.21,steptest,79.0625,,0.229,0,31.13,32.79
1707.46,steptest,79.0625,,0.229,0,31.13,31.94
1707.71,steptest,79.0625,,0.229,0,31.13,32.79
1707.96,steptest,79.0000,,0.229,0,31.13,33.01
1708.21,steptest,79.0000,,0.229,0,31.13,32.80
1708.46,steptest,79.0000,,0.229,0,31.13,32.37
1708.71,steptest,78.9375,,0.229,0,31.13,32.37
1708.96,steptest,78.8750,,0.229,0,31.06,32.37
1709.21,steptest,78.8750,,0.229,0,31.06,33.23
1709.46,steptest,78.8750,,0.229,0,31.13,31.94
1709.71,steptest,78.8750,,0.229,1,31.13,33.01
1709.96,steptest,78.9375,,0.229,1,31.19,31.94
1710.21,steptest,78.9375,,0.229,1,31.19,32.58
1710.46,steptest,78.8750,,0.229,1,31.19,32.15
1710.71,steptest,78.8750,,0.229,0,31.19,32.80
1710.96,steptest,78.8125,,0.229,0,31.13,32.36
1711.21,steptest,78.8125,,0.229,0,31.13,32.79
1711.46,steptest,78.8125,,0.229,0,31.13,32.36
1711.71,steptest,78.7500,,0.229,0,31.13,32.16
1711.96,steptest,78.7500,,0.229,0,31.13,32.79
1712.21,steptest,78.8125,,0.229,0,31.19,32.37
1712.46,steptest,78.8125,,0.229,0,31.19,32.58
1712.71,steptest,78.8125,,0.229,0,31.19,32.37
1712.96,steptest,78.7500,,0.229,0,31.19,32.81
1713.21,steptest,78.7500,,0.229,0,31.19,32.37
1713.46,steptest,78.7500,,0.229,0,31.19,32.37
1713.71,steptest,78.7500,,0.229,1,31.19,32.79
1713.96,steptest,78.6875,,0.229,1,31.19,32.80
1714.21,steptest,78.6875,,0.229,1,31.19,32.15
1714.46,steptest,78.6875,,0.229,1,31.19,32.58
1714.71,steptest,78.6875,,0.229,0,31.19,33.22
1714.96,steptest,78.6875,,0.229,0,31.19,32.79
1715.21,steptest,78.6875,,0.229,0,31.19,32.15
1715.46,steptest,78.6875,,0.229,0,31.19,32.58
1715.71,steptest,78.6875,,0.229,0,31.19,32.79
1715.96,steptest,78.7500,,0.229,0,31.25,32.37
1716.21,steptest,78.7500,,0.229,0,31.25,32.59
1716.46,steptest,78.7500,,0.229,0,31.25,32.79
1716.71,steptest,78.7500,,0.229,0,31.25,32.15
1716.96,steptest,78.6875,,0.229,0,31.25,32.58
1717.21,steptest,78.6875,,0.229,0,31.25,32.37
1717.46,steptest,78.6875,,0.229,0,31.25,32.58
1717.71,steptest,78.6250,,0.229,1,31.19,32.37
1717.96,steptest,78.6250,,0.229,1,31.19,33.00
1718.21,steptest,78.6875,,0.229,1,31.25,32.80
1718.46,steptest,78.6875,,0.229,1,31.25,32.80
1718.71,steptest,78.6875,,0.229,0,31.25,33.23
1718.96,steptest,78.6875,,0.229,0,31.25,32.37
1719.21,steptest,78.2500,,0.229,0,31.25,32.79
1719.46,steptest,78.6875,,0.229,0,31.25,32.58
1719.71,steptest,78.6250,,0.229,0,31.19,32.79
1719.96,steptest,78.6250,,0.229,0,31.25,32.37
1720.21,steptest,78.6875,,0.229,0,31.25,32.79
1720.46,steptest,78.6875,,0.229,0,31.31,32.15
1720.71,steptest,78.6875,,0.229,0,31.25,32.37
1720.96,steptest,78.7500,,0.229,0,31.31,32.58
1721.21,steptest,78.7500,,0.229,0,31.31,32.58
1721.46,steptest,78.7500,,0.229,0,31.31,32.15
1721.71,steptest,78.6875,,0.229,1,31.25,32.80
1721.96,steptest,78.8125,,0.229,1,31.31,32.15
1722.21,steptest,78.8125,,0.229,1,31.31,32.58
1722.46,steptest,78.6875,,0.229,1,31.25,32.58
1722.71,steptest,78.7500,,0.229,0,31.31,33.23
1722.96,steptest,78.7500,,0.229,0,31.31,31.94
1723.21,steptest,78.7500,,0.229,0,31.31,32.58
1723.46,steptest,78.7500,,0.229,0,31.31,32.79
1723.71,steptest,78.7500,,0.229,0,31.31,32.37
1723.96,steptest,78.8125,,0.229,0,31.31,31.94
1724.21,steptest,78.8125,,0.229,0,31.31,32.58
1724.46,steptest,78.8125,,0.229,0,31.31,32.37
1724.71,steptest,78.8125,,0.229,0,31.31,32.58
1724.96,steptest,78.8125,,0.229,0,31.31,32.58
1725.21,steptest,78.7500,,0.229,0,31.25,32.58
1725.46,steptest,78.7500,,0.229,0,31.25,32.58
1725.71,steptest,78.8125,,0.229,1,31.31,32.58
1725.96,steptest,78.8125,,0.229,1,31.31,33.01
1726.21,steptest,78.8125,,0.229,1,31.31,32.80
1726.46,steptest,78.8125,,0.229,1,31.31,33.01
1726.71,steptest,78.8125,,0.229,0,31.31,32.16
1726.96,steptest,78.9375,,0.229,0,31.38,32.15
1727.21,steptest,78.9375,,0.229,0,31.38,32.37
1727.46,steptest,78.8750,,0.229,0,31.31,32.15
1727.71,steptest,78.8750,,0.229,0,31.31,32.37
1727.96,steptest,79.0000,,0.229,0,31.38,32.37
1728.21,steptest,79.0000,,0.229,0,31.38,32.37
1728.46,steptest,79.0000,,0.229,0,31.38,33.01
1728.71,steptest,79.0000,,0.229,0,31.38,32.58
1728.96,steptest,79.0625,,0.229,0,31.38,32.58
1729.21,steptest,79.0000,,0.229,0,31.31,32.37
1729.46,steptest,79.0625,,0.229,0,31.38,32.37
1729.71,steptest,79.0625,,0.229,1,31.38,32.58
1729.96,steptest,79.0625,,0.229,1,31.38,32.58
1730.21,steptest,79.1250,,0.229,1,31.38,32.58
1730.46,steptest,79.0625,,0.229,1,31.31,33.01
1730.71,steptest,79.1875,,0.229,0,31.38,32.37
1730.96,steptest,79.1875,,0.229,0,31.38,32.58
1731.21,steptest,79.1250,,0.229,0,31.31,32.58
1731.46,steptest,79.2500,,0.229,0,31.38,32.37
1731.71,steptest,79.2500,,0.229,0,31.38,32.80
1731.96,steptest,79.2500,,0.229,0,31.38,32.79
1732.21,steptest,79.2500,,0.229,0,31.38,31.94
1732.46,steptest,79.2500,,0.229,0,31.38,32.80
1732.71,steptest,79.3125,,0.229,0,31.38,32.58
1732.96,steptest,79.3125,,0.229,0,31.31,33.00
1733.21,steptest,79.2500,,0.229,0,31.31,31.94
1733.46,steptest,79.3750,,0.229,0,31.38,32.37
1733.71,steptest,79.3750,,0.229,1,31.38,32.37
1733.96,steptest,79.4375,,0.229,1,31.38,32.80
1734.21,steptest,79.4375,,0.229,1,31.38,32.15
1734.46,steptest,79.5000,,0.229,1,31.44,32.58
1734.71,steptest,79.5000,,0.229,0,31.38,32.58
1734.96,steptest,79.5625,,0.229,0,31.44,32.58
1735.21,steptest,79.5625,,0.229,0,31.44,32.58
1735.46,steptest,79.5625,,0.229,0,31.38,32.79
1735.71,steptest,79.5625,,0.229,0,31.38,32.15
1735.96,steptest,79.6875,,0.229,0,31.44,32.37
1736.21,steptest,79.6875,,0.229,0,31.38,32.79
1736.46,steptest,79.6250,,0.229,0,31.38,32.37
1736.71,steptest,79.6250,,0.229,0,31.38,32.37
1736.96,steptest,79.7500,,0.229,0,31.44,32.58
1737.21,steptest,79.8125,,0.229,0,31.44,33.00
1737.46,steptest,79.8125,,0.229,0,31.44,32.37
1737.71,steptest,79.8750,,0.229,1,31.44,32.36
1737.96,steptest,79.8125,,0.229,1,31.38,32.58
1738.21,steptest,79.8750,,0.229,1,31.38,32.58
1738.46,steptest,79.8750,,0.229,1,31.38,33.02
1738.71,steptest,79.9375,,0.229,0,31.44,32.80
1738.96,steptest,80.0000,,0.229,0,31.44,32.79
1739.21,steptest,80.0625,,0.229,0,31.44,33.00
1739.46,steptest,80.0625,,0.229,0,31.44,32.58
1739.71,steptest,80.0625,,0.229,0,31.44,32.37
1739.96,steptest,80.0625,,0.229,0,31.44,32.80
1740.21,steptest,80.1250,,0.229,0,31.44,31.73
1740.46,steptest,80.1875,,0.229,0,31.44,32.79
1740.71,steptest,80.1875,,0.229,0,31.44,32.58
1740.96,steptest,80.3125,,0.229,0,31.50,32.15
1741.21,steptest,80.3125,,0.229,0,31.44,33.01
1741.46,steptest,80.3125,,0.229,0,31.44,32.16
1741.71,steptest,80.3125,,0.229,1,31.44,32.15
1741.96,steptest,80.3125,,0.229,1,31.44,33.43
1742.21,steptest,80.2500,,0.229,1,31.44,32.59
1742.46,steptest,80.4375,,0.229,1,31.44,32.79
1742.71,steptest,80.4375,,0.229,0,31.50,32.15
1742.96,steptest,80.5000,,0.229,0,31.50,32.80
1743.21,steptest,80.5625,,0.229,0,31.50,32.80
1743.46,steptest,80.6875,,0.229,0,31.50,32.80
1743.71,steptest,80.6875,,0.229,0,31.50,32.58
1743.96,steptest,80.6875,,0.229,0,31.50,32.58
1744.21,steptest,80.7500,,0.229,0,31.50,32.79
1744.46,steptest,80.7500,,0.229,0,31.50,32.80
1744.71,steptest,80.8125,,0.229,0,31.50,32.58
1744.96,steptest,80.8125,,0.229,0,31.50,32.37
1745.21,steptest,80.9375,,0.229,0,31.50,32.58
1745.46,steptest,81.0000,,0.229,0,31.56,33.00
1745.71,steptest,81.0000,,0.229,1,31.56,32.58
1745.96,steptest,81.0000,,0.229,1,31.50,33.01
1746.21,steptest,80.8750,,0.229,1,31.50,32.58
1746.46,steptest,81.0625,,0.229,1,31.50,33.01
1746.71,steptest,81.1250,,0.229,0,31.50,32.58
1746.96,steptest,81.1875,,0.229,0,31.50,32.58
1747.21,steptest,81.1875,,0.229,0,31.50,32.37
1747.46,steptest,81.2500,,0.229,0,31.56,32.36
1747.71,steptest,81.3750,,0.229,0,31.56,32.15
1747.96,steptest,81.3750,,0.229,0,31.56,31.94
1748.21,steptest,81.3750,,0.229,0,31.56,32.15
1748.46,steptest,81.4375,,0.229,0,31.56,32.36
1748.71,steptest,81.4375,,0.229,0,31.50,32.37
1748.96,steptest,81.5625,,0.229,0,31.56,32.16
1749.21,steptest,81.5625,,0.229,0,31.56,32.37
1749.46,steptest,81.5625,,0.229,0,31.56,32.15
1749.71,steptest,81.6250,,0.229,1,31.56,32.79
1749.96,steptest,81.6875,,0.229,1,31.56,32.15
1750.21,steptest,81.7500,,0.229,1,31.56,32.15
1750.46,steptest,81.7500,,0.229,1,31.56,32.79
1750.71,steptest,81.8125,,0.229,0,31.63,31.94
1750.96,steptest,81.8125,,0.229,0,31.56,32.79
1751.21,steptest,81.9375,,0.229,0,31.56,33.01
1751.46,steptest,81.9375,,0.229,0,31.56,32.58
1751.71,steptest,81.9375,,0.229,0,31.56,32.79
1751.96,steptest,82.0625,,0.229,0,31.56,32.58
1752.21,steptest,82.0625,,0.229,0,31.56,32.80
1752.46,steptest,82.0625,,0.229,0,31.56,32.58
1752.71,steptest,82.1250,,0.229,0,31.56,32.37
1752.96,steptest,82.1875,,0.229,0,31.56,32.58
1753.21,steptest,82.2500,,0.229,0,31.56,32.37
1753.46,steptest,82.3125,,0.229,0,31.56,32.16
1753.71,steptest,82.3125,,0.229,1,31.56,32.79
1753.96,steptest,82.3750,,0.229,1,31.56,32.80
1754.21,steptest,82.4375,,0.229,1,31.63,32.79
1754.46,steptest,82.5625,,0.229,1,31.63,32.15
1754.71,steptest,82.5625,,0.229,0,31.63,32.80
1754.96,steptest,82.5000,,0.229,0,31.56,32.58
1755.21,steptest,82.6250,,0.229,0,31.56,32.58
1755.46,steptest,82.7500,,0.229,0,31.63,32.37
1755.71,steptest,82.7500,,0.229,0,31.56,32.58
1755.96,steptest,82.6875,,0.229,0,31.56,33.22
1756.21,steptest,82.8750,,0.229,0,31.63,32.58
1756.46,steptest,82.9375,,0.229,0,31.63,32.80
1756.71,steptest,82.9375,,0.229,0,31.63,32.58
1756.96,steptest,82.9375,,0.229,0,31.63,32.58
1757.21,steptest,82.9375,,0.229,0,31.56,32.80
1757.46,steptest,83.1250,,0.229,0,31.63,32.37
1757.71,steptest,83.1250,,0.229,1,31.63,32.58
1757.96,steptest,83.1250,,0.229,1,31.63,32.80
1758.21,steptest,83.1875,,0.229,1,31.63,32.58
1758.46,steptest,83.2500,,0.229,1,31.63,32.58
1758.71,steptest,83.3125,,0.229,0,31.63,33.23
1758.96,steptest,83.3125,,0.229,0,31.63,32.37
1759.21,steptest,83.3750,,0.229,0,31.63,32.15
1759.46,steptest,83.5000,,0.229,0,31.63,32.36
1759.71,steptest,83.5625,,0.229,0,31.63,32.15
1759.96,steptest,83.5625,,0.229,0,31.63,32.37
1760.21,steptest,83.5625,,0.229,0,31.63,32.15
1760.46,steptest,83.7500,,0.229,0,31.69,32.58
1760.71,steptest,83.7500,,0.229,0,31.63,32.37
1760.96,steptest,83.7500,,0.229,0,31.63,31.95
1761.21,steptest,83.7500,,0.229,0,31.63,32.36
1761.46,steptest,83.8125,,0.229,0,31.63,32.79
1761.71,steptest,83.9375,,0.229,1,31.63,32.37
1761.96,steptest,83.9375,,0.229,1,31.63,32.80
1762.21,steptest,83.9375,,0.229,1,31.63,32.58
1762.46,steptest,84.0625,,0.229,1,31.63,32.37
1762.71,steptest,84.1250,,0.229,0,31.63,32.37
1762.96,steptest,84.1875,,0.229,0,31.63,32.37
1763.21,steptest,84.2500,,0.229,0,31.63,32.15
1763.46,steptest,84.2500,,0.229,0,31.63,32.79
1763.71,steptest,84.3125,,0.229,0,31.63,32.37
# step 100C down 2: duty 0.000, ceiling 120 C, 60 s
1763.96,steptest,84.3750,,0.000,0,31.63,33.44
1764.37,steptest,84.5000,,0.000,0,31.69,32.79
1764.62,steptest,84.5000,,0.000,0,31.63,32.15
1764.87,steptest,84.6250,,0.000,0,31.69,32.79
1765.12,steptest,84.6250,,0.000,0,31.63,32.80
1765.37,steptest,84.6875,,0.000,0,31.63,32.15
1765.62,steptest,84.6875,,0.000,0,31.63,32.37
1765.87,steptest,84.7500,,0.000,0,31.63,32.58
1766.12,steptest,84.7500,,0.000,0,31.69,32.37
1766.37,steptest,84.9375,,0.000,0,31.69,32.15
1766.62,steptest,84.9375,,0.000,0,31.69,32.58
1766.87,steptest,84.9375,,0.000,0,31.69,32.79
1767.12,steptest,85.0625,,0.000,0,31.69,32.36
1767.37,steptest,85.0625,,0.000,0,31.69,32.37
1767.62,steptest,85.1250,,0.000,0,31.69,32.15
1767.87,steptest,85.1875,,0.000,0,31.69,32.15
1768.12,steptest,85.1875,,0.000,0,31.69,32.80
1768.37,steptest,85.1875,,0.000,0,31.69,32.37
1768.62,steptest,85.3125,,0.000,0,31.69,32.37
1768.87,steptest,85.3750,,0.000,0,31.75,32.58
1769.12,steptest,85.3750,,0.000,0,31.69,32.58
1769.37,steptest,85.3750,,0.000,0,31.75,32.58
1769.62,steptest,85.5625,,0.000,0,31.75,32.37
1769.87,steptest,85.5625,,0.000,0,31.75,32.58
1770.12,steptest,85.6250,,0.000,0,31.75,32.15
1770.37,steptest,85.6250,,0.000,0,31.75,32.79
1770.62,steptest,85.6250,,0.000,0,31.75,32.80
1770.87,steptest,85.6875,,0.000,0,31.75,32.80
1771.12,steptest,85.7500,,0.000,0,31.75,32.36
1771.37,steptest,85.8125,,0.000,0,31.75,32.36
1771.62,steptest,85.8125,,0.000,0,31.75,32.79
1771.87,steptest,85.8125,,0.000,0,31.75,32.58
1772.12,steptest,85.8750,,0.000,0,31.75,32.80
1772.37,steptest,85.9375,,0.000,0,31.75,32.15
1772.62,steptest,85.9375,,0.000,0,31.81,33.01
1772.87,steptest,86.0625,,0.000,0,31.81,32.36
1773.12,steptest,86.0000,,0.000,0,31.75,32.79
1773.37,steptest,86.0625,,0.000,0,31.75,31.73
1773.62,steptest,86.1250,,0.000,0,31.75,32.36
1773.87,steptest,86.1250,,0.000,0,31.75,32.58
1774.12,steptest,86.1875,,0.000,0,31.81,32.37
1774.37,steptest,86.1875,,0.000,0,31.75,32.58
1774.62,steptest,86.1875,,0.000,0,31.75,32.80
1774.87,steptest,86.1875,,0.000,0,31.75,32.58
1775.12,steptest,86.2500,,0.000,0,31.81,33.01
1775.37,steptest,86.3125,,0.000,0,31.81,32.58
1775.62,steptest,86.3750,,0.000,0,31.81,32.58
1775.87,steptest,86.3750,,0.000,0,31.81,32.58
1776.12,steptest,86.3750,,0.000,0,31.81,32.37
1776.37,steptest,86.4375,,0.000,0,31.81,32.80
1776.62,steptest,86.4375,,0.000,0,31.81,32.79
1776.87,steptest,86.5000,,0.000,0,31.81,31.73
1777.12,steptest,86.5000,,0.000,0,31.81,32.80
1777.37,steptest,86.5625,,0.000,0,31.81,32.79
1777.62,steptest,86.5625,,0.000,0,31.81,32.15
1777.87,steptest,86.6250,,0.000,0,31.81,32.58
1778.12,steptest,86.6250,,0.000,0,31.81,32.58
1778.37,steptest,86.6250,,0.000,0,31.81,32.57
1778.62,steptest,86.6250,,0.000,0,31.81,31.73
1778.87,steptest,86.6875,,0.000,0,31.88,32.15
1779.12,steptest,86.6875,,0.000,0,31.81,33.01
1779.37,steptest,86.6875,,0.000,0,31.81,32.58
1779.62,steptest,86.8125,,0.000,0,31.88,32.58
1779.87,steptest,86.8125,,0.000,0,31.88,32.58
1780.12,steptest,86.8125,,0.000,0,31.88,32.80
1780.37,steptest,86.8125,,0.000,0,31.88,32.37
1780.62,steptest,86.8125,,0.000,0,31.88,32.37
1780.87,steptest,86.8750,,0.000,0,31.88,32.58
1781.12,steptest,86.8750,,0.000,0,31.88,31.94
1781.37,steptest,86.8750,,0.000,0,31.88,32.37
1781.62,steptest,86.8750,,0.000,0,31.88,32.36
1781.87,steptest,86.9375,,0.000,0,31.88,32.58
1782.12,steptest,86.9375,,0.000,0,31.88,32.17
1782.37,steptest,86.9375,,0.000,0,31.88,32.79
1782.62,steptest,86.9375,,0.000,0,31.88,32.15
1782.87,steptest,87.0000,,0.000,0,31.94,33.01
1783.12,steptest,87.0000,,0.000,0,31.88,31.94
1783.37,steptest,87.0000,,0.000,0,31.88,32.80
1783.62,steptest,87.0000,,0.000,0,31.88,32.79
1783.87,steptest,87.0625,,0.000,0,31.88,32.37
1784.12,steptest,87.1250,,0.000,0,31.94,32.58
1784.37,steptest,87.0625,,0.000,0,31.88,32.58
1784.62,steptest,87.0625,,0.000,0,31.88,32.80
1784.87,steptest,87.1250,,0.000,0,31.94,32.37
1785.12,steptest,87.0625,,0.000,0,31.88,32.36
1785.37,steptest,87.1250,,0.000,0,31.94,32.58
1785.62,steptest,87.1250,,0.000,0,31.94,32.37
1785.87,steptest,87.1250,,0.000,0,31.94,33.22
1786.12,steptest,87.0625,,0.000,0,31.88,32.37
1786.37,steptest,87.0625,,0.000,0,31.88,32.59
1786.62,steptest,87.1875,,0.000,0,31.94,32.37
1786.87,steptest,87.1875,,0.000,0,31.94,32.58
1787.12,steptest,87.1875,,0.000,0,31.94,32.37
1787.37,steptest,87.1875,,0.000,0,31.94,32.15
1787.62,steptest,87.1875,,0.000,0,31.94,32.36
1787.87,steptest,87.1875,,0.000,0,31.94,32.58
1788.12,steptest,87.1875,,0.000,0,31.94,32.58
1788.37,steptest,87.1875,,0.000,0,31.94,32.79
1788.62,steptest,87.1875,,0.000,0,31.94,33.01
1788.87,steptest,87.1875,,0.000,0,31.94,32.37
1789.12,steptest,87.1875,,0.000,0,31.94,32.15
1789.37,steptest,87.1875,,0.000,0,31.94,33.02
1789.62,steptest,87.1875,,0.000,0,31.94,32.37
1789.87,steptest,87.1875,,0.000,0,31.94,32.37
1790.12,steptest,87.1875,,0.000,0,31.94,33.00
1790.37,steptest,87.1875,,0.000,0,31.94,32.15
1790.62,steptest,87.1875,,0.000,0,31.94,32.80
1790.87,steptest,87.2500,,0.000,0,31.94,32.15
1791.12,steptest,87.2500,,0.000,0,31.94,32.36
1791.37,steptest,87.1875,,0.000,0,31.94,32.15
1791.62,steptest,87.1875,,0.000,0,31.94,32.58
1791.87,steptest,87.1875,,0.000,0,31.94,32.37
1792.12,steptest,87.1875,,0.000,0,31.94,32.37
1792.37,steptest,87.1875,,0.000,0,31.94,32.58
1792.62,steptest,87.3125,,0.000,0,32.00,32.37
1792.87,steptest,87.1875,,0.000,0,31.94,33.01
1793.12,steptest,87.2500,,0.000,0,32.00,32.79
1793.37,steptest,87.2500,,0.000,0,32.00,32.79
1793.62,steptest,87.2500,,0.000,0,32.00,32.37
1793.87,steptest,87.2500,,0.000,0,32.00,32.79
1794.12,steptest,87.1875,,0.000,0,31.94,32.58
1794.37,steptest,87.1875,,0.000,0,32.00,32.58
1794.62,steptest,87.2500,,0.000,0,32.00,32.58
1794.87,steptest,87.2500,,0.000,0,32.00,32.15
1795.12,steptest,87.2500,,0.000,0,32.00,32.58
1795.37,steptest,87.2500,,0.000,0,32.00,32.79
1795.62,steptest,87.2500,,0.000,0,32.00,32.58
1795.87,steptest,87.1875,,0.000,0,32.00,32.15
1796.12,steptest,87.2500,,0.000,0,32.06,32.38
1796.37,steptest,87.1875,,0.000,0,32.00,32.79
1796.62,steptest,87.1875,,0.000,0,32.00,32.58
1796.87,steptest,87.1875,,0.000,0,32.00,32.59
1797.12,steptest,87.1875,,0.000,0,32.00,32.37
1797.37,steptest,87.1250,,0.000,0,31.94,32.36
1797.62,steptest,87.1250,,0.000,0,32.00,32.58
1797.87,steptest,87.1875,,0.000,0,32.00,32.58
1798.12,steptest,87.1875,,0.000,0,32.00,32.58
1798.37,steptest,87.1875,,0.000,0,32.00,32.80
1798.62,steptest,87.1250,,0.000,0,32.00,32.79
1798.87,steptest,87.1250,,0.000,0,32.00,33.01
1799.12,steptest,87.1250,,0.000,0,32.00,32.37
1799.37,steptest,87.1250,,0.000,0,32.00,32.58
1799.62,steptest,87.1250,,0.000,0,32.06,32.79
1799.87,steptest,87.1250,,0.000,0,32.06,32.58
1800.12,steptest,87.1250,,0.000,0,32.06,32.58
1800.37,steptest,87.0625,,0.000,0,32.00,31.72
1800.62,steptest,87.0000,,0.000,0,32.00,32.80
1800.87,steptest,87.0000,,0.000,0,32.06,32.15
1801.12,steptest,87.0625,,0.000,0,32.06,33.23
1801.37,steptest,87.0625,,0.000,0,32.06,32.15
1801.62,steptest,87.0625,,0.000,0,32.06,32.80
1801.87,steptest,87.0625,,0.000,0,32.06,32.58
1802.12,steptest,87.0625,,0.000,0,32.06,32.58
1802.37,steptest,87.0625,,0.000,0,32.06,32.58
1802.62,steptest,87.0625,,0.000,0,32.06,32.58
1802.87,steptest,87.0000,,0.000,0,32.06,32.58
1803.12,steptest,87.0000,,0.000,0,32.06,32.37
1803.37,steptest,87.0000,,0.000,0,32.06,31.73
1803.62,steptest,86.9375,,0.000,0,32.06,32.79
1803.87,steptest,87.0000,,0.000,0,32.13,33.65
1804.12,steptest,87.0000,,0.000,0,32.13,32.37
1804.37,steptest,87.0000,,0.000,0,32.13,32.36
1804.62,steptest,86.9375,,0.000,0,32.13,31.94
1804.87,steptest,86.8750,,0.000,0,32.06,32.58
1805.12,steptest,86.8750,,0.000,0,32.06,32.58
1805.37,steptest,86.8750,,0.000,0,32.06,32.79
1805.62,steptest,86.9375,,0.000,0,32.13,33.01
1805.87,steptest,86.8750,,0.000,0,32.13,32.80
1806.12,steptest,86.9375,,0.000,0,32.13,33.01
1806.37,steptest,86.9375,,0.000,0,32.13,32.59
1806.62,steptest,86.8750,,0.000,0,32.13,31.94
1806.87,steptest,86.8125,,0.000,0,32.13,32.80
1807.12,steptest,86.8125,,0.000,0,32.13,32.15
1807.37,steptest,86.8125,,0.000,0,32.19,32.79
1807.62,steptest,86.8125,,0.000,0,32.19,32.79
1807.87,steptest,86.7500,,0.000,0,32.13,31.94
1808.12,steptest,86.8125,,0.000,0,32.19,32.79
1808.37,steptest,86.8125,,0.000,0,32.19,32.58
1808.62,steptest,86.8125,,0.000,0,32.19,32.79
1808.87,steptest,86.7500,,0.000,0,32.19,32.79
1809.12,steptest,86.7500,,0.000,0,32.19,32.58
1809.37,steptest,86.7500,,0.000,0,32.19,32.58
1809.62,steptest,86.7500,,0.000,0,32.13,32.37
1809.87,steptest,86.6250,,0.000,0,32.13,32.15
1810.12,steptest,86.6250,,0.000,0,32.13,33.01
1810.37,steptest,86.6250,,0.000,0,32.19,33.44
1810.62,steptest,86.6250,,0.000,0,32.19,32.59
1810.87,steptest,86.6250,,0.000,0,32.19,33.01
1811.12,steptest,86.5000,,0.000,0,32.13,32.15
1811.37,steptest,86.5000,,0.000,0,32.13,32.79
1811.62,steptest,86.5625,,0.000,0,32.19,32.58
1811.87,steptest,86.5625,,0.000,0,32.19,32.15
1812.12,steptest,86.6250,,0.000,0,32.25,32.37
1812.37,steptest,86.5625,,0.000,0,32.25,32.36
1812.62,steptest,86.5625,,0.000,0,32.25,32.58
1812.87,steptest,86.5625,,0.000,0,32.13,33.01
1813.12,steptest,86.3750,,0.000,0,32.13,32.58
1813.37,steptest,86.5000,,0.000,0,32.25,32.58
1813.62,steptest,86.4375,,0.000,0,32.25,32.58
1813.87,steptest,86.4375,,0.000,0,32.25,32.36
1814.12,steptest,86.4375,,0.000,0,32.25,32.37
1814.37,steptest,86.4375,,0.000,0,32.25,32.79
1814.62,steptest,86.4375,,0.000,0,32.25,32.58
1814.87,steptest,86.3125,,0.000,0,32.19,32.79
1815.12,steptest,86.3125,,0.000,0,32.19,32.37
1815.37,steptest,86.3125,,0.000,0,32.25,32.80
1815.62,steptest,86.2500,,0.000,0,32.19,32.58
1815.87,steptest,86.1875,,0.000,0,32.19,32.58
1816.12,steptest,86.1875,,0.000,0,32.25,32.37
1816.37,steptest,86.2500,,0.000,0,32.25,32.80
1816.62,steptest,86.2500,,0.000,0,32.25,32.15
1816.87,steptest,86.1875,,0.000,0,32.19,32.36
1817.12,steptest,86.1250,,0.000,0,32.19,33.01
1817.37,steptest,86.1250,,0.000,0,32.19,32.37
1817.62,steptest,86.1250,,0.000,0,32.25,32.58
1817.87,steptest,86.1250,,0.000,0,32.25,32.16
1818.12,steptest,86.0000,,0.000,0,32.19,33.22
1818.37,steptest,86.0000,,0.000,0,32.19,32.58
1818.62,steptest,86.0625,,0.000,0,32.25,33.01
1818.87,steptest,86.1250,,0.000,0,32.31,32.79
1819.12,steptest,86.0000,,0.000,0,32.25,33.22
1819.37,steptest,86.0000,,0.000,0,32.25,32.17
1819.62,steptest,86.0000,,0.000,0,32.25,32.58
1819.87,steptest,85.9375,,0.000,0,32.25,32.79
1820.12,steptest,85.8750,,0.000,0,32.25,32.80
1820.37,steptest,85.9375,,0.000,0,32.31,32.58
1820.62,steptest,85.9375,,0.000,0,32.31,32.80
1820.87,steptest,85.8750,,0.000,0,32.25,32.79
1821.12,steptest,85.8750,,0.000,0,32.31,32.58
1821.37,steptest,85.8125,,0.000,0,32.25,32.80
1821.62,steptest,85.8125,,0.000,0,32.25,32.58
1821.87,steptest,85.7500,,0.000,0,32.25,32.58
1822.12,steptest,85.7500,,0.000,0,32.25,32.58
1822.37,steptest,85.7500,,0.000,0,32.31,32.80
1822.62,steptest,85.7500,,0.000,0,32.31,32.58
1822.87,steptest,85.7500,,0.000,0,32.31,32.80
1823.12,steptest,85.6875,,0.000,0,32.31,32.58
1823.37,steptest,85.6875,,0.000,0,32.31,32.37
1823.62,steptest,85.6875,,0.000,0,32.31,33.00
1823.87,steptest,85.6875,,0.000,0,32.31,32.58
# step 100C up 3: duty 0.229, ceiling 120 C, 60 s
1824.12,steptest,85.6250,,0.229,0,32.31,33.01
1824.37,steptest,85.5625,,0.229,0,32.31,32.58
1824.62,steptest,85.5625,,0.229,0,32.31,32.58
1824.87,steptest,85.5625,,0.229,0,32.31,33.23
1825.12,steptest,85.5000,,0.229,0,32.31,32.58
1825.37,steptest,85.5000,,0.229,0,32.31,33.22
1825.62,steptest,85.5000,,0.229,0,32.31,32.15
1825.87,steptest,85.5000,,0.229,1,32.38,32.15
1826.12,steptest,85.5000,,0.229,1,32.38,33.01
1826.37,steptest,85.1250,,0.229,1,32.31,32.58
1826.62,steptest,85.3750,,0.229,1,32.31,32.79
1826.87,steptest,85.3750,,0.229,0,32.31,32.15
1827.12,steptest,85.3750,,0.229,0,32.31,32.79
1827.37,steptest,85.3125,,0.229,0,32.31,32.80
1827.62,steptest,85.3125,,0.229,0,32.31,32.58
1827.87,steptest,85.3125,,0.229,0,32.31,32.15
1828.12,steptest,85.3125,,0.229,0,32.31,32.58
1828.37,steptest,85.3125,,0.229,0,32.38,33.44
1828.62,steptest,85.1875,,0.229,0,32.31,32.58
1828.87,steptest,85.2500,,0.229,0,32.38,33.01
1829.12,steptest,85.2500,,0.229,0,32.31,32.58
1829.37,steptest,85.1250,,0.229,0,32.31,32.15
1829.62,steptest,85.1875,,0.229,0,32.38,32.58
1829.87,steptest,85.1250,,0.229,1,32.31,32.37
1830.12,steptest,85.1250,,0.229,1,32.38,32.16
1830.37,steptest,85.1250,,0.229,1,32.38,32.58
1830.62,steptest,85.1250,,0.229,1,32.38,32.37
1830.87,steptest,85.1250,,0.229,0,32.38,32.58
1831.12,steptest,85.0625,,0.229,0,32.38,32.37
1831.37,steptest,85.0625,,0.229,0,32.38,32.80
1831.62,steptest,85.0000,,0.229,0,32.38,32.16
1831.87,steptest,85.0000,,0.229,0,32.38,32.58
1832.12,steptest,85.0000,,0.229,0,32.38,33.01
1832.37,steptest,85.0000,,0.229,0,32.38,32.58
1832.62,steptest,85.0000,,0.229,0,32.38,32.80
1832.87,steptest,84.9375,,0.229,0,32.38,32.58
1833.12,steptest,84.9375,,0.229,0,32.38,32.58
1833.37,steptest,85.0000,,0.229,0,32.44,32.80
1833.62,steptest,85.0000,,0.229,0,32.44,31.72
1833.87,steptest,84.8750,,0.229,1,32.38,33.01
1834.12,steptest,84.9375,,0.229,1,32.44,31.94
1834.37,steptest,84.8125,,0.229,1,32.38,32.37
1834.62,steptest,84.8125,,0.229,1,32.38,32.37
1834.87,steptest,84.8125,,0.229,0,32.38,32.37
1835.12,steptest,84.8750,,0.229,0,32.44,32.58
1835.37,steptest,84.8750,,0.229,0,32.44,33.01
1835.62,steptest,84.8750,,0.229,0,32.44,32.37
1835.87,steptest,84.8750,,0.229,0,32.44,31.94
1836.12,steptest,84.8125,,0.229,0,32.44,32.37
1836.37,steptest,84.7500,,0.229,0,32.38,32.58
1836.62,steptest,84.8125,,0.229,0,32.44,32.36
1836.87,steptest,84.8125,,0.229,0,32.44,32.58
1837.12,steptest,84.8125,,0.229,0,32.44,32.79
1837.37,steptest,84.8125,,0.229,0,32.44,32.37
1837.62,steptest,84.7500,,0.229,0,32.44,31.94
1837.87,steptest,84.7500,,0.229,1,32.44,32.58
1838.12,steptest,84.7500,,0.229,1,32.44,31.94
1838.37,steptest,84.8125,,0.229,1,32.50,32.36
1838.62,steptest,84.7500,,0.229,1,32.44,32.79
1838.87,steptest,84.7500,,0.229,0,32.44,32.58
1839.12,steptest,84.6875,,0.229,0,32.44,32.37
1839.37,steptest,84.7500,,0.229,0,32.50,32.36
1839.62,steptest,84.7500,,0.229,0,32.50,33.44
1839.87,steptest,84.7500,,0.229,0,32.50,32.79
1840.12,steptest,84.7500,,0.229,0,32.50,32.37
1840.37,steptest,84.7500,,0.229,0,32.50,32.37
1840.62,steptest,84.7500,,0.229,0,32.50,32.37
1840.87,steptest,84.7500,,0.229,0,32.50,31.51
1841.12,steptest,84.7500,,0.229,0,32.50,31.94
1841.37,steptest,84.7500,,0.229,0,32.50,31.94
1841.62,steptest,84.7500,,0.229,0,32.50,33.22
1841.87,steptest,84.7500,,0.229,1,32.50,32.58
1842.12,steptest,84.7500,,0.229,1,32.50,32.58
1842.37,steptest,84.7500,,0.229,1,32.50,33.02
1842.62,steptest,84.7500,,0.229,1,32.50,32.80
1842.87,steptest,84.7500,,0.229,0,32.50,32.36
1843.12,steptest,84.7500,,0.229,0,32.50,33.01
1843.37,steptest,84.7500,,0.229,0,32.50,32.37
1843.62,steptest,84.7500,,0.229,0,32.50,32.58
1843.87,steptest,84.7500,,0.229,0,32.50,32.80
1844.12,steptest,84.7500,,0.229,0,32.50,32.58
1844.37,steptest,84.7500,,0.229,0,32.50,32.58
1844.62,steptest,84.7500,,0.229,0,32.50,32.79
1844.87,steptest,84.8125,,0.229,0,32.56,33.01
1845.12,steptest,84.7500,,0.229,0,32.50,31.94
1845.37,steptest,84.7500,,0.229,0,32.50,32.58
1845.62,steptest,84.7500,,0.229,0,32.50,32.36
1845.87,steptest,84.8125,,0.229,1,32.56,32.16
1846.12,steptest,84.8750,,0.229,1,32.56,33.44
1846.37,steptest,84.8750,,0.229,1,32.56,32.58
1846.62,steptest,84.8750,,0.229,1,32.56,31.94
1846.87,steptest,84.8750,,0.229,0,32.56,33.44
1847.12,steptest,84.8750,,0.229,0,32.56,32.79
1847.37,steptest,84.8750,,0.229,0,32.56,32.37
1847.62,steptest,84.8750,,0.229,0,32.56,32.15
1847.87,steptest,84.9375,,0.229,0,32.63,33.22
1848.12,steptest,84.9375,,0.229,0,32.56,32.58
1848.37,steptest,84.9375,,0.229,0,32.56,32.58
1848.62,steptest,84.9375,,0.229,0,32.63,32.15
1848.87,steptest,85.0625,,0.229,0,32.63,32.79
1849.12,steptest,85.0000,,0.229,0,32.56,33.01
1849.37,steptest,85.0000,,0.229,0,32.56,32.79
1849.62,steptest,85.0000,,0.229,0,32.56,32.37
1849.87,steptest,85.0000,,0.229,1,32.56,32.80
1850.12,steptest,85.0000,,0.229,1,32.56,32.16
1850.37,steptest,85.0625,,0.229,1,32.63,32.58
1850.62,steptest,85.0000,,0.229,1,32.56,32.58
1850.87,steptest,85.0000,,0.229,0,32.56,32.37
1851.12,steptest,85.1250,,0.229,0,32.63,32.15
1851.37,steptest,85.1250,,0.229,0,32.63,33.01
1851.62,steptest,85.1250,,0.229,0,32.56,33.01
1851.87,steptest,85.1250,,0.229,0,32.56,32.16
1852.12,steptest,85.1250,,0.229,0,32.56,31.94
1852.37,steptest,85.1875,,0.229,0,32.56,32.80
1852.62,steptest,85.2500,,0.229,0,32.63,32.80
1852.87,steptest,85.2500,,0.229,0,32.63,32.58
1853.12,steptest,85.2500,,0.229,0,32.63,32.80
1853.37,steptest,85.2500,,0.229,0,32.63,32.58
1853.62,steptest,85.2500,,0.229,0,32.56,32.58
1853.87,steptest,85.3125,,0.229,1,32.63,32.37
1854.12,steptest,85.3125,,0.229,1,32.63,32.79
1854.37,steptest,85.6250,,0.229,1,32.63,33.01
1854.62,steptest,85.3750,,0.229,1,32.63,32.58
1854.87,steptest,85.4375,,0.229,0,32.63,32.37
1855.12,steptest,85.4375,,0.229,0,32.56,33.01
1855.37,steptest,85.3750,,0.229,0,32.56,32.15
1855.62,steptest,85.4375,,0.229,0,32.63,32.36
1855.87,steptest,85.4375,,0.229,0,32.63,31.73
1856.12,steptest,85.5000,,0.229,0,32.63,32.58
1856.37,steptest,85.5000,,0.229,0,32.63,31.94
1856.62,steptest,85.5000,,0.229,0,32.56,32.37
1856.87,steptest,85.6250,,0.229,0,32.69,32.80
1857.12,steptest,85.6875,,0.229,0,32.69,32.58
1857.37,steptest,85.6875,,0.229,0,32.69,32.16
1857.62,steptest,85.6250,,0.229,0,32.63,32.15
1857.87,steptest,85.6875,,0.229,1,32.69,32.15
1858.12,steptest,85.6875,,0.229,1,32.63,32.37
1858.37,steptest,85.6875,,0.229,1,32.63,32.37
1858.62,steptest,85.7500,,0.229,1,32.63,32.15
1858.87,steptest,85.8750,,0.229,0,32.69,32.58
1859.12,steptest,85.8750,,0.229,0,32.69,32.79
1859.37,steptest,85.8750,,0.229,0,32.69,32.58
1859.62,steptest,85.8750,,0.229,0,32.69,32.58
1859.87,steptest,85.8750,,0.229,0,32.63,32.80
1860.12,steptest,85.9375,,0.229,0,32.69,32.58
1860.37,steptest,86.0000,,0.229,0,32.69,32.36
1860.62,steptest,86.0000,,0.229,0,32.69,32.58
1860.87,steptest,86.0625,,0.229,0,32.69,32.79
1861.12,steptest,86.0625,,0.229,0,32.69,32.58
1861.37,steptest,86.0625,,0.229,0,32.63,32.79
1861.62,steptest,86.0625,,0.229,0,32.63,32.58
1861.87,steptest,86.0625,,0.229,1,32.63,32.37
1862.12,steptest,86.2500,,0.229,1,32.69,32.58
1862.37,steptest,86.2500,,0.229,1,32.69,32.36
1862.62,steptest,86.2500,,0.229,1,32.69,32.58
1862.87,steptest,86.2500,,0.229,0,32.69,32.79
1863.12,steptest,86.3125,,0.229,0,32.69,32.79
1863.37,steptest,86.3750,,0.229,0,32.69,32.58
1863.62,steptest,86.4375,,0.229,0,32.69,32.37
1863.87,steptest,86.4375,,0.229,0,32.69,32.15
1864.12,steptest,86.4375,,0.229,0,32.69,32.37
1864.37,steptest,86.4375,,0.229,0,32.69,32.58
1864.62,steptest,86.5000,,0.229,0,32.69,32.80
1864.87,steptest,86.5000,,0.229,0,32.75,32.79
1865.12,steptest,86.6250,,0.229,0,32.75,32.58
1865.37,steptest,86.6875,,0.229,0,32.75,32.58
1865.62,steptest,86.6875,,0.229,0,32.75,32.37
1865.87,steptest,86.6875,,0.229,1,32.69,32.80
1866.12,steptest,86.6875,,0.229,1,32.69,33.01
1866.37,steptest,86.8125,,0.229,1,32.75,32.16
1866.62,steptest,86.8750,,0.229,1,32.75,32.37
1866.87,steptest,86.8125,,0.229,0,32.69,32.15
1867.12,steptest,86.8125,,0.229,0,32.69,32.15
1867.37,steptest,86.9375,,0.229,0,32.75,33.01
1867.62,steptest,87.0000,,0.229,0,32.75,32.79
1867.87,steptest,87.0625,,0.229,0,32.75,33.22
1868.12,steptest,87.0625,,0.229,0,32.75,32.58
1868.37,steptest,87.0625,,0.229,0,32.75,32.37
1868.62,steptest,87.1250,,0.229,0,32.75,32.15
1868.87,steptest,87.1875,,0.229,0,32.75,32.15
1869.12,steptest,87.2500,,0.229,0,32.75,31.93
1869.37,steptest,87.2500,,0.229,0,32.75,32.37
1869.62,steptest,87.3750,,0.229,0,32.81,32.37
1869.87,steptest,87.3125,,0.229,1,32.75,32.15
1870.12,steptest,87.3750,,0.229,1,32.81,33.01
1870.37,steptest,87.3750,,0.229,1,32.81,32.58
1870.62,steptest,87.5000,,0.229,1,32.81,32.15
1870.87,steptest,87.5625,,0.229,0,32.81,32.37
1871.12,steptest,87.5625,,0.229,0,32.81,31.94
1871.37,steptest,87.5625,,0.229,0,32.81,32.58
1871.62,steptest,87.6250,,0.229,0,32.81,32.58
1871.87,steptest,87.6250,,0.229,0,32.75,33.22
1872.12,steptest,87.7500,,0.229,0,32.81,32.37
1872.37,steptest,87.8125,,0.229,0,32.81,32.37
1872.62,steptest,87.8125,,0.229,0,32.81,32.15
1872.87,steptest,87.8125,,0.229,0,32.81,32.79
1873.12,steptest,87.9375,,0.229,0,32.81,32.15
1873.37,steptest,88.0000,,0.229,0,32.88,32.58
1873.62,steptest,88.0000,,0.229,0,32.88,32.37
1873.87,steptest,88.0625,,0.229,1,32.81,32.38
1874.12,steptest,88.0625,,0.229,1,32.81,32.79
1874.37,steptest,88.1875,,0.229,1,32.88,32.37
1874.62,steptest,88.1875,,0.229,1,32.88,33.22
1874.87,steptest,88.2500,,0.229,0,32.88,32.15
1875.12,steptest,88.3125,,0.229,0,32.88,32.58
1875.37,steptest,88.3750,,0.229,0,32.88,33.44
1875.62,steptest,88.3750,,0.229,0,32.88,32.37
1875.87,steptest,88.3750,,0.229,0,32.88,32.58
1876.12,steptest,88.4375,,0.229,0,32.88,32.58
1876.37,steptest,88.5625,,0.229,0,32.88,32.80
1876.62,steptest,88.5625,,0.229,0,32.88,32.15
1876.87,steptest,88.5625,,0.229,0,32.88,32.58
1877.12,steptest,88.6250,,0.229,0,32.88,32.36
1877.37,steptest,88.6250,,0.229,0,32.81,32.79
1877.62,steptest,88.7500,,0.229,0,32.88,32.58
1877.87,steptest,88.7500,,0.229,1,32.81,33.01
1878.12,steptest,88.7500,,0.229,1,32.81,32.58
1878.37,steptest,88.8125,,0.229,1,32.88,33.01
1878.62,steptest,88.8750,,0.229,1,32.88,32.58
1878.87,steptest,89.0625,,0.229,0,32.94,32.80
1879.12,steptest,89.0625,,0.229,0,32.94,32.58
1879.37,steptest,89.0625,,0.229,0,32.88,33.00
1879.62,steptest,89.1250,,0.229,0,32.88,32.79
1879.87,steptest,89.1250,,0.229,0,32.88,32.38
1880.12,steptest,89.1250,,0.229,0,32.88,32.58
1880.37,steptest,89.1875,,0.229,0,32.88,32.36
1880.62,steptest,89.3125,,0.229,0,32.88,32.79
1880.87,steptest,89.3125,,0.229,0,32.88,32.58
1881.12,steptest,89.3125,,0.229,0,32.81,33.01
1881.37,steptest,89.3125,,0.229,0,32.81,32.58
1881.62,steptest,89.4375,,0.229,0,32.88,32.79
1881.87,steptest,89.5000,,0.229,1,32.88,32.37
1882.12,steptest,89.5625,,0.229,1,32.88,32.79
1882.37,steptest,89.5625,,0.229,1,32.88,32.15
1882.62,steptest,89.6250,,0.229,1,32.88,32.36
1882.87,steptest,89.7500,,0.229,0,32.94,32.36
1883.12,steptest,89.7500,,0.229,0,32.88,32.37
1883.37,steptest,89.7500,,0.229,0,32.88,33.01
1883.62,steptest,89.8750,,0.229,0,32.94,32.79
1883.87,steptest,89.9375,,0.229,0,32.88,32.79
# step 100C down 3: duty 0.000, ceiling 120 C, 60 s
1884.12,steptest,89.9375,,0.000,0,32.88,32.79
1884.37,steptest,89.9375,,0.000,0,32.88,32.15
1884.62,steptest,90.0000,,0.000,0,32.88,32.59
1884.87,steptest,90.1875,,0.000,0,32.94,32.15
1885.12,steptest,90.1875,,0.000,0,32.94,32.37
1885.37,steptest,90.1875,,0.000,0,32.88,32.79
1885.62,steptest,90.1875,,0.000,0,32.88,32.36
1885.87,steptest,90.3125,,0.000,0,32.88,32.58
1886.12,steptest,90.3125,,0.000,0,32.88,33.01
1886.37,steptest,90.3750,,0.000,0,32.88,32.80
1886.62,steptest,90.3750,,0.000,0,32.88,32.36
1886.87,steptest,90.5000,,0.000,0,32.94,32.37
1887.12,steptest,90.5000,,0.000,0,32.94,32.58
1887.37,steptest,90.5625,,0.000,0,32.94,32.80
1887.62,steptest,90.5625,,0.000,0,32.94,32.58
1887.87,steptest,90.6250,,0.000,0,32.94,32.15
1888.12,steptest,90.6875,,0.000,0,32.94,32.15
1888.37,steptest,90.7500,,0.000,0,32.94,32.58
1888.62,steptest,90.8125,,0.000,0,33.00,33.01
1888.87,steptest,90.8125,,0.000,0,33.00,32.15
1889.12,steptest,90.8125,,0.000,0,32.94,33.01
1889.37,steptest,90.8750,,0.000,0,32.94,32.16
1889.62,steptest,91.0000,,0.000,0,33.00,32.58
1889.87,steptest,91.0000,,0.000,0,33.00,32.15
1890.12,steptest,90.9375,,0.000,0,32.94,32.79
1890.37,steptest,91.0625,,0.000,0,33.00,31.94
1890.62,steptest,91.0625,,0.000,0,32.94,32.80
1890.87,steptest,91.0625,,0.000,0,32.94,31.73
1891.12,steptest,91.1250,,0.000,0,32.94,33.00
1891.37,steptest,91.1250,,0.000,0,32.94,32.59
1891.62,steptest,91.1875,,0.000,0,32.94,32.37
1891.87,steptest,91.1875,,0.000,0,32.94,32.80
1892.12,steptest,91.1875,,0.000,0,32.94,32.58
1892.37,steptest,91.2500,,0.000,0,32.94,32.79
1892.62,steptest,91.4375,,0.000,0,33.06,33.01
1892.87,steptest,91.3750,,0.000,0,33.00,32.16
1893.12,steptest,91.3750,,0.000,0,33.00,32.79
1893.37,steptest,91.4375,,0.000,0,33.00,32.16
1893.62,steptest,91.3750,,0.000,0,32.94,32.58
1893.87,steptest,91.5000,,0.000,0,33.00,32.58
1894.12,steptest,91.5000,,0.000,0,33.06,32.58
1894.37,steptest,91.6250,,0.000,0,33.06,32.58
1894.62,steptest,91.5625,,0.000,0,33.00,33.22
1894.87,steptest,91.5625,,0.000,0,33.00,32.15
1895.12,steptest,91.5625,,0.000,0,33.00,32.79
1895.37,steptest,91.5625,,0.000,0,33.00,32.58
1895.62,steptest,91.6875,,0.000,0,33.06,32.79
1895.87,steptest,91.7500,,0.000,0,33.06,31.94
1896.12,steptest,91.7500,,0.000,0,33.00,33.01
1896.37,steptest,91.7500,,0.000,0,33.00,32.37
1896.62,steptest,91.7500,,0.000,0,33.00,32.79
1896.87,steptest,91.8125,,0.000,0,33.06,33.01
1897.12,steptest,91.7500,,0.000,0,33.00,32.15
1897.37,steptest,91.7500,,0.000,0,33.06,32.58
1897.62,steptest,91.8750,,0.000,0,33.06,32.80
1897.87,steptest,91.9375,,0.000,0,33.06,32.80
1898.12,steptest,91.9375,,0.000,0,33.06,32.36
1898.37,steptest,92.0000,,0.000,0,33.06,32.58
1898.62,steptest,92.0000,,0.000,0,33.06,32.15
1898.87,steptest,92.0000,,0.000,0,33.06,32.37
1899.12,steptest,92.0000,,0.000,0,33.06,33.01
1899.37,steptest,92.0000,,0.000,0,33.06,32.59
1899.62,steptest,92.0000,,0.000,0,33.06,32.58
1899.87,steptest,92.1250,,0.000,0,33.13,32.79
1900.12,steptest,92.1250,,0.000,0,33.13,32.15
1900.37,steptest,92.1250,,0.000,0,33.13,32.58
1900.62,steptest,92.1250,,0.000,0,33.13,32.79
1900.87,steptest,92.1250,,0.000,0,33.13,32.58
1901.12,steptest,92.1875,,0.000,0,33.13,32.58
1901.37,steptest,92.1875,,0.000,0,33.13,33.01
1901.62,steptest,92.1875,,0.000,0,33.13,32.58
1901.87,steptest,92.1875,,0.000,0,33.13,32.80
1902.12,steptest,92.1875,,0.000,0,33.13,32.58
1902.37,steptest,92.1875,,0.000,0,33.13,32.36
1902.62,steptest,92.2500,,0.000,0,33.13,32.37
1902.87,steptest,92.2500,,0.000,0,33.13,32.58
1903.12,steptest,92.2500,,0.000,0,33.13,32.15
1903.37,steptest,92.2500,,0.000,0,33.13,32.59
1903.62,steptest,92.3125,,0.000,0,33.13,32.16
1903.87,steptest,92.3125,,0.000,0,33.13,33.22
1904.12,steptest,92.3125,,0.000,0,33.13,32.79
1904.37,steptest,92.3125,,0.000,0,33.13,32.79
1904.62,steptest,92.3125,,0.000,0,33.13,32.58
1904.87,steptest,92.3125,,0.000,0,33.19,32.79
1905.12,steptest,92.3125,,0.000,0,33.19,32.37
1905.37,steptest,92.3125,,0.000,0,33.19,33.23
1905.62,steptest,92.3125,,0.000,0,33.19,32.79
1905.87,steptest,92.3750,,0.000,0,33.19,32.79
1906.12,steptest,92.3750,,0.000,0,33.19,32.79
1906.37,steptest,92.3750,,0.000,0,33.19,32.58
1906.62,steptest,92.3750,,0.000,0,33.19,32.15
1906.87,steptest,92.3750,,0.000,0,33.19,32.58
1907.12,steptest,92.3750,,0.000,0,33.19,32.15
1907.37,steptest,92.3750,,0.000,0,33.19,32.58
1907.62,steptest,92.3750,,0.000,0,33.19,32.58
1907.87,steptest,92.3750,,0.000,0,33.19,32.58
1908.12,steptest,92.3750,,0.000,0,33.19,32.79
1908.37,steptest,92.3750,,0.000,0,33.19,32.58
1908.62,steptest,92.3750,,0.000,0,33.19,32.37
1908.87,steptest,92.3750,,0.000,0,33.19,32.58
1909.12,steptest,92.3750,,0.000,0,33.19,32.79
1909.37,steptest,92.3750,,0.000,0,33.19,32.37
1909.62,steptest,92.3750,,0.000,0,33.19,32.58
1909.87,steptest,92.3750,,0.000,0,33.19,32.58
1910.12,steptest,92.3750,,0.000,0,33.19,33.01
1910.37,steptest,92.3750,,0.000,0,33.25,33.22
1910.62,steptest,92.4375,,0.000,0,33.25,32.79
1910.87,steptest,92.3125,,0.000,0,33.19,32.58
1911.12,steptest,92.3750,,0.000,0,33.19,32.58
1911.37,steptest,92.3125,,0.000,0,33.19,32.58
1911.62,steptest,92.3125,,0.000,0,33.19,32.79
1911.87,steptest,92.3125,,0.000,0,33.19,33.23
1912.12,steptest,92.3750,,0.000,0,33.25,32.58
1912.37,steptest,92.3750,,0.000,0,33.25,32.37
1912.62,steptest,92.3750,,0.000,0,33.25,32.15
1912.87,steptest,92.3125,,0.000,0,33.19,32.58
1913.12,steptest,92.3125,,0.000,0,33.19,32.80
1913.37,steptest,92.3125,,0.000,0,33.19,32.80
1913.62,steptest,92.3125,,0.000,0,33.19,32.37
1913.87,steptest,92.3125,,0.000,0,33.19,32.37
1914.12,steptest,92.3750,,0.000,0,33.25,33.01
1914.37,steptest,92.3750,,0.000,0,33.25,33.23
1914.62,steptest,92.3125,,0.000,0,33.19,32.58
1914.87,steptest,92.3125,,0.000,0,33.19,32.58
1915.12,steptest,92.2500,,0.000,0,33.19,32.58
1915.37,steptest,92.3125,,0.000,0,33.25,32.37
1915.62,steptest,92.2500,,0.000,0,33.19,32.79
1915.87,steptest,92.2500,,0.000,0,33.19,32.37
1916.12,steptest,92.2500,,0.000,0,33.25,32.37
1916.37,steptest,92.2500,,0.000,0,33.25,32.37
1916.62,steptest,92.2500,,0.000,0,33.25,33.01
1916.87,steptest,92.2500,,0.000,0,33.19,32.36
1917.12,steptest,92.1875,,0.000,0,33.19,32.80
1917.37,steptest,92.1875,,0.000,0,33.25,32.58
1917.62,steptest,92.1875,,0.000,0,33.25,32.58
1917.87,steptest,92.1875,,0.000,0,33.25,32.79
1918.12,steptest,92.1875,,0.000,0,33.25,33.65
1918.37,steptest,92.1875,,0.000,0,33.25,32.37
1918.62,steptest,92.1875,,0.000,0,33.25,32.37
1918.87,steptest,92.1875,,0.000,0,33.25,32.58
1919.12,steptest,92.1875,,0.000,0,33.25,33.01
1919.37,steptest,92.1875,,0.000,0,33.31,32.59
1919.62,steptest,92.1250,,0.000,0,33.25,32.37
1919.87,steptest,92.0625,,0.000,0,33.25,32.79
1920.12,steptest,92.0625,,0.000,0,33.25,32.58
1920.37,steptest,92.0625,,0.000,0,33.25,32.36
1920.62,steptest,92.1250,,0.000,0,33.31,33.01
1920.87,steptest,92.0000,,0.000,0,33.25,32.58
1921.12,steptest,92.0000,,0.000,0,33.25,32.58
1921.37,steptest,92.0000,,0.000,0,33.25,32.58
1921.62,steptest,92.0000,,0.000,0,33.25,32.36
1921.87,steptest,92.0000,,0.000,0,33.25,32.80
1922.12,steptest,92.0000,,0.000,0,33.25,32.58
1922.37,steptest,92.0000,,0.000,0,33.25,33.01
1922.62,steptest,92.0000,,0.000,0,33.31,31.73
1922.87,steptest,92.0000,,0.000,0,33.31,32.36
1923.12,steptest,91.9375,,0.000,0,33.31,32.80
1923.37,steptest,91.9375,,0.000,0,33.31,32.15
1923.62,steptest,91.9375,,0.000,0,33.31,32.58
1923.87,steptest,91.8750,,0.000,0,33.31,32.36
1924.12,steptest,91.8750,,0.000,0,33.31,32.79
1924.37,steptest,91.8750,,0.000,0,33.31,32.58
1924.62,steptest,91.8750,,0.000,0,33.31,32.58
1924.87,steptest,91.8750,,0.000,0,33.31,32.59
1925.12,steptest,91.8125,,0.000,0,33.31,32.58
1925.37,steptest,91.8125,,0.000,0,33.31,32.36
1925.62,steptest,91.8125,,0.000,0,33.31,32.79
1925.87,steptest,91.8125,,0.000,0,33.31,32.37
1926.12,steptest,91.7500,,0.000,0,33.31,32.79
1926.37,steptest,91.7500,,0.000,0,33.31,32.58
1926.62,steptest,91.7500,,0.000,0,33.38,32.57
1926.87,steptest,91.7500,,0.000,0,33.38,32.37
1927.12,steptest,91.7500,,0.000,0,33.38,32.58
1927.37,steptest,91.7500,,0.000,0,33.38,33.01
1927.62,steptest,91.6875,,0.000,0,33.38,32.59
1927.87,steptest,91.6875,,0.000,0,33.38,33.01
1928.12,steptest,91.6875,,0.000,0,33.38,32.80
1928.37,steptest,91.6250,,0.000,0,33.38,32.79
1928.62,steptest,91.5625,,0.000,0,33.31,32.58
1928.87,steptest,91.5625,,0.000,0,33.31,32.79
1929.12,steptest,91.5625,,0.000,0,33.38,32.58
1929.37,steptest,91.5625,,0.000,0,33.38,32.58
1929.62,steptest,91.5625,,0.000,0,33.38,32.79
1929.87,steptest,91.5625,,0.000,0,33.38,32.79
1930.12,steptest,91.5000,,0.000,0,33.38,32.80
1930.37,steptest,91.5625,,0.000,0,33.44,32.58
1930.62,steptest,91.5000,,0.000,0,33.44,32.79
1930.87,steptest,91.4375,,0.000,0,33.38,32.15
1931.12,steptest,91.4375,,0.000,0,33.38,32.58
1931.37,steptest,91.3750,,0.000,0,33.38,33.01
1931.62,steptest,91.4375,,0.000,0,33.44,32.79
1931.87,steptest,91.4375,,0.000,0,33.44,32.79
1932.12,steptest,91.4375,,0.000,0,33.44,32.57
1932.37,steptest,91.3750,,0.000,0,33.44,32.79
1932.62,steptest,91.3125,,0.000,0,33.44,33.01
1932.87,steptest,91.2500,,0.000,0,33.38,32.37
1933.12,steptest,91.2500,,0.000,0,33.44,32.79
1933.37,steptest,91.2500,,0.000,0,33.44,32.37
1933.62,steptest,91.2500,,0.000,0,33.44,32.58
1933.87,steptest,91.1875,,0.000,0,33.44,32.15
1934.12,steptest,91.1875,,0.000,0,33.44,32.17
1934.37,steptest,91.1875,,0.000,0,33.44,32.58
1934.62,steptest,91.1875,,0.000,0,33.44,32.16
1934.87,steptest,91.1250,,0.000,0,33.44,32.36
1935.12,steptest,91.1250,,0.000,0,33.44,32.58
1935.37,steptest,91.1250,,0.000,0,33.44,32.58
1935.62,steptest,91.0625,,0.000,0,33.44,32.58
1935.87,steptest,91.0625,,0.000,0,33.44,33.01
1936.12,steptest,91.0000,,0.000,0,33.44,32.58
1936.37,steptest,91.0000,,0.000,0,33.44,32.15
1936.62,steptest,91.0000,,0.000,0,33.44,33.01
1936.87,steptest,90.9375,,0.000,0,33.44,33.01
1937.12,steptest,90.9375,,0.000,0,33.44,32.80
1937.37,steptest,90.9375,,0.000,0,33.50,32.79
1937.62,steptest,90.9375,,0.000,0,33.50,31.94
1937.87,steptest,90.8750,,0.000,0,33.50,33.01
1938.12,steptest,90.8750,,0.000,0,33.50,32.58
1938.37,steptest,90.8750,,0.000,0,33.50,32.15
1938.62,steptest,90.8750,,0.000,0,33.50,33.01
1938.87,steptest,90.7500,,0.000,0,33.44,32.58
1939.12,steptest,90.8125,,0.000,0,33.50,32.79
1939.37,steptest,90.7500,,0.000,0,33.50,32.15
1939.62,steptest,90.7500,,0.000,0,33.50,33.01
1939.87,steptest,90.6875,,0.000,0,33.50,32.36
1940.12,steptest,90.6250,,0.000,0,33.44,32.58
1940.37,steptest,90.6875,,0.000,0,33.50,33.01
1940.62,steptest,90.6250,,0.000,0,33.50,32.37
1940.87,steptest,90.6250,,0.000,0,33.50,32.80
1941.12,steptest,90.6250,,0.000,0,33.50,32.58
1941.37,steptest,90.5625,,0.000,0,33.50,33.01
1941.62,steptest,90.5000,,0.000,0,33.50,32.79
1941.87,steptest,90.5000,,0.000,0,33.50,32.59
1942.12,steptest,90.5000,,0.000,0,33.50,32.15
1942.37,steptest,90.4375,,0.000,0,33.44,32.36
1942.62,steptest,90.4375,,0.000,0,33.50,32.58
1942.87,steptest,90.4375,,0.000,0,33.56,32.79
1943.12,steptest,90.4375,,0.000,0,33.56,32.80
1943.37,steptest,90.3750,,0.000,0,33.50,32.59
1943.62,steptest,90.3125,,0.000,0,33.50,32.80
1943.87,steptest,90.3125,,0.000,0,33.50,33.01
# step climb to 150C: duty 1.000, ceiling 132 C, 600 s
1944.12,steptest,90.3125,,1.000,0,33.50,32.36
1944.37,steptest,90.3125,,1.000,0,33.56,32.37
1944.62,steptest,90.2500,,1.000,0,33.56,32.79
1944.87,steptest,90.2500,,1.000,0,33.56,32.58
1945.12,steptest,90.2500,,1.000,0,33.56,32.80
1945.37,steptest,90.1250,,1.000,0,33.50,32.37
1945.62,steptest,90.1250,,1.000,0,33.50,32.37
1945.87,steptest,90.1250,,1.000,1,33.50,32.80
1946.12,steptest,90.1250,,1.000,1,33.56,32.36
1946.37,steptest,90.1250,,1.000,1,33.56,32.36
1946.62,steptest,90.0625,,1.000,1,33.50,32.58
1946.87,steptest,90.0000,,1.000,1,33.50,32.37
1947.12,steptest,89.9375,,1.000,1,33.50,32.79
1947.37,steptest,89.9375,,1.000,1,33.50,32.36
1947.62,steptest,89.9375,,1.000,1,33.50,32.37
1947.87,steptest,89.9375,,1.000,1,33.50,32.58
1948.12,steptest,89.9375,,1.000,1,33.56,32.58
1948.37,steptest,89.9375,,1.000,1,33.56,31.94
1948.62,steptest,89.9375,,1.000,1,33.56,32.37
1948.87,steptest,89.8750,,1.000,1,33.56,31.73
1949.12,steptest,89.8750,,1.000,1,33.56,32.58
1949.37,steptest,89.8750,,1.000,1,33.56,32.36
1949.62,steptest,89.8750,,1.000,1,33.56,32.37
1949.87,steptest,89.8750,,1.000,1,33.56,32.58
1950.12,steptest,89.8750,,1.000,1,33.56,32.37
1950.37,steptest,89.8750,,1.000,1,33.56,32.58
1950.62,steptest,89.8750,,1.000,1,33.56,32.58
1950.87,steptest,89.8750,,1.000,1,33.56,32.58
1951.12,steptest,89.8750,,1.000,1,33.56,32.80
1951.37,steptest,90.0000,,1.000,1,33.63,32.37
1951.62,steptest,90.0000,,1.000,1,33.63,32.79
1951.87,steptest,90.0000,,1.000,1,33.63,32.58
1952.12,steptest,89.9375,,1.000,1,33.56,32.15
1952.37,steptest,90.0000,,1.000,1,33.63,32.37
1952.62,steptest,90.0000,,1.000,1,33.56,33.01
1952.87,steptest,90.0625,,1.000,1,33.56,32.58
1953.12,steptest,90.1250,,1.000,1,33.56,32.37
1953.37,steptest,90.1250,,1.000,1,33.56,32.37
1953.62,steptest,90.2500,,1.000,1,33.56,32.15
1953.87,steptest,90.2500,,1.000,1,33.56,32.58
1954.12,steptest,90.3750,,1.000,1,33.63,32.15
1954.37,steptest,90.5000,,1.000,1,33.63,32.58
1954.62,steptest,90.5000,,1.000,1,33.56,33.01
1954.87,steptest,90.5000,,1.000,1,33.56,32.37
1955.12,steptest,90.6250,,1.000,1,33.63,33.45
1955.37,steptest,90.8125,,1.000,1,33.63,32.58
1955.62,steptest,90.8750,,1.000,1,33.63,32.79
1955.87,steptest,90.8750,,1.000,1,33.63,33.01
1956.12,steptest,91.0625,,1.000,1,33.63,31.95
1956.37,steptest,91.1875,,1.000,1,33.63,32.58
1956.62,steptest,91.2500,,1.000,1,33.63,32.58
1956.87,steptest,91.5625,,1.000,1,33.69,32.37
1957.12,steptest,91.5625,,1.000,1,33.69,31.94
1957.37,steptest,91.6875,,1.000,1,33.69,32.58
1957.62,steptest,91.7500,,1.000,1,33.63,32.58
1957.87,steptest,92.0000,,1.000,1,33.69,32.79
1958.12,steptest,92.0000,,1.000,1,33.69,32.58
1958.37,steptest,92.1250,,1.000,1,33.63,32.58
1958.62,steptest,92.3750,,1.000,1,33.63,32.58
1958.87,steptest,92.6250,,1.000,1,33.69,32.37
1959.12,steptest,92.6250,,1.000,1,33.69,32.58
1959.37,steptest,92.7500,,1.000,1,33.69,32.79
1959.62,steptest,93.0000,,1.000,1,33.69,32.80
1959.87,steptest,93.1875,,1.000,1,33.69,32.58
1960.12,steptest,93.5625,,1.000,1,33.69,32.16
1960.37,steptest,93.5625,,1.000,1,33.69,32.15
1960.62,steptest,93.6875,,1.000,1,33.63,32.15
1960.87,steptest,94.0000,,1.000,1,33.75,32.37
1961.12,steptest,94.2500,,1.000,1,33.69,32.58
1961.37,steptest,94.2500,,1.000,1,33.69,32.58
1961.62,steptest,94.4375,,1.000,1,33.69,32.37
1961.87,steptest,94.6250,,1.000,1,33.69,32.15
1962.12,steptest,95.0000,,1.000,1,33.69,32.15
1962.37,steptest,95.0000,,1.000,1,33.75,32.80
1962.62,steptest,95.2500,,1.000,1,33.75,32.58
1962.87,steptest,95.6250,,1.000,1,33.69,32.37
1963.12,steptest,95.8750,,1.000,1,33.75,33.01
1963.37,steptest,96.0625,,1.000,1,33.69,32.58
1963.62,steptest,96.0625,,1.000,1,33.69,33.22
1963.87,steptest,96.5625,,1.000,1,33.75,33.01
1964.12,steptest,96.7500,,1.000,1,33.75,32.58
1964.37,steptest,97.2500,,1.000,1,33.75,32.37
1964.62,steptest,97.2500,,1.000,1,33.75,32.37
1964.87,steptest,97.4375,,1.000,1,33.75,32.58
1965.12,steptest,97.6875,,1.000,1,33.75,32.58
1965.37,steptest,98.1250,,1.000,1,33.75,32.37
1965.62,steptest,98.1250,,1.000,1,33.75,32.80
1965.87,steptest,98.3750,,1.000,1,33.75,33.01
1966.12,steptest,98.9375,,1.000,1,33.75,32.58
1966.37,steptest,99.1875,,1.000,1,33.75,32.58
1966.62,steptest,99.5000,,1.000,1,33.81,32.37
1966.87,steptest,99.5000,,1.000,1,33.81,32.15
1967.12,steptest,99.9375,,1.000,1,33.75,31.94
1967.37,steptest,100.1875,,1.000,1,33.75,32.15
1967.62,steptest,100.5000,,1.000,1,33.75,32.15
1967.87,steptest,100.5000,,1.000,1,33.75,32.58
1968.12,steptest,101.1250,,1.000,1,33.81,32.59
1968.37,steptest,101.3750,,1.000,1,33.81,32.36
1968.62,steptest,101.9375,,1.000,1,33.81,32.59
1968.87,steptest,101.9375,,1.000,1,33.75,31.94
1969.12,steptest,102.1250,,1.000,1,33.75,32.79
1969.37,steptest,102.4375,,1.000,1,33.75,33.00
1969.62,steptest,103.0000,,1.000,1,33.75,32.58
1969.87,steptest,103.3125,,1.000,1,33.81,32.58
1970.12,steptest,103.3125,,1.000,1,33.81,32.37
1970.37,steptest,103.9375,,1.000,1,33.81,32.37
1970.62,steptest,104.2500,,1.000,1,33.81,33.22
1970.87,steptest,104.5000,,1.000,1,33.81,32.79
1971.12,steptest,104.5000,,1.000,1,33.81,32.58
1971.37,steptest,105.1250,,1.000,1,33.81,32.15
1971.62,steptest,105.4375,,1.000,1,33.81,32.37
1971.87,steptest,105.7500,,1.000,1,33.81,32.58
1972.12,steptest,105.7500,,1.000,1,33.81,32.37
1972.37,steptest,106.3750,,1.000,1,33.81,32.58
1972.62,steptest,106.7500,,1.000,1,33.88,32.58
1972.87,steptest,107.3125,,1.000,1,33.81,33.23
1973.12,steptest,107.6875,,1.000,1,33.81,32.58
1973.37,steptest,107.6875,,1.000,1,33.81,32.58
1973.62,steptest,107.9375,,1.000,1,33.81,33.01
1973.87,steptest,108.6250,,1.000,1,33.81,32.58
1974.12,steptest,108.8750,,1.000,1,33.81,32.80
1974.37,steptest,108.8750,,1.000,1,33.81,32.37
1974.62,steptest,109.5625,,1.000,1,33.81,32.16
1974.87,steptest,109.9375,,1.000,1,33.88,32.79
1975.12,steptest,110.3125,,1.000,1,33.88,32.79
1975.37,steptest,110.3125,,1.000,1,33.81,33.01
1975.62,steptest,110.8750,,1.000,1,33.81,32.79
1975.87,steptest,111.2500,,1.000,1,33.81,32.36
1976.12,steptest,112.0000,,1.000,1,33.88,32.58
1976.37,steptest,112.3125,,1.000,1,33.88,32.58
1976.62,steptest,112.3125,,1.000,1,33.88,32.37
1976.87,steptest,112.6875,,1.000,1,33.88,32.80
1977.12,steptest,113.3125,,1.000,1,33.81,32.15
1977.37,steptest,113.6875,,1.000,1,33.88,32.80
1977.62,steptest,113.6875,,1.000,1,33.88,32.80
1977.87,steptest,114.0625,,1.000,1,33.88,32.80
1978.12,steptest,114.7500,,1.000,1,33.88,32.15
1978.37,steptest,115.1250,,1.000,1,33.88,32.58
1978.62,steptest,115.1250,,1.000,1,33.88,32.37
1978.87,steptest,115.7500,,1.000,1,33.88,32.37
1979.12,steptest,116.1250,,1.000,1,33.88,32.79
1979.37,steptest,116.5625,,1.000,1,33.94,32.58
1979.62,steptest,117.1875,,1.000,1,33.88,32.79
1979.87,steptest,117.1875,,1.000,1,33.88,33.01
1980.12,steptest,117.6250,,1.000,1,33.94,32.37
1980.37,steptest,118.3125,,1.000,1,33.94,32.37
1980.62,steptest,118.6250,,1.000,1,33.88,32.59
1980.87,steptest,118.6250,,1.000,1,33.88,32.16
1981.12,steptest,119.0625,,1.000,1,33.94,32.37
1981.37,steptest,119.7500,,1.000,1,33.94,32.58
1981.62,steptest,120.0625,,1.000,1,33.94,32.58
1981.87,steptest,120.0625,,1.000,1,33.94,32.37
1982.12,steptest,120.5000,,1.000,1,33.94,32.58
1982.37,steptest,121.1875,,1.000,1,33.94,32.37
1982.62,steptest,121.5000,,1.000,1,33.94,32.80
1982.87,steptest,122.3125,,1.000,1,33.94,32.58
1983.12,steptest,122.3125,,1.000,1,33.94,32.58
1983.37,steptest,122.6250,,1.000,1,33.94,32.58
1983.62,steptest,123.0000,,1.000,1,33.94,32.80
1983.87,steptest,123.7500,,1.000,1,33.94,32.58
1984.12,steptest,123.7500,,1.000,1,33.94,32.80
1984.37,steptest,124.0625,,1.000,1,33.94,32.37
1984.62,steptest,124.8750,,1.000,1,34.00,32.80
1984.87,steptest,125.2500,,1.000,1,34.00,32.79
1985.12,steptest,125.2500,,1.000,1,34.00,32.37
1985.37,steptest,125.6250,,1.000,1,34.00,32.37
1985.62,steptest,126.3125,,1.000,1,34.00,32.15
1985.87,steptest,126.7500,,1.000,1,34.00,32.59
1986.12,steptest,127.3125,,1.000,1,33.94,32.58
1986.37,steptest,127.3125,,1.000,1,33.94,32.36
1986.62,steptest,127.6875,,1.000,1,33.94,32.57
1986.87,steptest,128.1875,,1.000,1,34.00,32.80
1987.12,steptest,128.8750,,1.000,1,34.00,32.37
1987.37,steptest,128.8750,,1.000,1,34.00,32.15
1987.62,steptest,129.2500,,1.000,1,34.00,33.01
1987.87,steptest,129.6250,,1.000,1,34.00,32.37
1988.12,steptest,130.4375,,1.000,1,34.06,32.58
1988.37,steptest,130.4375,,1.000,1,34.00,32.58
1988.62,steptest,130.6875,,1.000,1,34.00,32.15
1988.87,steptest,131.5625,,1.000,1,34.06,32.37
1989.12,steptest,131.8750,,1.000,1,34.06,32.15
1989.37,steptest,132.1875,,0.000,1,34.00,32.37
# step 150C settle: duty 0.213, ceiling 170 C, 180 s
1989.62,steptest,132.1875,,0.213,1,34.00,32.58
1989.87,steptest,133.0000,,0.213,1,34.06,32.15
1990.12,steptest,133.3750,,0.213,1,34.06,32.80
1990.37,steptest,134.0625,,0.213,1,34.06,32.58
1990.62,steptest,134.0625,,0.213,1,34.06,32.36
1990.87,steptest,134.4375,,0.213,0,34.06,32.57
1991.12,steptest,134.7500,,0.213,0,34.06,32.80
1991.37,steptest,135.5625,,0.213,0,34.13,32.79
1991.62,steptest,135.5625,,0.213,0,34.06,32.80
1991.87,steptest,135.8125,,0.213,0,34.06,33.01
1992.12,steptest,136.1250,,0.213,0,34.06,32.37
1992.37,steptest,136.6250,,0.213,0,34.06,32.58
1992.62,steptest,136.9375,,0.213,0,34.13,32.58
1992.87,steptest,136.9375,,0.213,0,34.13,31.94
1993.12,steptest,137.4375,,0.213,0,34.13,32.37
1993.37,steptest,137.6875,,0.213,0,34.13,32.79
1993.62,steptest,137.8125,,0.213,0,34.06,32.79
1993.87,steptest,137.8125,,0.213,1,34.06,32.80
1994.12,steptest,138.1875,,0.213,1,34.13,32.80
1994.37,steptest,138.3750,,0.213,1,34.13,32.59
1994.62,steptest,138.8750,,0.213,1,34.19,33.01
1994.87,steptest,138.8750,,0.213,0,34.19,32.79
1995.12,steptest,139.0625,,0.213,0,34.19,32.80
1995.37,steptest,139.1875,,0.213,0,34.13,32.36
1995.62,steptest,139.5625,,0.213,0,34.13,32.16
1995.87,steptest,139.8125,,0.213,0,34.19,32.79
1996.12,steptest,139.8125,,0.213,0,34.19,33.01
1996.37,steptest,139.8750,,0.213,0,34.13,31.94
1996.62,steptest,140.3125,,0.213,0,34.19,32.36
1996.87,steptest,140.4375,,0.213,0,34.19,32.37
1997.12,steptest,140.4375,,0.213,0,34.19,32.79
1997.37,steptest,140.6875,,0.213,0,34.13,32.36
1997.62,steptest,140.7500,,0.213,0,34.13,32.58
1997.87,steptest,140.9375,,0.213,1,34.13,32.37
1998.12,steptest,140.9375,,0.213,1,34.19,32.79
1998.37,steptest,141.2500,,0.213,1,34.19,32.36
1998.62,steptest,141.3750,,0.213,1,34.19,32.80
1998.87,steptest,141.6250,,0.213,0,34.19,32.58
1999.12,steptest,141.6875,,0.213,0,34.19,32.58
1999.37,steptest,141.6875,,0.213,0,34.19,32.36
1999.62,steptest,141.8750,,0.213,0,34.19,32.15
1999.87,steptest,142.0625,,0.213,0,34.19,32.37
2000.12,steptest,142.2500,,0.213,0,34.19,33.45
2000.37,steptest,142.2500,,0.213,0,34.19,32.15
2000.62,steptest,142.5000,,0.213,0,34.25,32.36
2000.87,steptest,142.5000,,0.213,0,34.19,32.37
2001.12,steptest,142.6250,,0.213,0,34.25,32.79
2001.37,steptest,142.6250,,0.213,0,34.25,32.58
2001.62,steptest,142.8125,,0.213,0,34.25,32.80
2001.87,steptest,142.9375,,0.213,1,34.25,32.37
2002.12,steptest,143.0000,,0.213,1,34.25,32.79
2002.37,steptest,143.1250,,0.213,1,34.19,32.15
2002.62,steptest,143.1250,,0.213,1,34.19,33.22
2002.87,steptest,143.2500,,0.213,0,34.25,32.58
2003.12,steptest,143.4375,,0.213,0,34.25,31.73
2003.37,steptest,143.5000,,0.213,0,34.25,33.01
2003.62,steptest,143.5000,,0.213,0,34.25,32.59
2003.87,steptest,143.6250,,0.213,0,34.25,32.37
2004.12,steptest,143.8125,,0.213,0,34.31,32.79
2004.37,steptest,143.8125,,0.213,0,34.25,33.01
2004.62,steptest,143.8125,,0.213,0,34.31,32.37
2004.87,steptest,144.0000,,0.213,0,34.31,32.37
2005.12,steptest,144.1250,,0.213,0,34.31,32.58
2005.37,steptest,144.1250,,0.213,0,34.31,32.59
2005.62,steptest,144.2500,,0.213,0,34.31,32.58
2005.87,steptest,144.2500,,0.213,1,34.31,32.37
2006.12,steptest,144.3125,,0.213,1,34.31,32.58
2006.37,steptest,144.3750,,0.213,1,34.31,32.58
2006.62,steptest,144.4375,,0.213,1,34.25,32.15
2006.87,steptest,144.4375,,0.213,0,34.25,33.01
2007.12,steptest,144.6250,,0.213,0,34.38,33.01
2007.37,steptest,144.6250,,0.213,0,34.31,32.80
2007.62,steptest,144.6875,,0.213,0,34.31,32.15
2007.87,steptest,144.6875,,0.213,0,34.38,32.58
2008.12,steptest,144.8125,,0.213,0,34.38,32.36
2008.37,steptest,144.8750,,0.213,0,34.38,32.58
2008.62,steptest,144.9375,,0.213,0,34.38,32.80
2008.87,steptest,145.0625,,0.213,0,34.38,32.58
2009.12,steptest,145.0625,,0.213,0,34.38,32.58
2009.37,steptest,145.0000,,0.213,0,34.31,32.58
2009.62,steptest,145.0625,,0.213,0,34.38,32.36
2009.87,steptest,145.1250,,0.213,1,34.38,32.58
2010.12,steptest,145.1250,,0.213,1,34.38,32.15
2010.37,steptest,145.2500,,0.213,1,34.38,32.80
2010.62,steptest,145.2500,,0.213,1,34.38,32.15
2010.87,steptest,145.3125,,0.213,0,34.38,32.58
2011.12,steptest,145.3125,,0.213,0,34.38,32.37
2011.37,steptest,145.3125,,0.213,0,34.38,33.22
2011.62,steptest,145.5000,,0.213,0,34.44,32.58
2011.87,steptest,145.4375,,0.213,0,34.38,32.58
2012.12,steptest,145.5000,,0.213,0,34.38,32.58
2012.37,steptest,145.5000,,0.213,0,34.38,32.37
2012.62,steptest,145.5000,,0.213,0,34.38,31.94
2012.87,steptest,145.6250,,0.213,0,34.44,32.15
2013.12,steptest,145.6875,,0.213,0,34.44,33.01
2013.37,steptest,145.6875,,0.213,0,34.44,32.80
2013.62,steptest,145.6250,,0.213,0,34.38,32.58
2013.87,steptest,145.6875,,0.213,1,34.44,32.36
2014.12,steptest,145.7500,,0.213,1,34.44,32.58
2014.37,steptest,145.7500,,0.213,1,34.50,33.00
2014.62,steptest,145.8750,,0.213,1,34.50,32.37
2014.87,steptest,145.8750,,0.213,0,34.50,33.01
2015.12,steptest,145.8750,,0.213,0,34.50,32.58
2015.37,steptest,145.8750,,0.213,0,34.50,32.79
2015.62,steptest,145.8750,,0.213,0,34.50,32.79
2015.87,steptest,145.9375,,0.213,0,34.50,32.37
2016.12,steptest,146.0000,,0.213,0,34.50,32.37
2016.37,steptest,146.0000,,0.213,0,34.50,32.58
2016.62,steptest,146.0000,,0.213,0,34.50,32.79
2016.87,steptest,146.0000,,0.213,0,34.50,32.58
2017.12,steptest,146.0625,,0.213,0,34.50,33.01
2017.37,steptest,146.1250,,0.213,0,34.56,32.58
2017.62,steptest,146.1250,,0.213,0,34.50,32.79
2017.87,steptest,146.0625,,0.213,1,34.50,32.80
2018.12,steptest,146.1250,,0.213,1,34.56,32.58
2018.37,steptest,146.1250,,0.213,1,34.56,32.37
2018.62,steptest,146.1250,,0.213,1,34.56,32.36
2018.87,steptest,146.1250,,0.213,0,34.56,33.22
2019.12,steptest,146.1250,,0.213,0,34.56,32.79
2019.37,steptest,146.1250,,0.213,0,34.56,32.37
2019.62,steptest,146.1875,,0.213,0,34.56,33.01
2019.87,steptest,146.1875,,0.213,0,34.56,31.94
2020.12,steptest,146.2500,,0.213,0,34.63,33.01
2020.37,steptest,146.1875,,0.213,0,34.56,33.01
2020.62,steptest,146.2500,,0.213,0,34.63,32.58
2020.87,steptest,146.2500,,0.213,0,34.56,32.15
2021.12,steptest,146.1875,,0.213,0,34.56,32.37
2021.37,steptest,146.2500,,0.213,0,34.63,32.36
2021.62,steptest,146.2500,,0.213,0,34.63,32.37
2021.87,steptest,146.2500,,0.213,1,34.63,32.37
2022.12,steptest,146.2500,,0.213,1,34.63,32.80
2022.37,steptest,146.1875,,0.213,1,34.63,32.80
2022.62,steptest,146.2500,,0.213,1,34.63,32.58
2022.87,steptest,146.3125,,0.213,0,34.69,31.73
2023.12,steptest,146.3125,,0.213,0,34.69,32.37
2023.37,steptest,146.2500,,0.213,0,34.63,32.15
2023.62,steptest,146.3125,,0.213,0,34.69,32.58
2023.87,steptest,146.3125,,0.213,0,34.69,32.36
2024.12,steptest,146.3125,,0.213,0,34.69,32.15
2024.37,steptest,146.3125,,0.213,0,34.69,32.80
2024.62,steptest,146.2500,,0.213,0,34.63,32.37
2024.87,steptest,146.3125,,0.213,0,34.69,32.58
2025.12,steptest,146.2500,,0.213,0,34.63,32.80
2025.37,steptest,146.2500,,0.213,0,34.63,32.58
2025.62,steptest,146.2500,,0.213,0,34.69,33.01
2025.87,steptest,146.3125,,0.213,1,34.75,32.37
2026.12,steptest,146.5000,,0.213,1,34.75,33.01
2026.37,steptest,146.5000,,0.213,1,34.75,32.58
2026.62,steptest,146.2500,,0.213,1,34.69,32.80
2026.87,steptest,146.3125,,0.213,0,34.75,32.80
2027.12,steptest,146.3125,,0.213,0,34.75,32.58
2027.37,steptest,146.3125,,0.213,0,34.69,32.57
2027.62,steptest,146.2500,,0.213,0,34.69,32.58
2027.87,steptest,146.3125,,0.213,0,34.75,32.37
2028.12,steptest,146.2500,,0.213,0,34.69,33.01
2028.37,steptest,146.2500,,0.213,0,34.75,32.58
2028.62,steptest,146.2500,,0.213,0,34.75,32.80
2028.87,steptest,146.2500,,0.213,0,34.75,32.16
2029.12,steptest,146.3125,,0.213,0,34.81,32.79
2029.37,steptest,146.2500,,0.213,0,34.75,32.79
2029.62,steptest,146.2500,,0.213,0,34.75,32.15
2029.87,steptest,146.2500,,0.213,1,34.81,32.58
2030.12,steptest,146.1875,,0.213,1,34.81,32.37
2030.37,steptest,146.2500,,0.213,1,34.81,32.37
2030.62,steptest,146.2500,,0.213,1,34.81,33.01
2030.87,steptest,146.1875,,0.213,0,34.81,32.37
2031.12,steptest,146.1875,,0.213,0,34.81,32.79
2031.37,steptest,146.1875,,0.213,0,34.81,33.00
2031.62,steptest,146.1875,,0.213,0,34.81,32.36
2031.87,steptest,146.1875,,0.213,0,34.81,33.01
2032.12,steptest,146.2500,,0.213,0,34.88,33.22
2032.37,steptest,146.2500,,0.213,0,34.88,32.79
2032.62,steptest,146.1875,,0.213,0,34.81,32.36
2032.87,steptest,146.1875,,0.213,0,34.81,32.79
2033.12,steptest,146.1875,,0.213,0,34.88,32.37
2033.37,steptest,146.1875,,0.213,0,34.88,32.37
2033.62,steptest,146.1250,,0.213,0,34.88,32.58
2033.87,steptest,146.1250,,0.213,1,34.81,32.58
2034.12,steptest,146.0625,,0.213,1,34.81,32.36
2034.37,steptest,145.6250,,0.213,1,34.88,32.58
2034.62,steptest,146.0625,,0.213,1,34.88,32.79
2034.87,steptest,146.0000,,0.213,0,34.88,32.37
2035.12,steptest,146.0000,,0.213,0,34.88,32.58
2035.37,steptest,146.0000,,0.213,0,34.88,32.58
2035.62,steptest,146.0000,,0.213,0,34.88,32.58
2035.87,steptest,146.0000,,0.213,0,34.88,33.01
2036.12,steptest,146.0000,,0.213,0,34.88,32.80
2036.37,steptest,146.0625,,0.213,0,34.94,32.80
2036.62,steptest,146.0000,,0.213,0,34.88,32.79
2036.87,steptest,146.0000,,0.213,0,34.94,32.58
2037.12,steptest,146.0000,,0.213,0,34.94,32.58
2037.37,steptest,146.0000,,0.213,0,34.94,33.22
2037.62,steptest,145.8750,,0.213,0,34.88,32.58
2037.87,steptest,145.9375,,0.213,1,34.94,33.23
2038.12,steptest,145.8750,,0.213,1,34.94,32.79
2038.37,steptest,145.8750,,0.213,1,34.94,33.01
2038.62,steptest,145.8750,,0.213,1,34.94,32.36
2038.87,steptest,145.9375,,0.213,0,35.00,32.58
2039.12,steptest,145.9375,,0.213,0,35.00,33.23
2039.37,steptest,145.9375,,0.213,0,35.00,33.01
2039.62,steptest,145.8750,,0.213,0,34.94,32.15
2039.87,steptest,145.9375,,0.213,0,35.00,32.59
2040.12,steptest,145.8750,,0.213,0,35.00,32.36
2040.37,steptest,145.8750,,0.213,0,35.00,33.01
2040.62,steptest,145.8125,,0.213,0,35.00,32.37
2040.87,steptest,145.8125,,0.213,0,35.00,32.37
2041.12,steptest,145.8125,,0.213,0,35.06,32.37
2041.37,steptest,145.8125,,0.213,0,35.06,32.58
2041.62,steptest,145.8125,,0.213,0,35.06,32.79
2041.87,steptest,145.8125,,0.213,1,35.06,31.93
2042.12,steptest,145.8125,,0.213,1,35.06,32.80
2042.37,steptest,145.6875,,0.213,1,35.00,32.58
2042.62,steptest,145.6875,,0.213,1,35.00,32.58
2042.87,steptest,145.7500,,0.213,0,35.06,32.58
2043.12,steptest,145.6875,,0.213,0,35.06,32.58
2043.37,steptest,145.6875,,0.213,0,35.06,32.15
2043.62,steptest,145.6875,,0.213,0,35.06,32.80
2043.87,steptest,145.6250,,0.213,0,35.06,32.58
2044.12,steptest,145.6250,,0.213,0,35.06,32.79
2044.37,steptest,145.6250,,0.213,0,35.06,32.58
2044.62,steptest,145.5625,,0.213,0,35.06,32.79
2044.87,steptest,145.5625,,0.213,0,35.06,32.37
2045.12,steptest,145.5625,,0.213,0,35.06,32.58
2045.37,steptest,145.5625,,0.213,0,35.06,32.37
2045.62,steptest,145.6250,,0.213,0,35.13,32.58
2045.87,steptest,145.6250,,0.213,1,35.13,32.80
2046.12,steptest,145.5625,,0.213,1,35.13,32.79
2046.37,steptest,145.6250,,0.213,1,35.19,32.58
2046.62,steptest,145.5000,,0.213,1,35.13,32.58
2046.87,steptest,145.5000,,0.213,0,35.19,32.79
2047.12,steptest,145.5625,,0.213,0,35.19,32.58
2047.37,steptest,145.4375,,0.213,0,35.13,32.37
2047.62,steptest,145.4375,,0.213,0,35.13,32.58
2047.87,steptest,145.5000,,0.213,0,35.19,32.79
2048.12,steptest,145.5000,,0.213,0,35.19,32.58
2048.37,steptest,145.5000,,0.213,0,35.19,32.80
2048.62,steptest,145.3750,,0.213,0,35.13,32.37
2048.87,steptest,145.5000,,0.213,0,35.25,32.58
2049.12,steptest,145.5000,,0.213,0,35.25,32.79
2049.37,steptest,145.3750,,0.213,0,35.19,32.36
2049.62,steptest,145.3750,,0.213,0,35.19,32.37
2049.87,steptest,145.3125,,0.213,1,35.19,32.80
2050.12,steptest,145.3125,,0.213,1,35.19,32.80
2050.37,steptest,145.0000,,0.213,1,35.19,32.80
2050.62,steptest,145.3750,,0.213,1,35.25,33.01
2050.87,steptest,145.2500,,0.213,0,35.19,32.58
2051.12,steptest,145.3125,,0.213,0,35.25,32.58
2051.37,steptest,145.3125,,0.213,0,35.25,32.80
2051.62,steptest,145.3125,,0.213,0,35.25,32.58
2051.87,steptest,145.3125,,0.213,0,35.25,32.37
2052.12,steptest,145.2500,,0.213,0,35.25,33.66
2052.37,steptest,145.2500,,0.213,0,35.25,32.58
2052.62,steptest,145.3125,,0.213,0,35.31,32.59
2052.87,steptest,145.2500,,0.213,0,35.31,31.93
2053.12,steptest,145.2500,,0.213,0,35.31,32.58
2053.37,steptest,145.2500,,0.213,0,35.31,32.16
2053.62,steptest,145.1875,,0.213,0,35.31,32.15
2053.87,steptest,145.1875,,0.213,1,35.31,32.58
2054.12,steptest,145.2500,,0.213,1,35.38,31.94
2054.37,steptest,145.2500,,0.213,1,35.38,33.01
2054.62,steptest,145.2500,,0.213,1,35.38,32.79
2054.87,steptest,145.1875,,0.213,0,35.38,31.95
2055.12,steptest,145.1875,,0.213,0,35.38,32.15
2055.37,steptest,145.0625,,0.213,0,35.31,32.58
2055.62,steptest,145.0625,,0.213,0,35.31,32.58
2055.87,steptest,145.1250,,0.213,0,35.38,32.79
2056.12,steptest,145.0625,,0.213,0,35.38,33.22
2056.37,steptest,145.0625,,0.213,0,35.38,32.58
2056.62,steptest,145.0625,,0.213,0,35.38,32.15
2056.87,steptest,145.0625,,0.213,0,35.38,33.22
2057.12,steptest,145.0000,,0.213,0,35.38,32.58
2057.37,steptest,145.0625,,0.213,0,35.44,33.01
2057.62,steptest,145.0625,,0.213,0,35.44,32.58
2057.87,steptest,145.0625,,0.213,1,35.44,32.58
2058.12,steptest,145.0000,,0.213,1,35.44,33.22
2058.37,steptest,144.7500,,0.213,1,35.38,32.80
2058.62,steptest,144.9375,,0.213,1,35.44,32.58
2058.87,steptest,144.9375,,0.213,0,35.44,33.22
2059.12,steptest,144.9375,,0.213,0,35.44,32.58
2059.37,steptest,144.8750,,0.213,0,35.44,32.79
2059.62,steptest,144.8750,,0.213,0,35.44,32.80
2059.87,steptest,144.8750,,0.213,0,35.44,32.37
2060.12,steptest,144.8750,,0.213,0,35.44,32.37
2060.37,steptest,144.9375,,0.213,0,35.50,32.15
2060.62,steptest,144.8750,,0.213,0,35.44,32.80
2060.87,steptest,144.9375,,0.213,0,35.50,32.79
2061.12,steptest,144.9375,,0.213,0,35.50,32.59
2061.37,steptest,144.8750,,0.213,0,35.44,32.58
2061.62,steptest,144.8750,,0.213,0,35.50,32.15
2061.87,steptest,144.8125,,0.213,1,35.50,32.15
2062.12,steptest,144.8125,,0.213,1,35.50,32.37
2062.37,steptest,144.7500,,0.213,1,35.50,32.80
2062.62,steptest,144.8125,,0.213,1,35.50,32.37
2062.87,steptest,144.8750,,0.213,0,35.56,33.01
2063.12,steptest,144.8750,,0.213,0,35.50,32.58
2063.37,steptest,144.7500,,0.213,0,35.50,32.79
2063.62,steptest,144.8125,,0.213,0,35.56,33.01
2063.87,steptest,144.7500,,0.213,0,35.50,32.36
2064.12,steptest,144.7500,,0.213,0,35.50,32.58
2064.37,steptest,144.7500,,0.213,0,35.50,32.37
2064.62,steptest,144.6875,,0.213,0,35.50,32.58
2064.87,steptest,144.7500,,0.213,0,35.56,32.15
2065.12,steptest,144.6875,,0.213,0,35.56,33.44
2065.37,steptest,144.6875,,0.213,0,35.56,33.01
2065.62,steptest,144.6875,,0.213,0,35.56,32.36
2065.87,steptest,144.7500,,0.213,1,35.63,32.58
2066.12,steptest,144.6875,,0.213,1,35.56,32.58
2066.37,steptest,144.6875,,0.213,1,35.56,32.58
2066.62,steptest,144.6250,,0.213,1,35.56,32.37
2066.87,steptest,144.6875,,0.213,0,35.63,32.80
2067.12,steptest,144.6875,,0.213,0,35.63,32.79
2067.37,steptest,144.6250,,0.213,0,35.63,32.58
2067.62,steptest,144.6250,,0.213,0,35.63,32.36
2067.87,steptest,144.6250,,0.213,0,35.63,33.01
2068.12,steptest,144.6250,,0.213,0,35.63,32.36
2068.37,steptest,144.6250,,0.213,0,35.63,32.15
2068.62,steptest,144.6250,,0.213,0,35.63,32.79
2068.87,steptest,144.6875,,0.213,0,35.69,32.58
2069.12,steptest,144.5625,,0.213,0,35.63,32.15
2069.37,steptest,144.5625,,0.213,0,35.69,32.58
2069.62,steptest,144.5625,,0.213,0,35.63,33.01
2069.87,steptest,144.5000,,0.213,1,35.63,32.58
2070.12,steptest,144.4375,,0.213,1,35.63,32.58
2070.37,steptest,144.5000,,0.213,1,35.69,32.79
2070.62,steptest,144.5000,,0.213,1,35.69,33.44
2070.87,steptest,144.5000,,0.213,0,35.69,32.58
2071.12,steptest,144.5000,,0.213,0,35.69,33.01
2071.37,steptest,144.5000,,0.213,0,35.69,32.58
2071.62,steptest,144.5000,,0.213,0,35.75,32.79
2071.87,steptest,144.5000,,0.213,0,35.75,32.58
2072.12,steptest,144.5000,,0.213,0,35.75,32.58
2072.37,steptest,144.5000,,0.213,0,35.75,32.37
2072.62,steptest,144.5000,,0.213,0,35.75,32.79
2072.87,steptest,144.5000,,0.213,0,35.75,33.01
2073.12,steptest,144.5000,,0.213,0,35.75,33.23
2073.37,steptest,144.4375,,0.213,0,35.75,32.79
2073.62,steptest,144.4375,,0.213,0,35.81,32.80
2073.87,steptest,144.4375,,0.213,1,35.81,32.58
2074.12,steptest,144.4375,,0.213,1,35.81,32.80
2074.37,steptest,144.3750,,0.213,1,35.75,32.80
2074.62,steptest,144.4375,,0.213,1,35.81,32.37
2074.87,steptest,144.3750,,0.213,0,35.81,32.37
2075.12,steptest,144.3750,,0.213,0,35.81,32.37
2075.37,steptest,144.3750,,0.213,0,35.81,33.01
2075.62,steptest,144.3750,,0.213,0,35.81,33.01
2075.87,steptest,144.3750,,0.213,0,35.81,32.80
2076.12,steptest,144.3750,,0.213,0,35.81,32.36
2076.37,steptest,144.3750,,0.213,0,35.81,32.15
2076.62,steptest,144.3750,,0.213,0,35.81,32.58
2076.87,steptest,144.4375,,0.213,0,35.88,32.79
2077.12,steptest,144.3125,,0.213,0,35.81,32.15
2077.37,steptest,144.3125,,0.213,0,35.81,33.01
2077.62,steptest,144.3750,,0.213,0,35.88,32.58
2077.87,steptest,144.3125,,0.213,1,35.88,32.79
2078.12,steptest,144.3750,,0.213,1,35.88,32.58
2078.37,steptest,144.3750,,0.213,1,35.88,32.37
2078.62,steptest,144.3125,,0.213,1,35.88,32.36
2078.87,steptest,144.3125,,0.213,0,35.88,33.01
2079.12,steptest,144.3125,,0.213,0,35.94,32.36
2079.37,steptest,144.3125,,0.213,0,35.94,32.79
2079.62,steptest,144.3125,,0.213,0,35.94,32.15
2079.87,steptest,144.3125,,0.213,0,35.94,32.80
2080.12,steptest,144.3125,,0.213,0,35.94,32.58
2080.37,steptest,144.3125,,0.213,0,35.94,32.37
2080.62,steptest,144.3125,,0.213,0,35.94,32.79
2080.87,steptest,144.3125,,0.213,0,35.94,33.01
2081.12,steptest,144.3125,,0.213,0,35.94,32.58
2081.37,steptest,144.3125,,0.213,0,35.94,32.58
2081.62,steptest,144.3125,,0.213,0,35.94,32.58
2081.87,steptest,144.3125,,0.213,1,36.00,32.58
2082.12,steptest,144.5625,,0.213,1,36.00,32.59
2082.37,steptest,144.2500,,0.213,1,36.00,32.79
2082.62,steptest,144.2500,,0.213,1,36.00,33.01
2082.87,steptest,144.2500,,0.213,0,36.00,32.58
2083.12,steptest,144.2500,,0.213,0,36.00,32.58
2083.37,steptest,144.1875,,0.213,0,36.00,33.01
2083.62,steptest,144.2500,,0.213,0,36.06,33.44
2083.87,steptest,144.2500,,0.213,0,36.06,32.37
2084.12,steptest,144.3125,,0.213,0,36.06,32.79
2084.37,steptest,144.2500,,0.213,0,36.06,32.58
2084.62,steptest,144.2500,,0.213,0,36.06,32.37
2084.87,steptest,144.2500,,0.213,0,36.06,32.37
2085.12,steptest,144.2500,,0.213,0,36.06,32.79
2085.37,steptest,144.2500,,0.213,0,36.13,33.01
2085.62,steptest,144.1875,,0.213,0,36.06,32.15
2085.87,steptest,144.1875,,0.213,1,36.13,32.15
2086.12,steptest,144.2500,,0.213,1,36.13,33.01
2086.37,steptest,144.2500,,0.213,1,36.13,32.58
2086.62,steptest,144.2500,,0.213,1,36.13,32.79
2086.87,steptest,144.2500,,0.213,0,36.13,32.37
2087.12,steptest,144.2500,,0.213,0,36.13,32.79
2087.37,steptest,144.3125,,0.213,0,36.19,32.17
2087.62,steptest,144.1875,,0.213,0,36.13,33.01
2087.87,steptest,144.2500,,0.213,0,36.19,33.01
2088.12,steptest,144.2500,,0.213,0,36.19,32.15
2088.37,steptest,144.2500,,0.213,0,36.19,32.80
2088.62,steptest,144.2500,,0.213,0,36.19,32.79
2088.87,steptest,144.1875,,0.213,0,36.19,32.80
2089.12,steptest,144.1875,,0.213,0,36.25,32.37
2089.37,steptest,144.2500,,0.213,0,36.25,32.80
2089.62,steptest,144.1875,,0.213,0,36.19,32.37
2089.87,steptest,144.1250,,0.213,1,36.19,32.58
2090.12,steptest,144.1875,,0.213,1,36.25,33.01
2090.37,steptest,144.1875,,0.213,1,36.25,31.94
2090.62,steptest,144.1875,,0.213,1,36.25,32.58
2090.87,steptest,144.1875,,0.213,0,36.25,32.58
2091.12,steptest,144.1250,,0.213,0,36.19,33.22
2091.37,steptest,144.1250,,0.213,0,36.19,32.79
2091.62,steptest,144.1875,,0.213,0,36.25,32.80
2091.87,steptest,144.1875,,0.213,0,36.25,33.22
2092.12,steptest,144.2500,,0.213,0,36.31,32.36
2092.37,steptest,144.2500,,0.213,0,36.25,32.36
2092.62,steptest,144.1875,,0.213,0,36.25,32.79
2092.87,steptest,144.1875,,0.213,0,36.31,32.79
2093.12,steptest,144.1875,,0.213,0,36.31,33.01
2093.37,steptest,144.1875,,0.213,0,36.31,33.22
2093.62,steptest,144.1875,,0.213,0,36.31,32.80
2093.87,steptest,144.1875,,0.213,1,36.31,32.79
2094.12,steptest,144.1250,,0.213,1,36.31,32.58
2094.37,steptest,144.2500,,0.213,1,36.38,33.23
2094.62,steptest,144.2500,,0.213,1,36.38,32.58
2094.87,steptest,144.1875,,0.213,0,36.38,33.01
2095.12,steptest,144.1250,,0.213,0,36.31,32.59
2095.37,steptest,144.1250,,0.213,0,36.31,33.01
2095.62,steptest,144.1250,,0.213,0,36.38,32.79
2095.87,steptest,144.1250,,0.213,0,36.38,32.58
2096.12,steptest,144.1250,,0.213,0,36.31,33.01
2096.37,steptest,144.1250,,0.213,0,36.38,33.01
2096.62,steptest,144.1250,,0.213,0,36.38,32.58
2096.87,steptest,144.1250,,0.213,0,36.38,32.58
2097.12,steptest,144.1250,,0.213,0,36.38,32.37
2097.37,steptest,144.1250,,0.213,0,36.38,32.79
2097.62,steptest,144.1875,,0.213,0,36.44,32.80
2097.87,steptest,144.1875,,0.213,1,36.44,32.79
2098.12,steptest,144.1250,,0.213,1,36.38,32.79
2098.37,steptest,144.1250,,0.213,1,36.44,32.80
2098.62,steptest,144.1875,,0.213,1,36.44,32.37
2098.87,steptest,144.1875,,0.213,0,36.44,31.94
2099.12,steptest,144.1875,,0.213,0,36.44,32.37
2099.37,steptest,144.1250,,0.213,0,36.44,32.79
2099.62,steptest,144.1250,,0.213,0,36.44,32.58
2099.87,steptest,144.1250,,0.213,0,36.44,32.58
2100.12,steptest,144.1250,,0.213,0,36.44,33.01
2100.37,steptest,144.1250,,0.213,0,36.44,32.58
2100.62,steptest,144.1875,,0.213,0,36.50,32.79
2100.87,steptest,144.1875,,0.213,0,36.50,31.94
2101.12,steptest,144.1875,,0.213,0,36.50,32.37
2101.37,steptest,144.1250,,0.213,0,36.50,32.79
2101.62,steptest,144.1250,,0.213,0,36.50,32.37
2101.87,steptest,144.0625,,0.213,1,36.44,32.80
2102.12,steptest,144.0625,,0.213,1,36.50,32.15
2102.37,steptest,144.0625,,0.213,1,36.50,32.37
2102.62,steptest,144.0625,,0.213,1,36.50,33.01
2102.87,steptest,144.1250,,0.213,0,36.56,32.15
2103.12,steptest,144.0625,,0.213,0,36.50,32.15
2103.37,steptest,144.0625,,0.213,0,36.50,32.79
2103.62,steptest,144.1250,,0.213,0,36.56,32.80
2103.87,steptest,144.1250,,0.213,0,36.56,32.15
2104.12,steptest,144.1250,,0.213,0,36.56,32.79
2104.37,steptest,144.1250,,0.213,0,36.56,32.80
2104.62,steptest,144.1250,,0.213,0,36.56,33.01
2104.87,steptest,144.1250,,0.213,0,36.56,32.16
2105.12,steptest,144.1250,,0.213,0,36.56,31.95
2105.37,steptest,144.1250,,0.213,0,36.56,32.58
2105.62,steptest,144.0625,,0.213,0,36.56,32.79
2105.87,steptest,144.1250,,0.213,1,36.63,32.58
2106.12,steptest,144.1250,,0.213,1,36.63,33.22
2106.37,steptest,144.1250,,0.213,1,36.63,32.79
2106.62,steptest,144.1250,,0.213,1,36.63,32.58
2106.87,steptest,144.1875,,0.213,0,36.69,32.36
2107.12,steptest,144.1250,,0.213,0,36.63,32.58
2107.37,steptest,144.1250,,0.213,0,36.63,32.80
2107.62,steptest,144.1250,,0.213,0,36.63,32.58
2107.87,steptest,144.1250,,0.213,0,36.63,31.94
2108.12,steptest,144.1250,,0.213,0,36.63,32.79
2108.37,steptest,144.1875,,0.213,0,36.69,33.22
2108.62,steptest,144.1875,,0.213,0,36.69,32.58
2108.87,steptest,144.1875,,0.213,0,36.69,32.37
2109.12,steptest,144.1250,,0.213,0,36.69,32.79
2109.37,steptest,144.1250,,0.213,0,36.69,32.58
2109.62,steptest,144.1875,,0.213,0,36.75,33.01
2109.87,steptest,144.1875,,0.213,1,36.75,32.58
2110.12,steptest,144.1250,,0.213,1,36.69,32.36
2110.37,steptest,144.1250,,0.213,1,36.75,32.79
2110.62,steptest,144.1875,,0.213,1,36.75,32.79
2110.87,steptest,144.1875,,0.213,0,36.75,32.58
2111.12,steptest,144.1250,,0.213,0,36.75,32.79
2111.37,steptest,144.1250,,0.213,0,36.75,32.37
2111.62,steptest,144.1250,,0.213,0,36.75,32.79
2111.87,steptest,144.1250,,0.213,0,36.75,32.79
2112.12,steptest,144.1250,,0.213,0,36.75,33.01
2112.37,steptest,144.1875,,0.213,0,36.81,32.58
2112.62,steptest,144.1875,,0.213,0,36.81,32.79
2112.87,steptest,144.1875,,0.213,0,36.81,32.80
2113.12,steptest,144.1875,,0.213,0,36.81,32.37
2113.37,steptest,144.1250,,0.213,0,36.81,32.58
2113.62,steptest,144.1250,,0.213,0,36.81,33.22
2113.87,steptest,144.1250,,0.213,1,36.81,33.01
2114.12,steptest,144.1250,,0.213,1,36.81,33.01
2114.37,steptest,144.3125,,0.213,1,36.81,32.37
2114.62,steptest,144.1875,,0.213,1,36.88,32.80
2114.87,steptest,144.1250,,0.213,0,36.81,32.15
2115.12,steptest,144.1250,,0.213,0,36.88,32.37
2115.37,steptest,144.1875,,0.213,0,36.88,32.58
2115.62,steptest,144.1250,,0.213,0,36.81,32.58
2115.87,steptest,144.1875,,0.213,0,36.88,32.37
2116.12,steptest,144.1875,,0.213,0,36.88,32.58
2116.37,steptest,144.1875,,0.213,0,36.88,33.01
2116.62,steptest,144.1875,,0.213,0,36.88,33.01
2116.87,steptest,144.1875,,0.213,0,36.88,32.80
2117.12,steptest,144.1250,,0.213,0,36.81,32.59
2117.37,steptest,144.1250,,0.213,0,36.81,32.58
2117.62,steptest,144.2500,,0.213,0,36.94,32.58
2117.87,steptest,144.2500,,0.213,1,36.94,32.36
2118.12,steptest,144.1875,,0.213,1,36.94,32.58
2118.37,steptest,144.1875,,0.213,1,36.94,32.58
2118.62,steptest,144.2500,,0.213,1,36.94,32.80
2118.87,steptest,144.2500,,0.213,0,36.94,33.00
2119.12,steptest,144.2500,,0.213,0,36.94,32.37
2119.37,steptest,144.1875,,0.213,0,36.94,32.79
2119.62,steptest,144.1875,,0.213,0,36.94,32.37
2119.87,steptest,144.3125,,0.213,0,37.00,32.15
2120.12,steptest,144.2500,,0.213,0,37.00,32.36
2120.37,steptest,144.2500,,0.213,0,37.00,32.80
2120.62,steptest,144.2500,,0.213,0,37.00,33.01
2120.87,steptest,144.2500,,0.213,0,37.00,32.58
2121.12,steptest,144.2500,,0.213,0,37.00,32.37
2121.37,steptest,144.1875,,0.213,0,37.00,33.01
2121.62,steptest,144.1875,,0.213,0,37.06,32.58
2121.87,steptest,144.2500,,0.213,1,37.06,33.22
2122.12,steptest,144.1875,,0.213,1,37.00,32.37
2122.37,steptest,144.3125,,0.213,1,37.06,32.58
2122.62,steptest,144.2500,,0.213,1,37.06,32.37
2122.87,steptest,144.2500,,0.213,0,37.06,32.58
2123.12,steptest,144.2500,,0.213,0,37.06,32.58
2123.37,steptest,144.2500,,0.213,0,37.06,32.79
2123.62,steptest,144.2500,,0.213,0,37.06,32.58
2123.87,steptest,144.2500,,0.213,0,37.06,32.58
2124.12,steptest,144.3125,,0.213,0,37.13,32.79
2124.37,steptest,144.2500,,0.213,0,37.06,32.16
2124.62,steptest,144.3125,,0.213,0,37.13,33.00
2124.87,steptest,144.3125,,0.213,0,37.13,32.37
2125.12,steptest,144.3125,,0.213,0,37.13,32.79
2125.37,steptest,144.3125,,0.213,0,37.13,32.79
2125.62,steptest,144.3125,,0.213,0,37.19,32.79
2125.87,steptest,144.3125,,0.213,1,37.19,32.58
2126.12,steptest,144.3125,,0.213,1,37.19,32.58
2126.37,steptest,144.5000,,0.213,1,37.13,33.01
2126.62,steptest,144.2500,,0.213,1,37.13,32.79
2126.87,steptest,144.2500,,0.213,0,37.13,32.59
2127.12,steptest,144.2500,,0.213,0,37.13,32.79
2127.37,steptest,144.3125,,0.213,0,37.19,32.59
2127.62,steptest,144.2500,,0.213,0,37.13,33.22
2127.87,steptest,144.3125,,0.213,0,37.19,32.58
2128.12,steptest,144.3125,,0.213,0,37.19,32.58
2128.37,steptest,144.3125,,0.213,0,37.19,32.79
2128.62,steptest,144.3750,,0.213,0,37.25,32.79
2128.87,steptest,144.3750,,0.213,0,37.25,32.37
2129.12,steptest,144.3125,,0.213,0,37.19,32.79
2129.37,steptest,144.3125,,0.213,0,37.19,32.37
2129.62,steptest,144.3750,,0.213,0,37.25,31.94
2129.87,steptest,144.3750,,0.213,1,37.25,33.22
2130.12,steptest,144.3750,,0.213,1,37.25,32.79
2130.37,steptest,144.3750,,0.213,1,37.25,33.01
2130.62,steptest,144.3750,,0.213,1,37.25,32.79
2130.87,steptest,144.3750,,0.213,0,37.25,32.58
2131.12,steptest,144.3750,,0.213,0,37.25,32.79
2131.37,steptest,144.3750,,0.213,0,37.25,32.37
2131.62,steptest,144.3750,,0.213,0,37.25,32.15
2131.87,steptest,144.3750,,0.213,0,37.25,32.58
2132.12,steptest,144.3750,,0.213,0,37.25,32.79
2132.37,steptest,144.3750,,0.213,0,37.25,32.58
2132.62,steptest,144.3750,,0.213,0,37.25,32.79
2132.87,steptest,144.3750,,0.213,0,37.25,32.58
2133.12,steptest,144.3750,,0.213,0,37.31,33.01
2133.37,steptest,144.4375,,0.213,0,37.31,32.15
2133.62,steptest,144.4375,,0.213,0,37.31,33.01
2133.87,steptest,144.4375,,0.213,1,37.31,31.94
2134.12,steptest,144.3750,,0.213,1,37.31,33.01
2134.37,steptest,144.4375,,0.213,1,37.31,32.37
2134.62,steptest,144.4375,,0.213,1,37.38,32.37
2134.87,steptest,144.4375,,0.213,0,37.38,32.37
2135.12,steptest,144.4375,,0.213,0,37.38,32.36
2135.37,steptest,144.4375,,0.213,0,37.38,32.36
2135.62,steptest,144.4375,,0.213,0,37.38,32.58
2135.87,steptest,144.4375,,0.213,0,37.38,32.79
2136.12,steptest,144.4375,,0.213,0,37.38,32.58
2136.37,steptest,144.5000,,0.213,0,37.44,33.01
2136.62,steptest,144.5000,,0.213,0,37.44,32.37
2136.87,steptest,144.5000,,0.213,0,37.44,32.36
2137.12,steptest,144.4375,,0.213,0,37.38,32.58
2137.37,steptest,144.5000,,0.213,0,37.44,32.80
2137.62,steptest,144.5000,,0.213,0,37.44,33.01
2137.87,steptest,144.5000,,0.213,1,37.44,33.01
2138.12,steptest,144.5000,,0.213,1,37.44,32.58
2138.37,steptest,144.5000,,0.213,1,37.44,32.59
2138.62,steptest,144.5000,,0.213,1,37.44,32.79
2138.87,steptest,144.5625,,0.213,0,37.50,32.58
2139.12,steptest,144.5625,,0.213,0,37.50,32.58
2139.37,steptest,144.5000,,0.213,0,37.44,32.81
2139.62,steptest,144.5000,,0.213,0,37.44,32.58
2139.87,steptest,144.5625,,0.213,0,37.50,33.01
2140.12,steptest,144.5625,,0.213,0,37.50,32.36
2140.37,steptest,144.5625,,0.213,0,37.50,32.58
2140.62,steptest,144.5625,,0.213,0,37.50,33.22
2140.87,steptest,144.5625,,0.213,0,37.50,32.58
2141.12,steptest,144.5625,,0.213,0,37.50,32.36
2141.37,steptest,144.5625,,0.213,0,37.50,32.58
2141.62,steptest,144.5625,,0.213,0,37.50,32.79
2141.87,steptest,144.6250,,0.213,1,37.56,32.37
2142.12,steptest,144.5625,,0.213,1,37.56,33.01
2142.37,steptest,144.5625,,0.213,1,37.56,32.58
2142.62,steptest,144.5625,,0.213,1,37.56,32.79
2142.87,steptest,144.6875,,0.213,0,37.63,32.79
2143.12,steptest,144.6250,,0.213,0,37.63,32.15
2143.37,steptest,144.6250,,0.213,0,37.63,32.79
2143.62,steptest,144.5625,,0.213,0,37.56,32.36
2143.87,steptest,144.6250,,0.213,0,37.63,32.79
2144.12,steptest,144.6250,,0.213,0,37.63,32.36
2144.37,steptest,144.6250,,0.213,0,37.63,32.58
2144.62,steptest,144.6250,,0.213,0,37.63,32.79
2144.87,steptest,144.6250,,0.213,0,37.63,32.80
2145.12,steptest,144.6250,,0.213,0,37.63,32.79
2145.37,steptest,144.7500,,0.213,0,37.69,32.80
2145.62,steptest,144.7500,,0.213,0,37.69,32.58
2145.87,steptest,144.6250,,0.213,1,37.63,33.01
2146.12,steptest,144.6875,,0.213,1,37.69,32.79
2146.37,steptest,144.4375,,0.213,1,37.69,32.80
2146.62,steptest,144.4375,,0.213,1,37.69,32.79
2146.87,steptest,144.6875,,0.213,0,37.69,32.58
2147.12,steptest,144.6875,,0.213,0,37.69,32.58
2147.37,steptest,144.6875,,0.213,0,37.69,32.37
2147.62,steptest,144.6875,,0.213,0,37.75,33.43
2147.87,steptest,144.7500,,0.213,0,37.75,32.37
2148.12,steptest,144.6875,,0.213,0,37.69,33.01
2148.37,steptest,144.8125,,0.213,0,37.75,33.44
2148.62,steptest,144.7500,,0.213,0,37.75,32.79
2148.87,steptest,144.7500,,0.213,0,37.75,32.15
2149.12,steptest,144.7500,,0.213,0,37.75,32.80
2149.37,steptest,144.7500,,0.213,0,37.75,33.02
2149.62,steptest,144.7500,,0.213,0,37.75,32.37
2149.87,steptest,144.7500,,0.213,1,37.75,32.37
2150.12,steptest,144.8125,,0.213,1,37.81,32.58
2150.37,steptest,144.7500,,0.213,1,37.75,32.37
2150.62,steptest,144.7500,,0.213,1,37.75,32.58
2150.87,steptest,144.7500,,0.213,0,37.81,32.79
2151.12,steptest,144.8125,,0.213,0,37.81,32.58
2151.37,steptest,144.8125,,0.213,0,37.81,32.15
2151.62,steptest,144.8125,,0.213,0,37.81,33.23
2151.87,steptest,144.8750,,0.213,0,37.88,33.22
2152.12,steptest,144.8750,,0.213,0,37.88,32.37
2152.37,steptest,144.8125,,0.213,0,37.81,32.15
2152.62,steptest,144.8125,,0.213,0,37.81,32.80
2152.87,steptest,144.8750,,0.213,0,37.88,32.37
2153.12,steptest,144.8750,,0.213,0,37.88,32.36
2153.37,steptest,144.8750,,0.213,0,37.88,32.37
2153.62,steptest,144.8750,,0.213,0,37.88,32.58
2153.87,steptest,144.8750,,0.213,1,37.88,32.79
2154.12,steptest,144.8750,,0.213,1,37.94,33.22
2154.37,steptest,144.5625,,0.213,1,37.94,32.58
2154.62,steptest,144.8750,,0.213,1,37.88,32.58
2154.87,steptest,144.9375,,0.213,0,37.94,32.79
2155.12,steptest,144.9375,,0.213,0,37.94,32.79
2155.37,steptest,144.9375,,0.213,0,37.94,32.36
2155.62,steptest,144.8750,,0.213,0,37.88,32.15
2155.87,steptest,144.8750,,0.213,0,37.88,32.36
2156.12,steptest,144.9375,,0.213,0,37.94,32.80
2156.37,steptest,144.9375,,0.213,0,37.94,33.22
2156.62,steptest,144.9375,,0.213,0,37.94,32.36
2156.87,steptest,144.9375,,0.213,0,37.94,32.58
2157.12,steptest,145.0000,,0.213,0,38.00,32.79
2157.37,steptest,145.0000,,0.213,0,38.00,32.58
2157.62,steptest,145.0000,,0.213,0,38.00,32.58
2157.87,steptest,144.8750,,0.213,1,37.94,32.36
2158.12,steptest,145.0000,,0.213,1,38.00,32.58
2158.37,steptest,144.9375,,0.213,1,37.94,33.01
2158.62,steptest,144.9375,,0.213,1,37.94,32.58
2158.87,steptest,145.0000,,0.213,0,38.00,32.58
2159.12,steptest,145.0625,,0.213,0,38.06,33.01
2159.37,steptest,145.0000,,0.213,0,38.00,32.79
2159.62,steptest,145.0000,,0.213,0,38.00,33.22
2159.87,steptest,145.0000,,0.213,0,38.00,32.79
2160.12,steptest,145.0000,,0.213,0,38.00,32.58
2160.37,steptest,145.0625,,0.213,0,38.06,32.37
2160.62,steptest,145.0625,,0.213,0,38.00,32.58
2160.87,steptest,145.0000,,0.213,0,38.00,32.79
2161.12,steptest,145.0000,,0.213,0,38.00,32.79
2161.37,steptest,145.0000,,0.213,0,38.00,32.79
2161.62,steptest,145.0000,,0.213,0,38.00,32.37
2161.87,steptest,145.0000,,0.213,1,38.00,32.15
2162.12,steptest,145.0625,,0.213,1,38.06,32.80
2162.37,steptest,145.0000,,0.213,1,38.13,32.80
2162.62,steptest,145.1250,,0.213,1,38.13,32.80
2162.87,steptest,145.1250,,0.213,0,38.13,32.58
2163.12,steptest,145.0625,,0.213,0,38.06,32.58
2163.37,steptest,145.1250,,0.213,0,38.13,33.01
2163.62,steptest,145.1250,,0.213,0,38.13,33.01
2163.87,steptest,145.1250,,0.213,0,38.13,32.80
2164.12,steptest,145.1250,,0.213,0,38.13,32.37
2164.37,steptest,145.1250,,0.213,0,38.13,32.79
2164.62,steptest,145.1875,,0.213,0,38.13,32.17
2164.87,steptest,145.1875,,0.213,0,38.13,32.58
2165.12,steptest,145.1875,,0.213,0,38.13,32.79
2165.37,steptest,145.1250,,0.213,0,38.13,32.58
2165.62,steptest,145.1250,,0.213,0,38.13,32.80
2165.87,steptest,145.1875,,0.213,1,38.19,32.79
2166.12,steptest,145.1875,,0.213,1,38.19,32.37
2166.37,steptest,145.3125,,0.213,1,38.13,32.79
2166.62,steptest,145.2500,,0.213,1,38.19,33.01
2166.87,steptest,145.2500,,0.213,0,38.19,32.79
2167.12,steptest,145.2500,,0.213,0,38.19,33.01
2167.37,steptest,145.2500,,0.213,0,38.19,32.37
2167.62,steptest,145.3125,,0.213,0,38.25,32.79
2167.87,steptest,145.2500,,0.213,0,38.19,32.58
2168.12,steptest,145.2500,,0.213,0,38.19,32.80
2168.37,steptest,145.2500,,0.213,0,38.19,32.58
2168.62,steptest,145.3125,,0.213,0,38.25,33.22
2168.87,steptest,145.3125,,0.213,0,38.25,32.15
2169.12,steptest,145.3125,,0.213,0,38.25,32.58
2169.37,steptest,145.3125,,0.213,0,38.25,33.01
# step 150C up 1: duty 0.363, ceiling 170 C, 60 s
2169.62,steptest,145.3750,,0.363,0,38.31,32.80
2169.87,steptest,145.3125,,0.363,1,38.25,33.01
2170.12,steptest,145.3750,,0.363,1,38.31,32.37
2170.37,steptest,145.3750,,0.363,1,38.31,32.37
2170.62,steptest,145.3750,,0.363,1,38.31,32.58
2170.87,steptest,145.3125,,0.363,1,38.25,32.79
2171.12,steptest,145.3750,,0.363,1,38.31,33.01
2171.37,steptest,145.3750,,0.363,0,38.31,33.01
2171.62,steptest,145.4375,,0.363,0,38.31,33.01
2171.87,steptest,145.4375,,0.363,0,38.31,32.80
2172.12,steptest,145.4375,,0.363,0,38.31,33.44
2172.37,steptest,145.4375,,0.363,0,38.31,32.79
2172.62,steptest,145.4375,,0.363,0,38.31,33.01
2172.87,steptest,145.4375,,0.363,0,38.31,32.58
2173.12,steptest,145.5000,,0.363,0,38.38,32.37
2173.37,steptest,145.5625,,0.363,0,38.38,32.37
2173.62,steptest,145.5625,,0.363,0,38.38,33.22
2173.87,steptest,145.5625,,0.363,1,38.38,32.58
2174.12,steptest,145.5000,,0.363,1,38.38,32.80
2174.37,steptest,145.6250,,0.363,1,38.44,32.58
2174.62,steptest,145.6250,,0.363,1,38.38,33.01
2174.87,steptest,145.6250,,0.363,1,38.38,32.59
2175.12,steptest,145.6875,,0.363,1,38.44,32.79
2175.37,steptest,145.7500,,0.363,0,38.44,32.58
2175.62,steptest,145.8125,,0.363,0,38.50,33.01
2175.87,steptest,145.8125,,0.363,0,38.50,32.58
2176.12,steptest,145.8125,,0.363,0,38.44,32.79
2176.37,steptest,145.8750,,0.363,0,38.50,32.36
2176.62,steptest,145.8750,,0.363,0,38.50,33.22
2176.87,steptest,145.8750,,0.363,0,38.50,32.36
2177.12,steptest,145.8750,,0.363,0,38.44,32.58
2177.37,steptest,145.8750,,0.363,0,38.44,32.58
2177.62,steptest,145.9375,,0.363,0,38.50,32.36
2177.87,steptest,145.9375,,0.363,1,38.56,32.37
2178.12,steptest,146.0000,,0.363,1,38.56,32.58
2178.37,steptest,146.0625,,0.363,1,38.50,32.58
2178.62,steptest,146.0625,,0.363,1,38.50,32.79
2178.87,steptest,146.1250,,0.363,1,38.56,32.80
2179.12,steptest,146.1250,,0.363,1,38.56,33.01
2179.37,steptest,146.1250,,0.363,0,38.56,33.01
2179.62,steptest,146.1875,,0.363,0,38.56,33.01
2179.87,steptest,146.2500,,0.363,0,38.56,32.80
2180.12,steptest,146.2500,,0.363,0,38.56,32.79
2180.37,steptest,146.3125,,0.363,0,38.63,32.58
2180.62,steptest,146.3750,,0.363,0,38.63,32.79
2180.87,steptest,146.4375,,0.363,0,38.63,32.37
2181.12,steptest,146.4375,,0.363,0,38.63,32.80
2181.37,steptest,146.3750,,0.363,0,38.56,32.37
2181.62,steptest,146.4375,,0.363,0,38.63,32.79
2181.87,steptest,146.5000,,0.363,1,38.63,32.79
2182.12,steptest,146.5000,,0.363,1,38.69,33.22
2182.37,steptest,146.5625,,0.363,1,38.69,32.58
2182.62,steptest,146.5625,,0.363,1,38.63,32.80
2182.87,steptest,146.5625,,0.363,1,38.63,32.36
2183.12,steptest,146.6875,,0.363,1,38.69,32.80
2183.37,steptest,146.6875,,0.363,0,38.69,32.37
2183.62,steptest,146.6875,,0.363,0,38.69,32.79
2183.87,steptest,146.6875,,0.363,0,38.63,32.58
2184.12,steptest,146.8125,,0.363,0,38.69,32.59
2184.37,steptest,146.8125,,0.363,0,38.69,32.79
2184.62,steptest,146.8750,,0.363,0,38.69,32.80
2184.87,steptest,146.9375,,0.363,0,38.69,32.79
2185.12,steptest,146.9375,,0.363,0,38.69,33.01
2185.37,steptest,146.9375,,0.363,0,38.69,32.79
2185.62,steptest,146.9375,,0.363,0,38.69,32.58
2185.87,steptest,147.0000,,0.363,1,38.69,32.58
2186.12,steptest,147.1250,,0.363,1,38.69,33.01
2186.37,steptest,147.1250,,0.363,1,38.75,32.37
2186.62,steptest,147.1250,,0.363,1,38.75,33.44
2186.87,steptest,147.1250,,0.363,1,38.69,32.58
2187.12,steptest,147.2500,,0.363,1,38.75,32.58
2187.37,steptest,147.3125,,0.363,0,38.75,33.01
2187.62,steptest,147.3125,,0.363,0,38.75,33.01
2187.87,steptest,147.3750,,0.363,0,38.75,31.72
2188.12,steptest,147.4375,,0.363,0,38.75,32.79
2188.37,steptest,147.4375,,0.363,0,38.75,32.79
2188.62,steptest,147.4375,,0.363,0,38.81,33.01
2188.87,steptest,147.5625,,0.363,0,38.81,33.22
2189.12,steptest,147.5625,,0.363,0,38.81,32.58
2189.37,steptest,147.6875,,0.363,0,38.81,32.58
2189.62,steptest,147.6875,,0.363,0,38.81,32.36
2189.87,steptest,147.6875,,0.363,1,38.81,33.22
2190.12,steptest,147.9375,,0.363,1,38.81,32.79
2190.37,steptest,147.7500,,0.363,1,38.81,33.01
2190.62,steptest,147.8750,,0.363,1,38.88,32.37
2190.87,steptest,147.8750,,0.363,1,38.88,32.59
2191.12,steptest,147.9375,,0.363,1,38.88,32.58
2191.37,steptest,148.0000,,0.363,0,38.88,32.58
2191.62,steptest,148.0000,,0.363,0,38.81,32.58
2191.87,steptest,148.0000,,0.363,0,38.81,33.01
2192.12,steptest,148.0625,,0.363,0,38.88,33.01
2192.37,steptest,148.1250,,0.363,0,38.88,32.58
2192.62,steptest,148.1875,,0.363,0,38.88,32.58
2192.87,steptest,148.1875,,0.363,0,38.88,33.01
2193.12,steptest,148.2500,,0.363,0,38.88,32.79
2193.37,steptest,148.3125,,0.363,0,38.88,32.80
2193.62,steptest,148.4375,,0.363,0,38.94,32.58
2193.87,steptest,148.3750,,0.363,1,38.88,32.80
2194.12,steptest,148.3750,,0.363,1,38.88,32.58
2194.37,steptest,148.5000,,0.363,1,38.94,32.37
2194.62,steptest,148.5625,,0.363,1,38.94,32.37
2194.87,steptest,148.6250,,0.363,1,38.94,32.58
2195.12,steptest,148.6250,,0.363,1,38.94,32.58
2195.37,steptest,148.6875,,0.363,0,38.94,32.58
2195.62,steptest,148.6875,,0.363,0,38.94,32.79
2195.87,steptest,148.8125,,0.363,0,38.94,32.58
2196.12,steptest,148.8125,,0.363,0,38.94,32.79
2196.37,steptest,148.8750,,0.363,0,38.94,32.58
2196.62,steptest,149.0000,,0.363,0,39.00,32.37
2196.87,steptest,149.0000,,0.363,0,39.00,32.58
2197.12,steptest,149.0625,,0.363,0,39.00,32.80
2197.37,steptest,149.0625,,0.363,0,39.00,33.01
2197.62,steptest,149.1250,,0.363,0,39.00,32.37
2197.87,steptest,149.2500,,0.363,1,39.06,33.23
2198.12,steptest,149.1875,,0.363,1,39.00,33.23
2198.37,steptest,149.1875,,0.363,1,39.00,32.37
2198.62,steptest,149.3125,,0.363,1,39.06,32.58
2198.87,steptest,149.3750,,0.363,1,39.06,32.58
2199.12,steptest,149.4375,,0.363,1,39.06,32.58
2199.37,steptest,149.4375,,0.363,0,39.06,32.15
2199.62,steptest,149.5000,,0.363,0,39.06,32.36
2199.87,steptest,149.5625,,0.363,0,39.06,32.58
2200.12,steptest,149.7500,,0.363,0,39.13,32.80
2200.37,steptest,149.7500,,0.363,0,39.13,33.01
2200.62,steptest,149.7500,,0.363,0,39.13,32.58
2200.87,steptest,149.8125,,0.363,0,39.13,32.58
2201.12,steptest,149.8750,,0.363,0,39.13,32.58
2201.37,steptest,149.9375,,0.363,0,39.13,33.65
2201.62,steptest,149.9375,,0.363,0,39.13,33.22
2201.87,steptest,150.0000,,0.363,1,39.13,33.01
2202.12,steptest,150.0625,,0.363,1,39.19,32.15
2202.37,steptest,150.1875,,0.363,1,39.19,32.79
2202.62,steptest,150.1875,,0.363,1,39.19,31.94
2202.87,steptest,150.1250,,0.363,1,39.13,32.80
2203.12,steptest,150.2500,,0.363,1,39.19,33.01
2203.37,steptest,150.3125,,0.363,0,39.19,32.37
2203.62,steptest,150.3125,,0.363,0,39.19,33.01
2203.87,steptest,150.3750,,0.363,0,39.19,33.22
2204.12,steptest,150.5000,,0.363,0,39.19,32.36
2204.37,steptest,150.5000,,0.363,0,39.19,33.01
2204.62,steptest,150.5625,,0.363,0,39.19,33.01
2204.87,steptest,150.5625,,0.363,0,39.19,33.01
2205.12,steptest,150.7500,,0.363,0,39.25,32.79
2205.37,steptest,150.7500,,0.363,0,39.25,32.79
2205.62,steptest,150.8125,,0.363,0,39.25,32.36
2205.87,steptest,150.8125,,0.363,1,39.25,33.01
2206.12,steptest,150.8750,,0.363,1,39.25,33.01
2206.37,steptest,150.6875,,0.363,1,39.25,32.80
2206.62,steptest,151.0625,,0.363,1,39.31,31.94
2206.87,steptest,151.0625,,0.363,1,39.31,33.01
2207.12,steptest,151.0625,,0.363,1,39.31,32.80
2207.37,steptest,151.1250,,0.363,0,39.31,32.36
2207.62,steptest,151.2500,,0.363,0,39.31,32.80
2207.87,steptest,151.2500,,0.363,0,39.31,33.44
2208.12,steptest,151.2500,,0.363,0,39.31,32.58
2208.37,steptest,151.3125,,0.363,0,39.25,32.37
2208.62,steptest,151.4375,,0.363,0,39.31,32.15
2208.87,steptest,151.5000,,0.363,0,39.31,33.22
2209.12,steptest,151.5000,,0.363,0,39.31,32.58
2209.37,steptest,151.5625,,0.363,0,39.38,32.80
2209.62,steptest,151.6250,,0.363,0,39.38,33.00
2209.87,steptest,151.8125,,0.363,1,39.44,32.80
2210.12,steptest,151.8125,,0.363,1,39.44,32.80
2210.37,steptest,151.6250,,0.363,1,39.38,33.22
2210.62,steptest,151.8125,,0.363,1,39.38,32.80
2210.87,steptest,151.8750,,0.363,1,39.38,32.36
2211.12,steptest,151.8750,,0.363,1,39.44,32.80
2211.37,steptest,152.0000,,0.363,0,39.44,33.01
2211.62,steptest,152.0625,,0.363,0,39.44,33.22
2211.87,steptest,152.1250,,0.363,0,39.44,32.79
2212.12,steptest,152.1250,,0.363,0,39.38,33.01
2212.37,steptest,152.1250,,0.363,0,39.38,33.01
2212.62,steptest,152.2500,,0.363,0,39.44,33.00
2212.87,steptest,152.3125,,0.363,0,39.44,32.79
2213.12,steptest,152.3750,,0.363,0,39.44,32.59
2213.37,steptest,152.3750,,0.363,0,39.44,32.57
2213.62,steptest,152.5000,,0.363,0,39.50,33.22
2213.87,steptest,152.5000,,0.363,1,39.44,32.58
2214.12,steptest,152.5625,,0.363,1,39.44,32.80
2214.37,steptest,152.5625,,0.363,1,39.44,32.80
2214.62,steptest,152.5625,,0.363,1,39.44,32.79
2214.87,steptest,152.6875,,0.363,1,39.50,32.79
2215.12,steptest,152.8750,,0.363,1,39.56,32.58
2215.37,steptest,152.8750,,0.363,0,39.56,32.79
2215.62,steptest,152.8750,,0.363,0,39.56,32.80
2215.87,steptest,153.0000,,0.363,0,39.56,32.37
2216.12,steptest,153.0625,,0.363,0,39.56,33.22
2216.37,steptest,153.0625,,0.363,0,39.56,32.36
2216.62,steptest,153.0625,,0.363,0,39.56,32.58
2216.87,steptest,153.1875,,0.363,0,39.56,32.58
2217.12,steptest,153.2500,,0.363,0,39.56,32.36
2217.37,steptest,153.3750,,0.363,0,39.63,32.80
2217.62,steptest,153.3750,,0.363,0,39.63,32.79
2217.87,steptest,153.3125,,0.363,1,39.56,33.43
2218.12,steptest,153.3750,,0.363,1,39.56,32.58
2218.37,steptest,153.5000,,0.363,1,39.63,31.94
2218.62,steptest,153.5000,,0.363,1,39.56,32.15
2218.87,steptest,153.5000,,0.363,1,39.56,32.16
2219.12,steptest,153.6250,,0.363,1,39.63,33.01
2219.37,steptest,153.6250,,0.363,0,39.56,33.23
2219.62,steptest,153.7500,,0.363,0,39.63,32.58
2219.87,steptest,153.7500,,0.363,0,39.63,32.79
2220.12,steptest,153.7500,,0.363,0,39.56,32.58
2220.37,steptest,153.8750,,0.363,0,39.63,33.01
2220.62,steptest,154.0000,,0.363,0,39.63,32.58
2220.87,steptest,154.0000,,0.363,0,39.63,33.01
2221.12,steptest,154.0000,,0.363,0,39.63,33.23
2221.37,steptest,154.0625,,0.363,0,39.63,32.79
2221.62,steptest,154.1875,,0.363,0,39.69,33.44
2221.87,steptest,154.1875,,0.363,1,39.69,33.01
2222.12,steptest,154.1250,,0.363,1,39.63,32.80
2222.37,steptest,154.2500,,0.363,1,39.69,32.79
2222.62,steptest,154.3125,,0.363,1,39.69,33.22
2222.87,steptest,154.3125,,0.363,1,39.69,32.79
2223.12,steptest,154.3750,,0.363,1,39.69,33.01
2223.37,steptest,154.4375,,0.363,0,39.63,32.58
2223.62,steptest,154.5000,,0.363,0,39.69,33.00
2223.87,steptest,154.5000,,0.363,0,39.69,32.80
2224.12,steptest,154.5000,,0.363,0,39.69,32.15
2224.37,steptest,154.6875,,0.363,0,39.69,32.58
2224.62,steptest,154.8125,,0.363,0,39.75,33.22
2224.87,steptest,154.8750,,0.363,0,39.75,32.36
2225.12,steptest,154.8750,,0.363,0,39.75,32.58
2225.37,steptest,154.8750,,0.363,0,39.69,32.80
2225.62,steptest,154.9375,,0.363,0,39.75,32.15
2225.87,steptest,155.0000,,0.363,1,39.75,32.37
2226.12,steptest,155.0000,,0.363,1,39.69,33.22
2226.37,steptest,155.2500,,0.363,1,39.69,33.23
2226.62,steptest,155.1250,,0.363,1,39.75,33.01
2226.87,steptest,155.1250,,0.363,1,39.75,32.79
2227.12,steptest,155.2500,,0.363,1,39.81,33.22
2227.37,steptest,155.2500,,0.363,0,39.81,32.15
2227.62,steptest,155.3750,,0.363,0,39.81,32.79
2227.87,steptest,155.3750,,0.363,0,39.81,32.58
2228.12,steptest,155.5000,,0.363,0,39.75,33.65
2228.37,steptest,155.5000,,0.363,0,39.75,32.37
2228.62,steptest,155.5625,,0.363,0,39.81,33.23
2228.87,steptest,155.5625,,0.363,0,39.75,32.37
2229.12,steptest,155.6875,,0.363,0,39.81,32.36
2229.37,steptest,155.6875,,0.363,0,39.81,32.58
# step 150C down 1: duty 0.063, ceiling 170 C, 60 s
2229.62,steptest,155.8125,,0.063,0,39.88,32.58
2229.87,steptest,155.8125,,0.063,0,39.88,32.36
2230.12,steptest,155.8125,,0.063,0,39.81,32.58
2230.37,steptest,155.8125,,0.063,0,39.81,32.37
2230.62,steptest,155.8125,,0.063,0,39.81,33.01
2230.87,steptest,155.8750,,0.063,0,39.81,32.79
2231.12,steptest,155.9375,,0.063,0,39.88,32.79
2231.37,steptest,156.0000,,0.063,0,39.88,33.43
2231.62,steptest,156.0000,,0.063,0,39.88,32.80
2231.87,steptest,156.0000,,0.063,0,39.88,32.79
2232.12,steptest,156.0000,,0.063,0,39.88,33.01
2232.37,steptest,156.0625,,0.063,0,39.88,32.36
2232.62,steptest,156.0625,,0.063,0,39.88,32.15
2232.87,steptest,156.0625,,0.063,0,39.88,33.01
2233.12,steptest,156.0625,,0.063,0,39.88,32.80
2233.37,steptest,156.0625,,0.063,0,39.88,32.58
2233.62,steptest,156.0625,,0.063,0,39.94,32.80
2233.87,steptest,156.1250,,0.063,0,39.94,32.15
2234.12,steptest,156.1250,,0.063,0,39.94,32.15
2234.37,steptest,156.1250,,0.063,0,39.94,33.01
2234.62,steptest,156.1250,,0.063,0,39.94,32.79
2234.87,steptest,156.1250,,0.063,0,39.94,32.36
2235.12,steptest,156.1250,,0.063,0,39.94,32.80
2235.37,steptest,156.1250,,0.063,0,39.94,31.94
2235.62,steptest,156.1250,,0.063,0,39.94,32.80
2235.87,steptest,156.1250,,0.063,0,39.94,32.36
2236.12,steptest,156.1250,,0.063,0,40.00,32.79
2236.37,steptest,156.1250,,0.063,0,40.00,32.80
2236.62,steptest,156.1250,,0.063,0,40.00,32.79
2236.87,steptest,156.1250,,0.063,0,40.00,33.00
2237.12,steptest,156.0625,,0.063,0,40.00,32.79
2237.37,steptest,156.0625,,0.063,0,40.00,32.37
2237.62,steptest,156.0625,,0.063,0,40.00,32.36
2237.87,steptest,156.0625,,0.063,0,40.06,32.37
2238.12,steptest,156.0625,,0.063,0,40.06,32.79
2238.37,steptest,156.0625,,0.063,0,40.06,32.36
2238.62,steptest,156.0625,,0.063,0,40.13,32.36
2238.87,steptest,156.0625,,0.063,0,40.13,32.58
2239.12,steptest,156.0625,,0.063,0,40.13,32.58
2239.37,steptest,155.9375,,0.063,0,40.06,33.01
2239.62,steptest,156.0000,,0.063,0,40.13,33.22
2239.87,steptest,155.9375,,0.063,0,40.13,32.58
2240.12,steptest,155.9375,,0.063,0,40.06,33.01
2240.37,steptest,155.8750,,0.063,0,40.06,32.37
2240.62,steptest,155.8750,,0.063,0,40.13,33.01
2240.87,steptest,155.8125,,0.063,0,40.13,33.22
2241.12,steptest,155.8125,,0.063,0,40.13,32.58
2241.37,steptest,155.8125,,0.063,0,40.13,33.01
2241.62,steptest,155.7500,,0.063,0,40.13,32.58
2241.87,steptest,155.7500,,0.063,0,40.19,32.79
2242.12,steptest,155.6875,,0.063,0,40.13,32.58
2242.37,steptest,155.6875,,0.063,0,40.13,33.44
2242.62,steptest,155.6250,,0.063,0,40.13,33.22
2242.87,steptest,155.6875,,0.063,0,40.19,32.37
2243.12,steptest,155.6250,,0.063,0,40.19,33.01
2243.37,steptest,155.6250,,0.063,0,40.19,33.01
2243.62,steptest,155.5625,,0.063,0,40.19,33.22
2243.87,steptest,155.6250,,0.063,0,40.25,32.79
2244.12,steptest,155.5625,,0.063,0,40.25,33.01
2244.37,steptest,155.5625,,0.063,0,40.31,32.58
2244.62,steptest,155.5625,,0.063,0,40.31,32.36
2244.87,steptest,155.3125,,0.063,0,40.19,32.37
2245.12,steptest,155.3750,,0.063,0,40.25,32.58
2245.37,steptest,155.3125,,0.063,0,40.25,32.58
2245.62,steptest,155.3125,,0.063,0,40.25,32.58
2245.87,steptest,155.2500,,0.063,0,40.25,32.15
2246.12,steptest,155.1875,,0.063,0,40.25,32.79
2246.37,steptest,155.1875,,0.063,0,40.31,32.58
2246.62,steptest,155.1875,,0.063,0,40.31,33.02
2246.87,steptest,155.1250,,0.063,0,40.25,32.58
2247.12,steptest,155.0625,,0.063,0,40.25,32.37
2247.37,steptest,155.0000,,0.063,0,40.31,32.58
2247.62,steptest,155.0000,,0.063,0,40.31,32.37
2247.87,steptest,154.9375,,0.063,0,40.31,33.01
2248.12,steptest,154.9375,,0.063,0,40.31,32.15
2248.37,steptest,154.8750,,0.063,0,40.38,33.22
2248.62,steptest,154.8750,,0.063,0,40.31,32.58
2248.87,steptest,154.8125,,0.063,0,40.31,32.37
2249.12,steptest,154.7500,,0.063,0,40.31,33.01
2249.37,steptest,154.6875,,0.063,0,40.38,32.80
2249.62,steptest,154.6875,,0.063,0,40.38,33.01
2249.87,steptest,154.6875,,0.063,0,40.38,33.00
2250.12,steptest,154.5625,,0.063,0,40.38,33.01
2250.37,steptest,154.5625,,0.063,0,40.38,32.80
2250.62,steptest,154.3750,,0.063,0,40.38,33.01
2250.87,steptest,154.3750,,0.063,0,40.38,33.44
2251.12,steptest,154.4375,,0.063,0,40.44,33.00
2251.37,steptest,154.3125,,0.063,0,40.38,32.58
2251.62,steptest,154.1875,,0.063,0,40.38,32.79
2251.87,steptest,154.1875,,0.063,0,40.38,33.44
2252.12,steptest,154.1250,,0.063,0,40.38,32.36
2252.37,steptest,154.1250,,0.063,0,40.44,33.01
2252.62,steptest,154.0625,,0.063,0,40.44,32.79
2252.87,steptest,154.0000,,0.063,0,40.44,32.58
2253.12,steptest,154.0000,,0.063,0,40.44,32.79
2253.37,steptest,153.9375,,0.063,0,40.44,32.80
2253.62,steptest,153.9375,,0.063,0,40.50,32.58
2253.87,steptest,153.8750,,0.063,0,40.50,33.01
2254.12,steptest,153.8750,,0.063,0,40.50,32.58
2254.37,steptest,153.8125,,0.063,0,40.50,32.37
2254.62,steptest,153.6875,,0.063,0,40.50,32.37
2254.87,steptest,153.6250,,0.063,0,40.50,33.01
2255.12,steptest,153.6250,,0.063,0,40.50,32.36
2255.37,steptest,153.5625,,0.063,0,40.50,33.01
2255.62,steptest,153.4375,,0.063,0,40.50,32.58
2255.87,steptest,153.3750,,0.063,0,40.50,33.22
2256.12,steptest,153.3750,,0.063,0,40.56,32.79
2256.37,steptest,153.3750,,0.063,0,40.56,32.79
2256.62,steptest,153.2500,,0.063,0,40.56,32.36
2256.87,steptest,153.2500,,0.063,0,40.56,32.36
2257.12,steptest,153.0625,,0.063,0,40.50,32.79
2257.37,steptest,153.0625,,0.063,0,40.50,33.22
2257.62,steptest,153.0000,,0.063,0,40.56,32.79
2257.87,steptest,153.0000,,0.063,0,40.56,32.58
2258.12,steptest,152.8125,,0.063,0,40.56,32.58
2258.37,steptest,152.8125,,0.063,0,40.56,33.23
2258.62,steptest,152.8125,,0.063,0,40.56,33.00
2258.87,steptest,152.7500,,0.063,0,40.56,32.79
2259.12,steptest,152.5625,,0.063,0,40.56,32.79
2259.37,steptest,152.5625,,0.063,0,40.63,32.58
2259.62,steptest,152.6250,,0.063,0,40.63,33.02
2259.87,steptest,152.5000,,0.063,0,40.63,32.37
2260.12,steptest,152.4375,,0.063,0,40.63,32.58
2260.37,steptest,152.4375,,0.063,0,40.63,32.79
2260.62,steptest,152.3750,,0.063,0,40.63,32.36
2260.87,steptest,152.3125,,0.063,0,40.69,33.01
2261.12,steptest,152.3125,,0.063,0,40.69,32.58
2261.37,steptest,152.1250,,0.063,0,40.69,33.43
2261.62,steptest,152.1250,,0.063,0,40.69,32.15
2261.87,steptest,152.0000,,0.063,0,40.63,33.01
2262.12,steptest,152.0625,,0.063,0,40.75,33.22
2262.37,steptest,151.8750,,0.063,0,40.69,32.36
2262.62,steptest,151.8750,,0.063,0,40.69,33.01
2262.87,steptest,151.8125,,0.063,0,40.69,33.01
2263.12,steptest,151.6875,,0.063,0,40.69,32.36
2263.37,steptest,151.6250,,0.063,0,40.69,33.01
2263.62,steptest,151.6250,,0.063,0,40.75,32.36
2263.87,steptest,151.6250,,0.063,0,40.75,32.80
2264.12,steptest,151.5000,,0.063,0,40.75,33.00
2264.37,steptest,151.4375,,0.063,0,40.75,32.36
2264.62,steptest,151.3750,,0.063,0,40.81,32.79
2264.87,steptest,151.3750,,0.063,0,40.81,33.01
2265.12,steptest,151.2500,,0.063,0,40.75,32.79
2265.37,steptest,151.1875,,0.063,0,40.75,33.01
2265.62,steptest,151.0625,,0.063,0,40.81,32.58
2265.87,steptest,151.0625,,0.063,0,40.81,33.22
2266.12,steptest,151.0625,,0.063,0,40.81,32.79
2266.37,steptest,151.0000,,0.063,0,40.81,32.79
2266.62,steptest,150.8750,,0.063,0,40.81,32.79
2266.87,steptest,150.8750,,0.063,0,40.81,33.01
2267.12,steptest,150.8125,,0.063,0,40.81,32.36
2267.37,steptest,150.6250,,0.063,0,40.81,32.58
2267.62,steptest,150.6250,,0.063,0,40.81,32.80
2267.87,steptest,150.6250,,0.063,0,40.81,33.01
2268.12,steptest,150.5000,,0.063,0,40.81,33.01
2268.37,steptest,150.5000,,0.063,0,40.88,32.79
2268.62,steptest,150.3750,,0.063,0,40.88,32.58
2268.87,steptest,150.2500,,0.063,0,40.88,32.58
2269.12,steptest,150.2500,,0.063,0,40.88,32.79
2269.37,steptest,150.1875,,0.063,0,40.88,33.22
2269.62,steptest,150.1250,,0.063,0,40.88,33.01
2269.87,steptest,150.0625,,0.063,0,40.94,32.80
2270.12,steptest,150.0625,,0.063,0,40.94,32.57
2270.37,steptest,149.9375,,0.063,0,40.88,33.01
2270.62,steptest,149.8750,,0.063,0,40.94,33.22
2270.87,steptest,149.8125,,0.063,0,40.94,32.58
2271.12,steptest,149.8125,,0.063,0,40.88,33.01
2271.37,steptest,149.6250,,0.063,0,40.88,32.80
2271.62,steptest,149.5000,,0.063,0,40.88,33.22
2271.87,steptest,149.5000,,0.063,0,40.94,32.79
2272.12,steptest,149.5000,,0.063,0,40.94,33.01
2272.37,steptest,149.3750,,0.063,0,40.94,32.79
2272.62,steptest,149.3125,,0.063,0,40.94,32.79
2272.87,steptest,149.3125,,0.063,0,41.00,32.58
2273.12,steptest,149.1875,,0.063,0,41.00,32.15
2273.37,steptest,149.1875,,0.063,0,41.00,31.93
2273.62,steptest,149.0625,,0.063,0,40.94,32.79
2273.87,steptest,148.9375,,0.063,0,40.94,32.79
2274.12,steptest,148.8750,,0.063,0,41.00,33.01
2274.37,steptest,148.8750,,0.063,0,41.00,33.23
2274.62,steptest,148.8125,,0.063,0,40.94,32.79
2274.87,steptest,148.6875,,0.063,0,41.00,33.01
2275.12,steptest,148.7500,,0.063,0,41.06,32.58
2275.37,steptest,148.7500,,0.063,0,41.06,32.80
2275.62,steptest,148.5625,,0.063,0,41.06,32.59
2275.87,steptest,148.4375,,0.063,0,41.00,33.22
2276.12,steptest,148.3750,,0.063,0,41.00,33.01
2276.37,steptest,148.3125,,0.063,0,41.06,32.79
2276.62,steptest,148.3125,,0.063,0,41.06,32.79
2276.87,steptest,148.2500,,0.063,0,41.06,32.36
2277.12,steptest,148.1875,,0.063,0,41.13,32.79
2277.37,steptest,148.0625,,0.063,0,41.06,32.58
2277.62,steptest,148.0625,,0.063,0,41.06,32.37
2277.87,steptest,147.9375,,0.063,0,41.06,33.01
2278.12,steptest,147.9375,,0.063,0,41.13,32.79
2278.37,steptest,147.8125,,0.063,0,41.13,33.01
2278.62,steptest,147.8125,,0.063,0,41.13,33.22
2278.87,steptest,147.6875,,0.063,0,41.06,32.79
2279.12,steptest,147.5625,,0.063,0,41.06,32.79
2279.37,steptest,147.5625,,0.063,0,41.13,33.01
2279.62,steptest,147.5625,,0.063,0,41.06,32.58
2279.87,steptest,147.3750,,0.063,0,41.06,32.80
2280.12,steptest,147.3125,,0.063,0,41.13,32.58
2280.37,steptest,147.2500,,0.063,0,41.13,32.79
2280.62,steptest,147.1250,,0.063,0,41.13,32.58
2280.87,steptest,147.1250,,0.063,0,41.13,33.01
2281.12,steptest,147.0625,,0.063,0,41.13,32.58
2281.37,steptest,146.9375,,0.063,0,41.13,33.02
2281.62,steptest,146.8750,,0.063,0,41.13,33.01
2281.87,steptest,146.8750,,0.063,0,41.13,32.37
2282.12,steptest,146.8125,,0.063,0,41.13,32.58
2282.37,steptest,146.6250,,0.063,0,41.13,32.58
2282.62,steptest,146.6875,,0.063,0,41.19,33.00
2282.87,steptest,146.6875,,0.063,0,41.19,32.79
2283.12,steptest,146.5000,,0.063,0,41.19,32.79
2283.37,steptest,146.4375,,0.063,0,41.19,32.58
2283.62,steptest,146.3750,,0.063,0,41.19,32.37
2283.87,steptest,146.3750,,0.063,0,41.25,32.58
2284.12,steptest,146.3125,,0.063,0,41.25,33.01
2284.37,steptest,146.1875,,0.063,0,41.19,32.57
2284.62,steptest,146.0625,,0.063,0,41.19,32.37
2284.87,steptest,146.0625,,0.063,0,41.25,33.22
2285.12,steptest,146.0625,,0.063,0,41.25,33.01
2285.37,steptest,145.9375,,0.063,0,41.25,33.44
2285.62,steptest,145.8125,,0.063,0,41.25,32.15
2285.87,steptest,145.8125,,0.063,0,41.31,32.79
2286.12,steptest,145.8125,,0.063,0,41.31,32.58
2286.37,steptest,145.6250,,0.063,0,41.25,32.58
2286.62,steptest,145.5625,,0.063,0,41.25,32.79
2286.87,steptest,145.5625,,0.063,0,41.31,32.79
2287.12,steptest,145.5625,,0.063,0,41.31,33.01
2287.37,steptest,145.3750,,0.063,0,41.31,32.80
2287.62,steptest,145.3125,,0.063,0,41.31,32.79
2287.87,steptest,145.1875,,0.063,0,41.31,32.58
2288.12,steptest,145.1875,,0.063,0,41.31,33.22
2288.37,steptest,145.1250,,0.063,0,41.31,33.22
2288.62,steptest,145.0625,,0.063,0,41.31,32.58
2288.87,steptest,145.0000,,0.063,0,41.38,32.58
2289.12,steptest,144.8750,,0.063,0,41.31,32.58
2289.37,steptest,144.8750,,0.063,0,41.31,33.01
# step 150C up 2: duty 0.363, ceiling 170 C, 60 s
2289.62,steptest,144.8125,,0.363,0,41.38,32.36
2290.03,steptest,144.7500,,0.363,1,41.38,32.80
2290.28,steptest,144.6875,,0.363,1,41.38,32.79
2290.53,steptest,144.5000,,0.363,1,41.38,33.01
2290.78,steptest,144.5000,,0.363,1,41.38,33.01
2291.03,steptest,144.5000,,0.363,1,41.38,33.01
2291.28,steptest,144.3750,,0.363,1,41.38,32.79
2291.53,steptest,144.3125,,0.363,0,41.38,33.86
2291.78,steptest,144.2500,,0.363,0,41.38,32.58
2292.03,steptest,144.2500,,0.363,0,41.38,32.36
2292.28,steptest,144.1250,,0.363,0,41.38,32.58
2292.53,steptest,144.0000,,0.363,0,41.38,32.79
2292.78,steptest,143.9375,,0.363,0,41.44,32.37
2293.03,steptest,143.9375,,0.363,0,41.44,32.17
2293.28,steptest,143.9375,,0.363,0,41.44,33.22
2293.53,steptest,143.8750,,0.363,0,41.44,32.79
2293.78,steptest,143.6875,,0.363,0,41.44,32.58
2294.03,steptest,143.6875,,0.363,1,41.44,32.80
2294.28,steptest,143.6875,,0.363,1,41.44,33.01
2294.53,steptest,143.6875,,0.363,1,41.50,32.37
2294.78,steptest,143.5625,,0.363,1,41.50,32.80
2295.03,steptest,143.5000,,0.363,1,41.50,32.79
2295.28,steptest,143.5000,,0.363,1,41.50,32.58
2295.53,steptest,143.3750,,0.363,0,41.50,33.00
2295.78,steptest,143.3750,,0.363,0,41.50,32.79
2296.03,steptest,143.3125,,0.363,0,41.50,33.87
2296.28,steptest,143.3125,,0.363,0,41.50,32.79
2296.53,steptest,143.2500,,0.363,0,41.56,32.79
2296.78,steptest,143.1250,,0.363,0,41.50,33.01
2297.03,steptest,143.0625,,0.363,0,41.50,33.01
2297.28,steptest,143.0625,,0.363,0,41.50,32.58
2297.53,steptest,143.0000,,0.363,0,41.50,33.01
2297.78,steptest,143.0000,,0.363,0,41.56,33.43
2298.03,steptest,142.9375,,0.363,1,41.56,33.22
2298.28,steptest,143.4375,,0.363,1,41.56,32.36
2298.53,steptest,143.4375,,0.363,1,41.56,33.01
2298.78,steptest,142.8125,,0.363,1,41.56,32.58
2299.03,steptest,142.8750,,0.363,1,41.63,33.01
2299.28,steptest,142.7500,,0.363,1,41.56,33.00
2299.53,steptest,142.7500,,0.363,0,41.56,33.01
2299.78,steptest,142.6875,,0.363,0,41.63,32.80
2300.03,steptest,142.6250,,0.363,0,41.56,32.36
2300.28,steptest,142.6250,,0.363,0,41.63,32.36
2300.53,steptest,142.6250,,0.363,0,41.63,32.58
2300.78,steptest,142.5625,,0.363,0,41.63,32.79
2301.03,steptest,142.5000,,0.363,0,41.56,33.00
2301.28,steptest,142.5000,,0.363,0,41.63,32.57
2301.53,steptest,142.5000,,0.363,0,41.63,32.37
2301.78,steptest,142.4375,,0.363,0,41.63,32.36
2302.03,steptest,142.3750,,0.363,1,41.63,32.58
2302.28,steptest,142.3750,,0.363,1,41.69,32.79
2302.53,steptest,142.3750,,0.363,1,41.69,32.36
2302.78,steptest,142.3750,,0.363,1,41.69,32.37
2303.03,steptest,142.2500,,0.363,1,41.63,32.15
2303.28,steptest,142.2500,,0.363,1,41.69,32.80
2303.53,steptest,142.2500,,0.363,0,41.69,32.58
2303.78,steptest,142.2500,,0.363,0,41.69,33.01
2304.03,steptest,142.2500,,0.363,0,41.69,33.01
2304.28,steptest,142.2500,,0.363,0,41.75,32.79
2304.53,steptest,142.1250,,0.363,0,41.69,32.58
2304.78,steptest,142.1250,,0.363,0,41.75,33.01
2305.03,steptest,142.1875,,0.363,0,41.75,32.15
2305.28,steptest,142.0625,,0.363,0,41.69,33.01
2305.53,steptest,142.1250,,0.363,0,41.75,32.58
2305.78,steptest,142.1250,,0.363,0,41.69,33.01
2306.03,steptest,142.0625,,0.363,1,41.69,32.36
2306.28,steptest,142.0000,,0.363,1,41.69,32.80
2306.53,steptest,141.5000,,0.363,1,41.75,33.01
2306.78,steptest,142.0625,,0.363,1,41.75,32.79
2307.03,steptest,142.0625,,0.363,1,41.75,32.80
2307.28,steptest,142.0625,,0.363,1,41.81,33.01
2307.53,steptest,142.0000,,0.363,0,41.75,32.36
2307.78,steptest,142.0000,,0.363,0,41.75,32.16
2308.03,steptest,142.0000,,0.363,0,41.75,33.22
2308.28,steptest,141.9375,,0.363,0,41.75,32.36
2308.53,steptest,142.0000,,0.363,0,41.81,32.79
2308.78,steptest,142.0000,,0.363,0,41.81,32.79
2309.03,steptest,142.0000,,0.363,0,41.75,32.79
2309.28,steptest,141.9375,,0.363,0,41.75,32.36
2309.53,steptest,142.0000,,0.363,0,41.81,32.37
2309.78,steptest,142.0000,,0.363,0,41.81,33.01
2310.03,steptest,142.0000,,0.363,1,41.81,32.80
2310.28,steptest,142.0000,,0.363,1,41.81,32.37
2310.53,steptest,142.0000,,0.363,1,41.81,32.79
2310.78,steptest,142.0625,,0.363,1,41.88,32.58
2311.03,steptest,142.0000,,0.363,1,41.81,32.58
2311.28,steptest,142.0000,,0.363,1,41.81,33.01
2311.53,steptest,142.0625,,0.363,0,41.88,33.01
2311.78,steptest,142.0000,,0.363,0,41.81,32.58
2312.03,steptest,142.0625,,0.363,0,41.88,32.36
2312.28,steptest,142.0625,,0.363,0,41.88,32.79
2312.53,steptest,142.0625,,0.363,0,41.88,32.15
2312.78,steptest,142.0625,,0.363,0,41.88,32.37
2313.03,steptest,142.0625,,0.363,0,41.88,32.57
2313.28,steptest,142.0625,,0.363,0,41.88,32.80
2313.53,steptest,142.0625,,0.363,0,41.88,32.37
2313.78,steptest,142.0625,,0.363,0,41.88,32.79
2314.03,steptest,142.0000,,0.363,1,41.81,33.01
2314.28,steptest,141.7500,,0.363,1,41.94,32.58
2314.53,steptest,141.7500,,0.363,1,41.94,32.80
2314.78,steptest,142.1250,,0.363,1,41.94,32.58
2315.03,steptest,142.0625,,0.363,1,41.88,33.22
2315.28,steptest,142.1875,,0.363,1,41.94,33.01
2315.53,steptest,142.1875,,0.363,0,41.94,33.22
2315.78,steptest,142.1875,,0.363,0,41.94,32.58
2316.03,steptest,142.1875,,0.363,0,41.94,32.58
2316.28,steptest,142.2500,,0.363,0,41.94,32.37
2316.53,steptest,142.2500,,0.363,0,41.94,33.00
2316.78,steptest,142.3125,,0.363,0,41.94,32.79
2317.03,steptest,142.3125,,0.363,0,41.94,32.80
2317.28,steptest,142.3125,,0.363,0,41.94,33.01
2317.53,steptest,142.3125,,0.363,0,41.94,32.36
2317.78,steptest,142.3125,,0.363,0,41.94,33.01
2318.03,steptest,142.3750,,0.363,1,42.00,33.23
2318.28,steptest,142.3750,,0.363,1,42.00,33.01
2318.53,steptest,142.4375,,0.363,1,42.00,32.57
2318.78,steptest,142.4375,,0.363,1,42.00,33.00
2319.03,steptest,142.4375,,0.363,1,42.00,32.79
2319.28,steptest,142.5000,,0.363,1,42.00,32.58
2319.53,steptest,142.5000,,0.363,0,42.00,33.01
2319.78,steptest,142.5000,,0.363,0,42.00,33.01
2320.03,steptest,142.6250,,0.363,0,42.06,33.01
2320.28,steptest,142.6250,,0.363,0,42.00,32.58
2320.53,steptest,142.6250,,0.363,0,42.00,32.58
2320.78,steptest,142.6250,,0.363,0,42.00,32.58
2321.03,steptest,142.7500,,0.363,0,42.06,33.01
2321.28,steptest,142.7500,,0.363,0,42.06,32.79
2321.53,steptest,142.7500,,0.363,0,42.06,32.79
2321.78,steptest,142.7500,,0.363,0,42.06,32.79
2322.03,steptest,142.8125,,0.363,1,42.06,32.58
2322.28,steptest,142.8750,,0.363,1,42.06,32.37
2322.53,steptest,142.9375,,0.363,1,42.06,33.22
2322.78,steptest,142.9375,,0.363,1,42.06,33.44
2323.03,steptest,142.9375,,0.363,1,42.06,32.80
2323.28,steptest,143.0000,,0.363,1,42.13,32.80
2323.53,steptest,143.0625,,0.363,0,42.13,32.79
2323.78,steptest,143.0625,,0.363,0,42.06,33.01
2324.03,steptest,143.0625,,0.363,0,42.06,33.01
2324.28,steptest,143.0625,,0.363,0,42.06,32.36
2324.53,steptest,143.1875,,0.363,0,42.13,32.15
2324.78,steptest,143.1875,,0.363,0,42.06,33.01
2325.03,steptest,143.1875,,0.363,0,42.06,32.15
2325.28,steptest,143.2500,,0.363,0,42.13,33.01
2325.53,steptest,143.3125,,0.363,0,42.13,32.79
2325.78,steptest,143.3750,,0.363,0,42.13,33.01
2326.03,steptest,143.3750,,0.363,1,42.13,32.37
2326.28,steptest,143.3750,,0.363,1,42.13,32.80
2326.53,steptest,143.3750,,0.363,1,42.13,32.37
2326.78,steptest,143.5625,,0.363,1,42.19,32.79
2327.03,steptest,143.5625,,0.363,1,42.13,32.80
2327.28,steptest,143.5625,,0.363,1,42.13,33.01
2327.53,steptest,143.6250,,0.363,0,42.19,33.01
2327.78,steptest,143.6875,,0.363,0,42.19,32.80
2328.03,steptest,143.7500,,0.363,0,42.25,33.44
2328.28,steptest,143.7500,,0.363,0,42.25,32.58
2328.53,steptest,143.9375,,0.363,0,42.25,32.79
2328.78,steptest,143.9375,,0.363,0,42.25,32.36
2329.03,steptest,143.8750,,0.363,0,42.19,32.58
2329.28,steptest,143.8750,,0.363,0,42.19,32.37
2329.53,steptest,144.0000,,0.363,0,42.25,32.79
2329.78,steptest,144.0625,,0.363,0,42.25,32.79
2330.03,steptest,144.1250,,0.363,1,42.25,32.80
2330.28,steptest,144.1250,,0.363,1,42.25,32.58
2330.53,steptest,144.1250,,0.363,1,42.25,33.01
2330.78,steptest,144.1875,,0.363,1,42.25,32.79
2331.03,steptest,144.3125,,0.363,1,42.31,32.58
2331.28,steptest,144.3125,,0.363,1,42.25,33.22
2331.53,steptest,144.3125,,0.363,0,42.25,32.79
2331.78,steptest,144.4375,,0.363,0,42.31,32.79
2332.03,steptest,144.3750,,0.363,0,42.25,32.79
2332.28,steptest,144.5000,,0.363,0,42.25,33.00
2332.53,steptest,144.5000,,0.363,0,42.25,32.79
2332.78,steptest,144.5625,,0.363,0,42.25,32.37
2333.03,steptest,144.6250,,0.363,0,42.31,32.15
2333.28,steptest,144.7500,,0.363,0,42.31,33.22
2333.53,steptest,144.7500,,0.363,0,42.31,33.22
2333.78,steptest,144.8125,,0.363,0,42.31,33.01
2334.03,steptest,144.8750,,0.363,1,42.38,32.37
2334.28,steptest,144.8750,,0.363,1,42.31,31.94
2334.53,steptest,144.8750,,0.363,1,42.31,32.79
2334.78,steptest,144.9375,,0.363,1,42.31,33.01
2335.03,steptest,145.0625,,0.363,1,42.31,32.80
2335.28,steptest,145.1250,,0.363,1,42.38,32.37
2335.53,steptest,145.1875,,0.363,0,42.38,32.58
2335.78,steptest,145.1875,,0.363,0,42.38,32.58
2336.03,steptest,145.3125,,0.363,0,42.38,32.58
2336.28,steptest,145.3125,,0.363,0,42.38,32.36
2336.53,steptest,145.3750,,0.363,0,42.38,32.58
2336.78,steptest,145.3750,,0.363,0,42.38,33.01
2337.03,steptest,145.5000,,0.363,0,42.38,32.37
2337.28,steptest,145.5625,,0.363,0,42.44,33.22
2337.53,steptest,145.6250,,0.363,0,42.44,32.59
2337.78,steptest,145.6250,,0.363,0,42.44,32.58
2338.03,steptest,145.6875,,0.363,1,42.44,32.37
2338.28,steptest,145.6250,,0.363,1,42.38,32.80
2338.53,steptest,145.8125,,0.363,1,42.44,33.01
2338.78,steptest,145.8125,,0.363,1,42.44,32.37
2339.03,steptest,145.8125,,0.363,1,42.44,33.01
2339.28,steptest,145.8750,,0.363,1,42.38,33.43
2339.53,steptest,146.0000,,0.363,0,42.44,32.58
2339.78,steptest,146.0000,,0.363,0,42.44,32.79
2340.03,steptest,146.0625,,0.363,0,42.44,33.01
2340.28,steptest,146.1250,,0.363,0,42.44,32.79
2340.53,steptest,146.3125,,0.363,0,42.50,33.01
2340.78,steptest,146.3125,,0.363,0,42.44,32.36
2341.03,steptest,146.3125,,0.363,0,42.44,33.01
2341.28,steptest,146.3750,,0.363,0,42.44,32.79
2341.53,steptest,146.5625,,0.363,0,42.50,33.01
2341.78,steptest,146.5000,,0.363,0,42.44,32.79
2342.03,steptest,146.5000,,0.363,1,42.44,32.79
2342.28,steptest,146.5000,,0.363,1,42.44,33.01
2342.53,steptest,146.6875,,0.363,1,42.50,32.37
2342.78,steptest,146.6875,,0.363,1,42.44,32.79
2343.03,steptest,146.6875,,0.363,1,42.50,33.01
2343.28,steptest,146.8125,,0.363,1,42.50,32.58
2343.53,steptest,146.8750,,0.363,0,42.50,32.58
2343.78,steptest,147.0000,,0.363,0,42.56,32.58
2344.03,steptest,147.0000,,0.363,0,42.50,33.01
2344.28,steptest,147.0000,,0.363,0,42.50,33.01
2344.53,steptest,147.1250,,0.363,0,42.56,32.79
2344.78,steptest,147.1875,,0.363,0,42.50,32.58
2345.03,steptest,147.3125,,0.363,0,42.56,32.80
2345.28,steptest,147.3125,,0.363,0,42.56,32.79
2345.53,steptest,147.3125,,0.363,0,42.50,32.80
2345.78,steptest,147.3750,,0.363,0,42.50,32.58
2346.03,steptest,147.5000,,0.363,1,42.56,32.80
2346.28,steptest,147.5000,,0.363,1,42.56,32.79
2346.53,steptest,147.4375,,0.363,1,42.50,32.80
2346.78,steptest,147.6250,,0.363,1,42.56,32.79
2347.03,steptest,147.6875,,0.363,1,42.56,32.58
2347.28,steptest,147.6875,,0.363,1,42.56,32.58
2347.53,steptest,147.7500,,0.363,0,42.56,32.37
2347.78,steptest,147.8125,,0.363,0,42.56,32.79
2348.03,steptest,147.9375,,0.363,0,42.56,32.79
2348.28,steptest,147.9375,,0.363,0,42.56,32.37
2348.53,steptest,148.0000,,0.363,0,42.56,32.58
2348.78,steptest,148.1250,,0.363,0,42.63,33.22
2349.03,steptest,148.1875,,0.363,0,42.56,33.01
2349.28,steptest,148.1875,,0.363,0,42.56,32.80
2349.53,steptest,148.1875,,0.363,0,42.56,32.58
# step 150C down 2: duty 0.063, ceiling 170 C, 60 s
2349.78,steptest,148.3125,,0.063,0,42.63,33.22
2350.03,steptest,148.4375,,0.063,0,42.63,33.23
2350.28,steptest,148.4375,,0.063,0,42.63,32.36
2350.53,steptest,148.4375,,0.063,0,42.63,32.58
2350.78,steptest,148.5000,,0.063,0,42.63,32.58
2351.03,steptest,148.5625,,0.063,0,42.63,32.79
2351.28,steptest,148.5625,,0.063,0,42.63,32.58
2351.53,steptest,148.5625,,0.063,0,42.63,32.58
2351.78,steptest,148.6250,,0.063,0,42.63,33.01
2352.03,steptest,148.6250,,0.063,0,42.63,32.37
2352.28,steptest,148.6875,,0.063,0,42.63,32.79
2352.53,steptest,148.6875,,0.063,0,42.69,33.00
2352.78,steptest,148.8125,,0.063,0,42.69,32.79
2353.03,steptest,148.7500,,0.063,0,42.63,33.01
2353.28,steptest,148.8750,,0.063,0,42.69,32.79
2353.53,steptest,148.9375,,0.063,0,42.75,33.01
2353.78,steptest,148.9375,,0.063,0,42.75,33.01
2354.03,steptest,148.9375,,0.063,0,42.69,33.22
2354.28,steptest,148.9375,,0.063,0,42.69,33.44
2354.53,steptest,148.9375,,0.063,0,42.69,32.36
2354.78,steptest,148.9375,,0.063,0,42.69,32.37
2355.03,steptest,149.0000,,0.063,0,42.75,32.58
2355.28,steptest,149.0000,,0.063,0,42.75,33.00
2355.53,steptest,149.0000,,0.063,0,42.69,32.79
2355.78,steptest,149.0000,,0.063,0,42.69,32.80
2356.03,steptest,149.0000,,0.063,0,42.69,33.44
2356.28,steptest,149.1250,,0.063,0,42.81,33.44
2356.53,steptest,149.0625,,0.063,0,42.75,32.80
2356.78,steptest,149.0625,,0.063,0,42.81,32.58
2357.03,steptest,149.1250,,0.063,0,42.81,32.79
2357.28,steptest,149.0625,,0.063,0,42.75,32.58
2357.53,steptest,149.1250,,0.063,0,42.81,33.44
2357.78,steptest,149.1250,,0.063,0,42.81,32.37
2358.03,steptest,149.1250,,0.063,0,42.81,32.58
2358.28,steptest,149.1250,,0.063,0,42.81,32.58
2358.53,steptest,149.1875,,0.063,0,42.81,32.15
2358.78,steptest,149.1250,,0.063,0,42.81,32.58
2359.03,steptest,149.1250,,0.063,0,42.81,33.01
2359.28,steptest,149.1875,,0.063,0,42.88,33.01
2359.53,steptest,149.1250,,0.063,0,42.81,32.36
2359.78,steptest,149.1875,,0.063,0,42.88,33.01
2360.03,steptest,149.1875,,0.063,0,42.88,33.01
2360.28,steptest,149.1875,,0.063,0,42.88,33.65
2360.53,steptest,149.1250,,0.063,0,42.88,33.01
2360.78,steptest,149.1250,,0.063,0,42.88,32.80
2361.03,steptest,149.1250,,0.063,0,42.88,32.79
2361.28,steptest,149.1250,,0.063,0,42.88,32.58
2361.53,steptest,149.1875,,0.063,0,42.94,33.01
2361.78,steptest,149.1875,,0.063,0,42.94,32.58
2362.03,steptest,149.1875,,0.063,0,42.94,33.01
2362.28,steptest,149.1875,,0.063,0,42.94,32.58
2362.53,steptest,149.1250,,0.063,0,42.88,33.01
2362.78,steptest,149.1250,,0.063,0,42.94,33.22
2363.03,steptest,149.0625,,0.063,0,42.88,32.79
2363.28,steptest,149.0625,,0.063,0,42.88,32.58
2363.53,steptest,149.0625,,0.063,0,42.94,32.79
2363.78,steptest,148.9375,,0.063,0,42.88,32.58
2364.03,steptest,148.9375,,0.063,0,42.88,33.01
2364.28,steptest,148.9375,,0.063,0,42.88,32.37
2364.53,steptest,149.0000,,0.063,0,42.94,33.01
2364.78,steptest,149.0000,,0.063,0,42.94,32.79
2365.03,steptest,149.0000,,0.063,0,42.94,33.01
2365.28,steptest,149.0000,,0.063,0,43.00,33.01
2365.53,steptest,149.0000,,0.063,0,43.00,33.22
2365.78,steptest,148.8750,,0.063,0,42.94,33.01
2366.03,steptest,148.8750,,0.063,0,42.94,32.36
2366.28,steptest,148.8750,,0.063,0,43.00,33.43
2366.53,steptest,148.8750,,0.063,0,43.00,32.58
2366.78,steptest,148.8750,,0.063,0,43.00,33.22
2367.03,steptest,148.8125,,0.063,0,43.00,33.01
2367.28,steptest,148.7500,,0.063,0,42.94,32.59
2367.53,steptest,148.7500,,0.063,0,42.94,33.01
2367.78,steptest,148.7500,,0.063,0,43.00,33.22
2368.03,steptest,148.6875,,0.063,0,43.00,33.22
2368.28,steptest,148.6875,,0.063,0,43.00,33.00
2368.53,steptest,148.6875,,0.063,0,43.00,32.79
2368.78,steptest,148.6250,,0.063,0,43.00,32.58
2369.03,steptest,148.6875,,0.063,0,43.06,33.22
2369.28,steptest,148.5625,,0.063,0,43.00,32.36
2369.53,steptest,148.5625,,0.063,0,43.00,33.01
2369.78,steptest,148.5000,,0.063,0,43.00,32.58
2370.03,steptest,148.5000,,0.063,0,43.06,33.22
2370.28,steptest,148.3750,,0.063,0,43.00,33.00
2370.53,steptest,148.4375,,0.063,0,43.06,33.23
2370.78,steptest,148.4375,,0.063,0,43.06,33.00
2371.03,steptest,148.4375,,0.063,0,43.06,33.22
2371.28,steptest,148.3750,,0.063,0,43.13,32.79
2371.53,steptest,148.3125,,0.063,0,43.06,32.58
2371.78,steptest,148.3125,,0.063,0,43.06,33.22
2372.03,steptest,148.1875,,0.063,0,43.00,32.58
2372.28,steptest,148.2500,,0.063,0,43.13,33.01
2372.53,steptest,148.1875,,0.063,0,43.06,32.15
2372.78,steptest,148.1875,,0.063,0,43.06,32.79
2373.03,steptest,148.1875,,0.063,0,43.13,32.79
2373.28,steptest,148.1250,,0.063,0,43.13,32.79
2373.53,steptest,148.0000,,0.063,0,43.06,32.36
2373.78,steptest,148.0000,,0.063,0,43.13,32.79
2374.03,steptest,148.0000,,0.063,0,43.13,32.36
2374.28,steptest,147.9375,,0.063,0,43.06,32.79
2374.53,steptest,147.8125,,0.063,0,43.06,33.01
2374.78,steptest,147.8750,,0.063,0,43.13,32.79
2375.03,steptest,147.8750,,0.063,0,43.13,32.79
2375.28,steptest,147.8125,,0.063,0,43.13,32.79
2375.53,steptest,147.7500,,0.063,0,43.13,33.01
2375.78,steptest,147.6875,,0.063,0,43.13,32.15
2376.03,steptest,147.6875,,0.063,0,43.13,32.79
2376.28,steptest,147.6250,,0.063,0,43.13,33.00
2376.53,steptest,147.5625,,0.063,0,43.13,32.37
2376.78,steptest,147.5625,,0.063,0,43.13,33.00
2377.03,steptest,147.5625,,0.063,0,43.13,32.59
2377.28,steptest,147.4375,,0.063,0,43.13,32.15
2377.53,steptest,147.4375,,0.063,0,43.13,33.22
2377.78,steptest,147.3125,,0.063,0,43.13,32.79
2378.03,steptest,147.3125,,0.063,0,43.19,33.01
2378.28,steptest,147.3125,,0.063,0,43.19,32.79
2378.53,steptest,147.2500,,0.063,0,43.19,32.58
2378.78,steptest,147.2500,,0.063,0,43.19,32.58
2379.03,steptest,147.1875,,0.063,0,43.19,33.00
2379.28,steptest,147.1875,,0.063,0,43.19,33.44
2379.53,steptest,147.0625,,0.063,0,43.19,32.79
2379.78,steptest,147.0625,,0.063,0,43.19,33.01
2380.03,steptest,147.0000,,0.063,0,43.19,33.01
2380.28,steptest,147.0000,,0.063,0,43.19,32.36
2380.53,steptest,146.8750,,0.063,0,43.19,33.44
2380.78,steptest,146.8750,,0.063,0,43.19,32.58
2381.03,steptest,146.7500,,0.063,0,43.19,33.01
2381.28,steptest,146.7500,,0.063,0,43.19,32.79
2381.53,steptest,146.6875,,0.063,0,43.19,33.65
2381.78,steptest,146.6250,,0.063,0,43.19,32.79
2382.03,steptest,146.6250,,0.063,0,43.25,32.80
2382.28,steptest,146.6250,,0.063,0,43.19,32.58
2382.53,steptest,146.5000,,0.063,0,43.19,33.22
2382.78,steptest,146.5000,,0.063,0,43.25,32.79
2383.03,steptest,146.5625,,0.063,0,43.31,32.79
2383.28,steptest,146.5625,,0.063,0,43.25,33.22
2383.53,steptest,146.4375,,0.063,0,43.25,33.23
2383.78,steptest,146.3125,,0.063,0,43.25,32.79
2384.03,steptest,146.2500,,0.063,0,43.25,32.58
2384.28,steptest,146.1250,,0.063,0,43.25,33.65
2384.53,steptest,146.1250,,0.063,0,43.25,32.79
2384.78,steptest,146.0625,,0.063,0,43.25,32.79
2385.03,steptest,146.1250,,0.063,0,43.31,33.22
2385.28,steptest,146.0625,,0.063,0,43.31,33.22
2385.53,steptest,146.0625,,0.063,0,43.31,33.22
2385.78,steptest,146.0000,,0.063,0,43.31,32.79
2386.03,steptest,145.8750,,0.063,0,43.31,32.58
2386.28,steptest,145.8125,,0.063,0,43.31,33.01
2386.53,steptest,145.8125,,0.063,0,43.31,32.80
2386.78,steptest,145.7500,,0.063,0,43.31,32.58
2387.03,steptest,145.6875,,0.063,0,43.31,32.79
2387.28,steptest,145.6250,,0.063,0,43.31,32.58
2387.53,steptest,145.6250,,0.063,0,43.31,32.37
2387.78,steptest,145.5000,,0.063,0,43.31,32.79
2388.03,steptest,145.5625,,0.063,0,43.38,32.58
2388.28,steptest,145.5000,,0.063,0,43.38,33.01
2388.53,steptest,145.2500,,0.063,0,43.31,32.79
2388.78,steptest,145.2500,,0.063,0,43.31,33.01
2389.03,steptest,145.3125,,0.063,0,43.38,33.22
2389.28,steptest,145.1875,,0.063,0,43.38,32.79
2389.53,steptest,145.2500,,0.063,0,43.44,33.22
2389.78,steptest,145.2500,,0.063,0,43.44,32.80
2390.03,steptest,145.1250,,0.063,0,43.38,32.79
2390.28,steptest,145.0625,,0.063,0,43.44,33.01
2390.53,steptest,144.9375,,0.063,0,43.38,33.23
2390.78,steptest,144.9375,,0.063,0,43.38,32.58
2391.03,steptest,144.8750,,0.063,0,43.38,33.01
2391.28,steptest,144.8750,,0.063,0,43.44,32.58
2391.53,steptest,144.8125,,0.063,0,43.44,33.00
2391.78,steptest,144.8125,,0.063,0,43.44,32.57
2392.03,steptest,144.7500,,0.063,0,43.44,32.80
2392.28,steptest,144.6875,,0.063,0,43.44,33.01
2392.53,steptest,144.5000,,0.063,0,43.44,33.22
2392.78,steptest,144.5000,,0.063,0,43.44,33.01
2393.03,steptest,144.5000,,0.063,0,43.44,32.58
2393.28,steptest,144.4375,,0.063,0,43.44,32.58
2393.53,steptest,144.3125,,0.063,0,43.44,32.79
2393.78,steptest,144.3125,,0.063,0,43.44,32.79
2394.03,steptest,144.3125,,0.063,0,43.44,32.80
2394.28,steptest,144.1250,,0.063,0,43.44,32.58
2394.53,steptest,144.1250,,0.063,0,43.44,33.01
2394.78,steptest,144.1250,,0.063,0,43.50,33.22
2395.03,steptest,144.1250,,0.063,0,43.50,33.00
2395.28,steptest,143.9375,,0.063,0,43.44,32.80
2395.53,steptest,143.9375,,0.063,0,43.50,33.22
2395.78,steptest,143.8125,,0.063,0,43.50,32.58
2396.03,steptest,143.8125,,0.063,0,43.44,33.22
2396.28,steptest,143.6875,,0.063,0,43.44,32.80
2396.53,steptest,143.7500,,0.063,0,43.50,33.01
2396.78,steptest,143.6875,,0.063,0,43.56,33.01
2397.03,steptest,143.6875,,0.063,0,43.50,32.58
2397.28,steptest,143.5625,,0.063,0,43.50,33.23
2397.53,steptest,143.5000,,0.063,0,43.56,32.58
2397.78,steptest,143.3750,,0.063,0,43.50,32.37
2398.03,steptest,143.3125,,0.063,0,43.50,32.58
2398.28,steptest,143.3125,,0.063,0,43.50,33.22
2398.53,steptest,143.2500,,0.063,0,43.56,33.01
2398.78,steptest,143.1250,,0.063,0,43.50,33.01
2399.03,steptest,143.1250,,0.063,0,43.56,33.01
2399.28,steptest,143.1250,,0.063,0,43.56,33.22
2399.53,steptest,143.0000,,0.063,0,43.50,32.58
2399.78,steptest,143.0000,,0.063,0,43.56,33.22
2400.03,steptest,142.8750,,0.063,0,43.56,32.57
2400.28,steptest,142.8750,,0.063,0,43.56,33.01
2400.53,steptest,142.8125,,0.063,0,43.56,32.80
2400.78,steptest,142.7500,,0.063,0,43.56,32.79
2401.03,steptest,142.6875,,0.063,0,43.56,32.36
2401.28,steptest,142.6875,,0.063,0,43.56,33.43
2401.53,steptest,142.6250,,0.063,0,43.56,33.44
2401.78,steptest,142.5625,,0.063,0,43.63,32.58
2402.03,steptest,142.5000,,0.063,0,43.63,33.01
2402.28,steptest,142.5000,,0.063,0,43.56,32.58
2402.53,steptest,142.3125,,0.063,0,43.56,32.79
2402.78,steptest,142.3125,,0.063,0,43.63,32.79
2403.03,steptest,142.1875,,0.063,0,43.56,33.01
2403.28,steptest,142.0625,,0.063,0,43.56,33.22
2403.53,steptest,142.0625,,0.063,0,43.56,33.01
2403.78,steptest,142.1250,,0.063,0,43.63,33.01
2404.03,steptest,142.0000,,0.063,0,43.63,32.58
2404.28,steptest,141.9375,,0.063,0,43.63,33.44
2404.53,steptest,141.9375,,0.063,0,43.63,32.58
2404.78,steptest,141.8750,,0.063,0,43.63,33.01
2405.03,steptest,141.6875,,0.063,0,43.56,33.22
2405.28,steptest,141.6875,,0.063,0,43.63,33.01
2405.53,steptest,141.6875,,0.063,0,43.63,32.79
2405.78,steptest,141.5000,,0.063,0,43.56,33.22
2406.03,steptest,141.5000,,0.063,0,43.63,32.80
2406.28,steptest,141.5625,,0.063,0,43.69,32.80
2406.53,steptest,141.5625,,0.063,0,43.69,33.44
2406.78,steptest,141.3750,,0.063,0,43.69,33.22
2407.03,steptest,141.2500,,0.063,0,43.63,32.58
2407.28,steptest,141.1250,,0.063,0,43.63,33.01
2407.53,steptest,141.1875,,0.063,0,43.69,33.22
2407.78,steptest,141.1875,,0.063,0,43.69,32.36
2408.03,steptest,141.1250,,0.063,0,43.69,32.58
2408.28,steptest,141.0000,,0.063,0,43.69,32.58
2408.53,steptest,140.9375,,0.063,0,43.69,32.36
2408.78,steptest,140.9375,,0.063,0,43.69,32.15
2409.03,steptest,140.8125,,0.063,0,43.69,32.58
2409.28,steptest,140.7500,,0.063,0,43.69,32.79
2409.53,steptest,140.7500,,0.063,0,43.69,33.01
# step 150C up 3: duty 0.363, ceiling 170 C, 60 s
2409.78,steptest,140.7500,,0.363,0,43.69,32.79
2410.03,steptest,140.5625,,0.363,1,43.69,32.58
2410.28,steptest,140.5000,,0.363,1,43.69,33.01
2410.53,steptest,140.4375,,0.363,1,43.69,32.80
2410.78,steptest,140.4375,,0.363,1,43.69,32.80
2411.03,steptest,140.3750,,0.363,1,43.69,33.01
2411.28,steptest,140.3125,,0.363,1,43.69,33.22
2411.53,steptest,140.3125,,0.363,0,43.75,33.01
2411.78,steptest,140.3125,,0.363,0,43.75,33.01
2412.03,steptest,140.2500,,0.363,0,43.75,33.01
2412.28,steptest,140.0625,,0.363,0,43.69,32.58
2412.53,steptest,140.0625,,0.363,0,43.69,32.79
2412.78,steptest,140.0625,,0.363,0,43.81,32.79
2413.03,steptest,140.0625,,0.363,0,43.81,33.00
2413.28,steptest,139.9375,,0.363,0,43.75,32.80
2413.53,steptest,139.8750,,0.363,0,43.75,33.01
2413.78,steptest,139.7500,,0.363,0,43.75,32.79
2414.03,steptest,139.7500,,0.363,1,43.75,33.01
2414.28,steptest,139.6875,,0.363,1,43.75,33.01
2414.53,steptest,139.6875,,0.363,1,43.75,32.80
2414.78,steptest,139.6250,,0.363,1,43.75,32.37
2415.03,steptest,139.6250,,0.363,1,43.75,32.58
2415.28,steptest,139.5000,,0.363,1,43.75,32.79
2415.53,steptest,139.5000,,0.363,0,43.75,32.36
2415.78,steptest,139.4375,,0.363,0,43.75,32.80
2416.03,steptest,139.4375,,0.363,0,43.81,33.01
2416.28,steptest,139.3750,,0.363,0,43.81,33.01
2416.53,steptest,139.3750,,0.363,0,43.81,32.37
2416.78,steptest,139.3125,,0.363,0,43.81,32.80
2417.03,steptest,139.3125,,0.363,0,43.81,32.79
2417.28,steptest,139.1875,,0.363,0,43.81,32.58
2417.53,steptest,139.1875,,0.363,0,43.81,33.01
2417.78,steptest,139.1875,,0.363,0,43.88,32.58
2418.03,steptest,139.0625,,0.363,1,43.81,32.59
2418.28,steptest,139.0625,,0.363,1,43.81,32.79
2418.53,steptest,139.2500,,0.363,1,43.88,32.80
2418.78,steptest,138.9375,,0.363,1,43.81,33.23
2419.03,steptest,139.0000,,0.363,1,43.88,33.01
2419.28,steptest,139.0000,,0.363,1,43.88,32.57
2419.53,steptest,138.9375,,0.363,0,43.81,33.01
2419.78,steptest,138.9375,,0.363,0,43.88,33.00
2420.03,steptest,138.8125,,0.363,0,43.81,32.58
2420.28,steptest,138.8125,,0.363,0,43.81,32.37
2420.53,steptest,138.8125,,0.363,0,43.88,32.79
2420.78,steptest,138.8125,,0.363,0,43.88,32.79
2421.03,steptest,138.8125,,0.363,0,43.88,32.58
2421.28,steptest,138.8125,,0.363,0,43.88,32.58
2421.53,steptest,138.6875,,0.363,0,43.88,33.01
2421.78,steptest,138.7500,,0.363,0,43.94,32.79
2422.03,steptest,138.6875,,0.363,1,43.94,33.01
2422.28,steptest,138.6875,,0.363,1,43.94,32.58
2422.53,steptest,138.6250,,0.363,1,43.94,32.58
2422.78,steptest,138.5625,,0.363,1,43.88,32.37
2423.03,steptest,138.5625,,0.363,1,43.88,32.58
2423.28,steptest,138.6250,,0.363,1,43.94,33.22
2423.53,steptest,138.6250,,0.363,0,43.94,33.01
2423.78,steptest,138.5625,,0.363,0,43.94,32.79
2424.03,steptest,138.5625,,0.363,0,43.94,33.01
2424.28,steptest,138.5000,,0.363,0,43.94,32.58
2424.53,steptest,138.5000,,0.363,0,43.94,33.22
2424.78,steptest,138.5000,,0.363,0,43.94,32.36
2425.03,steptest,138.5000,,0.363,0,43.94,33.22
2425.28,steptest,138.4375,,0.363,0,43.94,32.58
2425.53,steptest,138.4375,,0.363,0,43.94,32.58
2425.78,steptest,138.5000,,0.363,0,44.00,32.79
2426.03,steptest,138.4375,,0.363,1,43.94,32.58
2426.28,steptest,138.3750,,0.363,1,43.94,33.01
2426.53,steptest,138.3750,,0.363,1,44.00,32.36
2426.78,steptest,138.5000,,0.363,1,44.00,32.58
2427.03,steptest,138.3750,,0.363,1,43.94,33.01
2427.28,steptest,138.4375,,0.363,1,44.00,33.01
2427.53,steptest,138.4375,,0.363,0,44.00,32.79
2427.78,steptest,138.4375,,0.363,0,44.00,32.36
2428.03,steptest,138.4375,,0.363,0,44.00,32.36
2428.28,steptest,138.4375,,0.363,0,44.00,33.22
2428.53,steptest,138.4375,,0.363,0,44.00,32.37
2428.78,steptest,138.4375,,0.363,0,44.00,32.79
2429.03,steptest,138.4375,,0.363,0,44.00,32.58
2429.28,steptest,138.4375,,0.363,0,44.00,32.79
2429.53,steptest,138.4375,,0.363,0,44.00,32.79
2429.78,steptest,138.4375,,0.363,0,44.00,33.22
2430.03,steptest,138.4375,,0.363,1,44.00,33.01
2430.28,steptest,138.6250,,0.363,1,44.00,32.37
2430.53,steptest,138.4375,,0.363,1,44.00,32.79
2430.78,steptest,138.4375,,0.363,1,44.06,32.58
2431.03,steptest,138.5000,,0.363,1,44.06,32.36
2431.28,steptest,138.5000,,0.363,1,44.06,32.36
2431.53,steptest,138.5000,,0.363,0,44.06,32.79
2431.78,steptest,138.5625,,0.363,0,44.06,33.22
2432.03,steptest,138.5625,,0.363,0,44.06,32.79
2432.28,steptest,138.5625,,0.363,0,44.06,32.79
2432.53,steptest,138.5625,,0.363,0,44.06,32.58
2432.78,steptest,138.5625,,0.363,0,44.06,33.01
2433.03,steptest,138.5625,,0.363,0,44.06,32.58
2433.28,steptest,138.5000,,0.363,0,44.00,32.79
2433.53,steptest,138.6250,,0.363,0,44.13,32.79
2433.78,steptest,138.5625,,0.363,0,44.06,33.01
2434.03,steptest,138.5625,,0.363,1,44.06,32.37
2434.28,steptest,138.6250,,0.363,1,44.13,32.79
2434.53,steptest,138.6250,,0.363,1,44.06,33.44
2434.78,steptest,138.6875,,0.363,1,44.13,32.37
2435.03,steptest,138.6875,,0.363,1,44.13,32.58
2435.28,steptest,138.7500,,0.363,1,44.13,33.22
2435.53,steptest,138.6875,,0.363,0,44.06,32.79
2435.78,steptest,138.7500,,0.363,0,44.06,32.58
2436.03,steptest,138.7500,,0.363,0,44.13,33.23
2436.28,steptest,138.8125,,0.363,0,44.13,32.58
2436.53,steptest,138.8125,,0.363,0,44.13,33.01
2436.78,steptest,138.8750,,0.363,0,44.13,33.01
2437.03,steptest,138.9375,,0.363,0,44.13,33.00
2437.28,steptest,138.9375,,0.363,0,44.13,32.79
2437.53,steptest,138.9375,,0.363,0,44.13,32.79
2437.78,steptest,139.0625,,0.363,0,44.19,33.00
2438.03,steptest,138.9375,,0.363,1,44.06,32.15
2438.28,steptest,138.9375,,0.363,1,44.06,32.58
2438.53,steptest,139.0625,,0.363,1,44.13,32.79
2438.78,steptest,139.0625,,0.363,1,44.13,33.22
2439.03,steptest,139.0625,,0.363,1,44.13,32.58
2439.28,steptest,139.0625,,0.363,1,44.13,32.79
2439.53,steptest,139.1875,,0.363,0,44.19,33.01
2439.78,steptest,139.1875,,0.363,0,44.13,32.79
2440.03,steptest,139.2500,,0.363,0,44.13,33.22
2440.28,steptest,139.2500,,0.363,0,44.13,33.65
2440.53,steptest,139.2500,,0.363,0,44.13,32.58
2440.78,steptest,139.3125,,0.363,0,44.19,32.58
2441.03,steptest,139.3750,,0.363,0,44.19,33.01
2441.28,steptest,139.3750,,0.363,0,44.19,32.36
2441.53,steptest,139.4375,,0.363,0,44.19,32.79
2441.78,steptest,139.4375,,0.363,0,44.13,33.22
2442.03,steptest,139.5625,,0.363,1,44.19,33.01
2442.28,steptest,139.6250,,0.363,1,44.25,33.65
2442.53,steptest,139.6250,,0.363,1,44.25,33.01
2442.78,steptest,139.6250,,0.363,1,44.19,33.01
2443.03,steptest,139.6250,,0.363,1,44.19,32.15
2443.28,steptest,139.6875,,0.363,1,44.19,32.58
2443.53,steptest,139.6875,,0.363,0,44.19,32.58
2443.78,steptest,139.8125,,0.363,0,44.25,33.22
2444.03,steptest,139.7500,,0.363,0,44.19,33.01
2444.28,steptest,139.8750,,0.363,0,44.19,32.79
2444.53,steptest,139.8750,,0.363,0,44.25,33.00
2444.78,steptest,140.0000,,0.363,0,44.25,32.37
2445.03,steptest,140.0625,,0.363,0,44.25,33.01
2445.28,steptest,140.0625,,0.363,0,44.25,32.59
2445.53,steptest,140.0625,,0.363,0,44.19,32.79
2445.78,steptest,140.0000,,0.363,0,44.19,32.58
2446.03,steptest,140.1875,,0.363,1,44.25,33.22
2446.28,steptest,140.1250,,0.363,1,44.19,33.01
2446.53,steptest,140.2500,,0.363,1,44.25,33.22
2446.78,steptest,140.2500,,0.363,1,44.25,32.37
2447.03,steptest,140.3125,,0.363,1,44.25,33.01
2447.28,steptest,140.3750,,0.363,1,44.25,32.79
2447.53,steptest,140.4375,,0.363,0,44.25,32.58
2447.78,steptest,140.4375,,0.363,0,44.25,32.79
2448.03,steptest,140.5000,,0.363,0,44.25,33.43
2448.28,steptest,140.5625,,0.363,0,44.25,33.22
2448.53,steptest,140.6875,,0.363,0,44.31,32.80
2448.78,steptest,140.6875,,0.363,0,44.31,32.37
2449.03,steptest,140.7500,,0.363,0,44.31,33.00
2449.28,steptest,140.8125,,0.363,0,44.31,33.00
2449.53,steptest,140.8750,,0.363,0,44.31,33.43
2449.78,steptest,140.8750,,0.363,0,44.31,33.44
2450.03,steptest,140.9375,,0.363,1,44.31,32.79
2450.28,steptest,140.9375,,0.363,1,44.31,32.58
2450.53,steptest,140.8750,,0.363,1,44.31,33.01
2450.78,steptest,140.8750,,0.363,1,44.38,33.01
2451.03,steptest,141.1250,,0.363,1,44.38,32.79
2451.28,steptest,141.1250,,0.363,1,44.31,33.22
2451.53,steptest,141.1875,,0.363,0,44.31,32.80
2451.78,steptest,141.3125,,0.363,0,44.38,33.01
2452.03,steptest,141.3125,,0.363,0,44.38,33.22
2452.28,steptest,141.3750,,0.363,0,44.38,32.36
2452.53,steptest,141.4375,,0.363,0,44.38,32.36
2452.78,steptest,141.5625,,0.363,0,44.38,33.01
2453.03,steptest,141.5625,,0.363,0,44.38,32.79
2453.28,steptest,141.5625,,0.363,0,44.31,32.57
2453.53,steptest,141.6250,,0.363,0,44.38,33.01
2453.78,steptest,141.6875,,0.363,0,44.38,33.01
2454.03,steptest,141.6875,,0.363,1,44.38,32.58
2454.28,steptest,141.7500,,0.363,1,44.31,32.58
2454.53,steptest,141.8750,,0.363,1,44.38,33.43
2454.78,steptest,141.9375,,0.363,1,44.38,32.80
2455.03,steptest,141.9375,,0.363,1,44.44,32.58
2455.28,steptest,142.0000,,0.363,1,44.44,33.01
2455.53,steptest,142.0625,,0.363,0,44.38,33.00
2455.78,steptest,142.1875,,0.363,0,44.44,32.37
2456.03,steptest,142.1875,,0.363,0,44.38,32.58
2456.28,steptest,142.1875,,0.363,0,44.38,33.22
2456.53,steptest,142.3750,,0.363,0,44.44,33.01
2456.78,steptest,142.4375,,0.363,0,44.44,32.79
2457.03,steptest,142.4375,,0.363,0,44.38,33.01
2457.28,steptest,142.4375,,0.363,0,44.38,33.22
2457.53,steptest,142.5625,,0.363,0,44.44,32.58
2457.78,steptest,142.6250,,0.363,0,44.44,33.44
2458.03,steptest,142.6875,,0.363,1,44.44,33.01
2458.28,steptest,142.6875,,0.363,1,44.44,32.79
2458.53,steptest,142.7500,,0.363,1,44.44,32.58
2458.78,steptest,142.7500,,0.363,1,44.44,33.22
2459.03,steptest,142.8750,,0.363,1,44.44,33.44
2459.28,steptest,142.8750,,0.363,1,44.44,33.01
2459.53,steptest,143.0000,,0.363,0,44.44,33.01
2459.78,steptest,143.0000,,0.363,0,44.38,32.58
2460.03,steptest,143.1250,,0.363,0,44.44,32.80
2460.28,steptest,143.1250,,0.363,0,44.44,32.79
2460.53,steptest,143.1875,,0.363,0,44.44,32.79
2460.78,steptest,143.3750,,0.363,0,44.50,33.01
2461.03,steptest,143.3750,,0.363,0,44.44,32.79
2461.28,steptest,143.5000,,0.363,0,44.50,32.79
2461.53,steptest,143.5000,,0.363,0,44.50,32.58
2461.78,steptest,143.5000,,0.363,0,44.44,33.01
2462.03,steptest,143.6250,,0.363,1,44.50,32.58
2462.28,steptest,143.6250,,0.363,1,44.44,32.58
2462.53,steptest,143.6250,,0.363,1,44.44,32.80
2462.78,steptest,143.7500,,0.363,1,44.50,33.01
2463.03,steptest,143.8750,,0.363,1,44.50,32.79
2463.28,steptest,143.9375,,0.363,1,44.50,33.00
2463.53,steptest,143.9375,,0.363,0,44.50,32.58
2463.78,steptest,143.9375,,0.363,0,44.50,32.79
2464.03,steptest,144.0625,,0.363,0,44.44,32.79
2464.28,steptest,144.1250,,0.363,0,44.50,32.79
2464.53,steptest,144.1250,,0.363,0,44.50,32.58
2464.78,steptest,144.3125,,0.363,0,44.50,32.58
2465.03,steptest,144.3750,,0.363,0,44.50,32.79
2465.28,steptest,144.4375,,0.363,0,44.56,33.01
2465.53,steptest,144.4375,,0.363,0,44.50,33.22
2465.78,steptest,144.5000,,0.363,0,44.50,33.01
2466.03,steptest,144.5625,,0.363,1,44.50,32.36
2466.28,steptest,144.6250,,0.363,1,44.50,32.58
2466.53,steptest,144.7500,,0.363,1,44.56,33.22
2466.78,steptest,144.7500,,0.363,1,44.56,33.01
2467.03,steptest,144.8125,,0.363,1,44.56,32.79
2467.28,steptest,144.8125,,0.363,1,44.50,33.01
2467.53,steptest,144.9375,,0.363,0,44.56,33.01
2467.78,steptest,144.9375,,0.363,0,44.56,32.79
2468.03,steptest,145.0000,,0.363,0,44.50,32.58
2468.28,steptest,145.1250,,0.363,0,44.56,32.79
2468.53,steptest,145.1875,,0.363,0,44.56,33.01
2468.78,steptest,145.1875,,0.363,0,44.56,32.80
2469.03,steptest,145.3125,,0.363,0,44.56,33.22
2469.28,steptest,145.3750,,0.363,0,44.56,32.58
2469.53,steptest,145.5000,,0.363,0,44.56,33.01
# step 150C down 3: duty 0.063, ceiling 170 C, 60 s
2469.78,steptest,145.5000,,0.063,0,44.56,32.58
2470.03,steptest,145.5000,,0.063,0,44.56,32.58
2470.28,steptest,145.5625,,0.063,0,44.56,32.58
2470.53,steptest,145.6875,,0.063,0,44.56,32.57
2470.78,steptest,145.6875,,0.063,0,44.56,32.79
2471.03,steptest,145.6875,,0.063,0,44.56,32.58
2471.28,steptest,145.7500,,0.063,0,44.56,33.22
2471.53,steptest,145.8125,,0.063,0,44.56,32.58
2471.78,steptest,145.8750,,0.063,0,44.63,32.79
2472.03,steptest,145.8750,,0.063,0,44.63,33.01
2472.28,steptest,146.0000,,0.063,0,44.63,33.22
2472.53,steptest,146.0000,,0.063,0,44.63,33.00
2472.78,steptest,146.0625,,0.063,0,44.63,33.00
2473.03,steptest,146.0625,,0.063,0,44.63,33.22
2473.28,steptest,146.0625,,0.063,0,44.63,32.79
2473.53,steptest,146.1250,,0.063,0,44.63,32.36
2473.78,steptest,146.1250,,0.063,0,44.63,32.58
2474.03,steptest,146.1250,,0.063,0,44.63,32.79
2474.28,steptest,146.1875,,0.063,0,44.63,32.58
2474.53,steptest,146.2500,,0.063,0,44.69,33.22
2474.78,steptest,146.1875,,0.063,0,44.63,32.15
2475.03,steptest,146.1875,,0.063,0,44.63,32.80
2475.28,steptest,146.1875,,0.063,0,44.63,32.79
2475.53,steptest,146.2500,,0.063,0,44.63,33.01
2475.78,steptest,146.3750,,0.063,0,44.69,32.58
2476.03,steptest,146.3125,,0.063,0,44.63,33.01
2476.28,steptest,146.3125,,0.063,0,44.63,33.01
2476.53,steptest,146.3750,,0.063,0,44.63,32.80
2476.78,steptest,146.3125,,0.063,0,44.63,32.79
2477.03,steptest,146.4375,,0.063,0,44.69,33.22
2477.28,steptest,146.4375,,0.063,0,44.69,33.01
2477.53,steptest,146.4375,,0.063,0,44.69,32.79
2477.78,steptest,146.4375,,0.063,0,44.69,33.00
2478.03,steptest,146.5000,,0.063,0,44.69,33.01
2478.28,steptest,146.5000,,0.063,0,44.69,33.01
2478.53,steptest,146.5000,,0.063,0,44.69,32.58
2478.78,steptest,146.5000,,0.063,0,44.69,32.79
2479.03,steptest,146.5000,,0.063,0,44.69,32.58
2479.28,steptest,146.5000,,0.063,0,44.75,32.58
2479.53,steptest,146.5625,,0.063,0,44.75,32.57
2479.78,steptest,146.5000,,0.063,0,44.69,33.01
2480.03,steptest,146.5000,,0.063,0,44.69,33.22
2480.28,steptest,146.5000,,0.063,0,44.69,32.58
2480.53,steptest,146.5000,,0.063,0,44.69,32.59
2480.78,steptest,146.5625,,0.063,0,44.75,32.58
2481.03,steptest,146.5625,,0.063,0,44.75,32.58
2481.28,steptest,146.5000,,0.063,0,44.69,32.58
2481.53,steptest,146.5000,,0.063,0,44.69,32.79
2481.78,steptest,146.5625,,0.063,0,44.75,33.01
2482.03,steptest,146.5000,,0.063,0,44.75,33.44
2482.28,steptest,146.5000,,0.063,0,44.75,32.36
2482.53,steptest,146.5000,,0.063,0,44.75,33.00
2482.78,steptest,146.4375,,0.063,0,44.75,32.79
2483.03,steptest,146.5000,,0.063,0,44.75,32.58
2483.28,steptest,146.4375,,0.063,0,44.75,33.01
2483.53,steptest,146.4375,,0.063,0,44.75,32.58
2483.78,steptest,146.4375,,0.063,0,44.75,33.00
2484.03,steptest,146.5000,,0.063,0,44.81,33.22
2484.28,steptest,146.4375,,0.063,0,44.81,32.58
2484.53,steptest,146.4375,,0.063,0,44.75,32.15
2484.78,steptest,146.3750,,0.063,0,44.75,32.80
2485.03,steptest,146.3750,,0.063,0,44.81,32.79
2485.28,steptest,146.3125,,0.063,0,44.75,33.01
2485.53,steptest,146.3750,,0.063,0,44.81,33.01
2485.78,steptest,146.3750,,0.063,0,44.81,32.58
2486.03,steptest,146.3750,,0.063,0,44.81,33.44
2486.28,steptest,146.3125,,0.063,0,44.75,33.22
2486.53,steptest,146.3750,,0.063,0,44.88,32.79
2486.78,steptest,146.3750,,0.063,0,44.88,32.58
2487.03,steptest,146.2500,,0.063,0,44.81,33.01
2487.28,steptest,146.2500,,0.063,0,44.81,32.58
2487.53,steptest,146.1875,,0.063,0,44.81,32.58
2487.78,steptest,146.1875,,0.063,0,44.81,33.01
2488.03,steptest,146.1875,,0.063,0,44.81,33.22
2488.28,steptest,146.1875,,0.063,0,44.81,33.01
2488.53,steptest,146.2500,,0.063,0,44.88,32.79
2488.78,steptest,146.2500,,0.063,0,44.81,32.79
2489.03,steptest,146.1250,,0.063,0,44.81,33.01
2489.28,steptest,146.0625,,0.063,0,44.81,33.22
2489.53,steptest,146.1250,,0.063,0,44.88,32.37
2489.78,steptest,146.1250,,0.063,0,44.88,33.01
2490.03,steptest,146.0625,,0.063,0,44.88,33.01
2490.28,steptest,146.0625,,0.063,0,44.88,32.79
2490.53,steptest,146.0000,,0.063,0,44.88,33.01
2490.78,steptest,145.9375,,0.063,0,44.88,32.79
2491.03,steptest,145.9375,,0.063,0,44.88,32.79
2491.28,steptest,145.9375,,0.063,0,44.88,32.58
2491.53,steptest,145.9375,,0.063,0,44.94,33.01
2491.78,steptest,145.8125,,0.063,0,44.88,32.79
2492.03,steptest,145.8125,,0.063,0,44.88,32.79
2492.28,steptest,145.8125,,0.063,0,44.88,32.79
2492.53,steptest,145.7500,,0.063,0,44.88,32.58
2492.78,steptest,145.6875,,0.063,0,44.88,32.59
2493.03,steptest,145.6875,,0.063,0,44.88,33.01
2493.28,steptest,145.6875,,0.063,0,44.88,32.79
2493.53,steptest,145.6875,,0.063,0,44.94,33.43
2493.78,steptest,145.6875,,0.063,0,44.94,33.22
2494.03,steptest,145.6875,,0.063,0,44.88,32.58
2494.28,steptest,145.5625,,0.063,0,44.88,32.79
2494.53,steptest,145.5000,,0.063,0,44.88,32.80
2494.78,steptest,145.5625,,0.063,0,44.94,32.79
2495.03,steptest,145.3750,,0.063,0,44.88,33.01
2495.28,steptest,145.3750,,0.063,0,44.88,32.79
2495.53,steptest,145.4375,,0.063,0,44.94,33.22
2495.78,steptest,145.3750,,0.063,0,44.94,32.58
2496.03,steptest,145.2500,,0.063,0,44.88,33.65
2496.28,steptest,145.2500,,0.063,0,44.88,33.22
2496.53,steptest,145.2500,,0.063,0,44.94,32.79
2496.78,steptest,145.1875,,0.063,0,44.88,33.00
2497.03,steptest,145.1875,,0.063,0,44.94,32.37
2497.28,steptest,145.1875,,0.063,0,44.94,32.79
2497.53,steptest,145.0625,,0.063,0,44.94,32.80
2497.78,steptest,145.0625,,0.063,0,44.94,33.43
2498.03,steptest,145.0625,,0.063,0,45.00,33.01
2498.28,steptest,145.0625,,0.063,0,44.94,32.79
2498.53,steptest,144.9375,,0.063,0,44.94,32.79
2498.78,steptest,144.9375,,0.063,0,44.94,32.79
2499.03,steptest,144.8750,,0.063,0,45.00,32.58
2499.28,steptest,144.8750,,0.063,0,45.00,33.01
2499.53,steptest,144.8750,,0.063,0,45.00,33.44
2499.78,steptest,144.8125,,0.063,0,44.94,33.22
2500.03,steptest,144.7500,,0.063,0,45.00,32.58
2500.28,steptest,144.6875,,0.063,0,45.00,32.79
2500.53,steptest,144.6875,,0.063,0,45.00,32.79
2500.78,steptest,144.6250,,0.063,0,45.00,33.65
2501.03,steptest,144.5000,,0.063,0,44.94,32.79
2501.28,steptest,144.5000,,0.063,0,45.00,32.58
2501.53,steptest,144.5000,,0.063,0,45.00,32.36
2501.78,steptest,144.4375,,0.063,0,45.00,33.22
2502.03,steptest,144.4375,,0.063,0,45.00,32.58
2502.28,steptest,144.3125,,0.063,0,45.00,32.79
2502.53,steptest,144.3125,,0.063,0,45.00,33.01
2502.78,steptest,144.2500,,0.063,0,45.00,33.22
2503.03,steptest,144.2500,,0.063,0,45.00,32.58
2503.28,steptest,144.1875,,0.063,0,45.00,33.01
2503.53,steptest,144.1875,,0.063,0,45.00,33.00
2503.78,steptest,144.0625,,0.063,0,45.00,32.36
2504.03,steptest,144.0000,,0.063,0,45.00,32.16
2504.28,steptest,144.0625,,0.063,0,45.06,32.79
2504.53,steptest,144.0625,,0.063,0,45.00,32.15
2504.78,steptest,143.8750,,0.063,0,45.00,33.23
2505.03,steptest,143.8750,,0.063,0,45.06,32.58
2505.28,steptest,143.7500,,0.063,0,45.00,32.58
2505.53,steptest,143.7500,,0.063,0,45.06,32.80
2505.78,steptest,143.7500,,0.063,0,45.06,33.01
2506.03,steptest,143.6875,,0.063,0,45.06,32.79
2506.28,steptest,143.6250,,0.063,0,45.06,32.79
2506.53,steptest,143.5625,,0.063,0,45.06,32.37
2506.78,steptest,143.5625,,0.063,0,45.06,32.58
2507.03,steptest,143.5625,,0.063,0,45.06,32.80
2507.28,steptest,143.4375,,0.063,0,45.06,32.79
2507.53,steptest,143.4375,,0.063,0,45.06,33.22
2507.78,steptest,143.4375,,0.063,0,45.06,33.01
2508.03,steptest,143.3750,,0.063,0,45.06,33.22
2508.28,steptest,143.2500,,0.063,0,45.06,33.01
2508.53,steptest,143.2500,,0.063,0,45.06,32.36
2508.78,steptest,143.2500,,0.063,0,45.06,32.80
2509.03,steptest,143.1250,,0.063,0,45.06,32.58
2509.28,steptest,143.0625,,0.063,0,45.06,32.16
2509.53,steptest,143.0000,,0.063,0,45.06,32.79
2509.78,steptest,142.9375,,0.063,0,45.06,33.01
2510.03,steptest,142.9375,,0.063,0,45.06,32.79
2510.28,steptest,142.9375,,0.063,0,45.13,33.01
2510.53,steptest,142.7500,,0.063,0,45.06,33.01
2510.78,steptest,142.8125,,0.063,0,45.13,33.22
2511.03,steptest,142.8125,,0.063,0,45.13,33.00
2511.28,steptest,142.7500,,0.063,0,45.13,32.80
2511.53,steptest,142.6250,,0.063,0,45.13,33.22
2511.78,steptest,142.6250,,0.063,0,45.13,33.01
2512.03,steptest,142.6250,,0.063,0,45.13,33.43
2512.28,steptest,142.5000,,0.063,0,45.13,33.22
2512.53,steptest,142.4375,,0.063,0,45.13,33.43
2512.78,steptest,142.5000,,0.063,0,45.19,33.01
2513.03,steptest,142.5000,,0.063,0,45.13,33.01
2513.28,steptest,142.3125,,0.063,0,45.13,33.01
2513.53,steptest,142.2500,,0.063,0,45.13,33.01
2513.78,steptest,142.1875,,0.063,0,45.13,32.15
2514.03,steptest,142.1875,,0.063,0,45.13,33.22
2514.28,steptest,142.0625,,0.063,0,45.13,33.22
2514.53,steptest,142.0625,,0.063,0,45.19,32.79
2514.78,steptest,142.0000,,0.063,0,45.13,33.23
2515.03,steptest,142.0000,,0.063,0,45.19,32.37
2515.28,steptest,142.0000,,0.063,0,45.19,33.22
2515.53,steptest,141.8750,,0.063,0,45.19,32.58
2515.78,steptest,141.7500,,0.063,0,45.13,32.79
2516.03,steptest,141.6875,,0.063,0,45.19,33.22
2516.28,steptest,141.6875,,0.063,0,45.19,32.79
2516.53,steptest,141.6250,,0.063,0,45.19,32.79
2516.78,steptest,141.6250,,0.063,0,45.19,32.79
2517.03,steptest,141.5000,,0.063,0,45.19,32.79
2517.28,steptest,141.5000,,0.063,0,45.19,32.79
2517.53,steptest,141.4375,,0.063,0,45.19,32.79
2517.78,steptest,141.4375,,0.063,0,45.25,33.01
2518.03,steptest,141.3125,,0.063,0,45.19,32.58
2518.28,steptest,141.3125,,0.063,0,45.25,32.58
2518.53,steptest,141.3125,,0.063,0,45.25,32.58
2518.78,steptest,141.1875,,0.063,0,45.19,32.58
2519.03,steptest,141.0625,,0.063,0,45.19,33.22
2519.28,steptest,141.0625,,0.063,0,45.25,33.22
2519.53,steptest,141.0625,,0.063,0,45.25,32.79
2519.78,steptest,141.0000,,0.063,0,45.25,32.79
2520.03,steptest,140.9375,,0.063,0,45.25,32.15
2520.28,steptest,140.8125,,0.063,0,45.19,32.79
2520.53,steptest,140.8125,,0.063,0,45.19,32.15
2520.78,steptest,140.8125,,0.063,0,45.25,33.22
2521.03,steptest,140.6875,,0.063,0,45.25,32.58
2521.28,steptest,140.6250,,0.063,0,45.25,33.01
2521.53,steptest,140.6250,,0.063,0,45.25,32.80
2521.78,steptest,140.5625,,0.063,0,45.25,33.22
2522.03,steptest,140.4375,,0.063,0,45.25,33.01
2522.28,steptest,140.4375,,0.063,0,45.25,33.01
2522.53,steptest,140.4375,,0.063,0,45.25,33.23
2522.78,steptest,140.3125,,0.063,0,45.25,32.37
2523.03,steptest,140.2500,,0.063,0,45.25,33.65
2523.28,steptest,140.1875,,0.063,0,45.25,33.01
2523.53,steptest,140.1875,,0.063,0,45.25,32.58
2523.78,steptest,140.0625,,0.063,0,45.25,32.79
2524.03,steptest,140.0000,,0.063,0,45.25,32.58
2524.28,steptest,140.0625,,0.063,0,45.31,33.01
2524.53,steptest,140.0625,,0.063,0,45.25,33.43
2524.78,steptest,139.9375,,0.063,0,45.25,32.79
2525.03,steptest,139.8750,,0.063,0,45.31,33.01
2525.28,steptest,139.7500,,0.063,0,45.25,32.37
2525.53,steptest,139.7500,,0.063,0,45.31,32.79
2525.78,steptest,139.7500,,0.063,0,45.31,32.58
2526.03,steptest,139.5625,,0.063,0,45.25,32.79
2526.28,steptest,139.5625,,0.063,0,45.31,33.01
2526.53,steptest,139.4375,,0.063,0,45.25,32.79
2526.78,steptest,139.4375,,0.063,0,45.25,33.01
2527.03,steptest,139.4375,,0.063,0,45.31,33.01
2527.28,steptest,139.3750,,0.063,0,45.31,33.22
2527.53,steptest,139.2500,,0.063,0,45.31,32.79
2527.78,steptest,139.2500,,0.063,0,45.31,32.58
2528.03,steptest,139.1875,,0.063,0,45.31,33.00
2528.28,steptest,139.1875,,0.063,0,45.31,33.01
2528.53,steptest,138.9375,,0.063,0,45.25,33.01
2528.78,steptest,138.9375,,0.063,0,45.25,32.79
2529.03,steptest,138.9375,,0.063,0,45.25,32.79
2529.28,steptest,138.8125,,0.063,0,45.31,32.58
2529.53,steptest,138.8125,,0.063,0,45.31,32.79
# step climb to 195C: duty 1.000, ceiling 182 C, 600 s
2529.78,steptest,138.8125,,1.000,0,45.38,33.22
2530.03,steptest,138.8125,,1.000,1,45.38,33.01
2530.28,steptest,138.6875,,1.000,1,45.31,33.22
2530.53,steptest,138.6250,,1.000,1,45.31,32.79
2530.78,steptest,138.5625,,1.000,1,45.31,33.44
2531.03,steptest,138.5625,,1.000,1,45.31,33.01
2531.28,steptest,138.5000,,1.000,1,45.31,32.58
2531.53,steptest,138.3750,,1.000,1,45.31,33.01
2531.78,steptest,138.3125,,1.000,1,45.31,32.79
2532.03,steptest,138.3125,,1.000,1,45.31,32.79
2532.28,steptest,138.2500,,1.000,1,45.31,32.37
2532.53,steptest,138.2500,,1.000,1,45.38,33.01
2532.78,steptest,138.1250,,1.000,1,45.31,33.22
2533.03,steptest,138.1250,,1.000,1,45.31,33.01
2533.28,steptest,138.1875,,1.000,1,45.38,33.01
2533.53,steptest,138.0625,,1.000,1,45.31,33.00
2533.78,steptest,138.0625,,1.000,1,45.38,32.79
2534.03,steptest,138.0625,,1.000,1,45.38,32.58
2534.28,steptest,138.0000,,1.000,1,45.38,33.43
2534.53,steptest,138.0000,,1.000,1,45.38,32.80
2534.78,steptest,138.0625,,1.000,1,45.44,33.01
2535.03,steptest,138.0625,,1.000,1,45.38,33.01
2535.28,steptest,138.0000,,1.000,1,45.38,32.36
2535.53,steptest,138.0000,,1.000,1,45.38,33.01
2535.78,steptest,138.0000,,1.000,1,45.38,33.01
2536.03,steptest,138.0625,,1.000,1,45.44,32.79
2536.28,steptest,138.0625,,1.000,1,45.44,32.58
2536.53,steptest,138.0000,,1.000,1,45.38,32.58
2536.78,steptest,138.0625,,1.000,1,45.44,32.15
2537.03,steptest,138.0000,,1.000,1,45.38,32.79
2537.28,steptest,138.0000,,1.000,1,45.38,33.43
2537.53,steptest,138.0625,,1.000,1,45.38,33.22
2537.78,steptest,138.1875,,1.000,1,45.44,32.80
2538.03,steptest,138.1875,,1.000,1,45.44,32.79
2538.28,steptest,138.1875,,1.000,1,45.44,33.01
2538.53,steptest,138.2500,,1.000,1,45.38,33.01
2538.78,steptest,138.3125,,1.000,1,45.38,33.01
2539.03,steptest,138.5000,,1.000,1,45.44,33.22
2539.28,steptest,138.5000,,1.000,1,45.44,33.01
2539.53,steptest,138.5000,,1.000,1,45.44,32.58
2539.78,steptest,138.5625,,1.000,1,45.38,32.37
2540.03,steptest,138.6250,,1.000,1,45.38,33.01
2540.28,steptest,138.6250,,1.000,1,45.44,33.00
2540.53,steptest,138.8125,,1.000,1,45.44,32.58
2540.78,steptest,139.0000,,1.000,1,45.44,32.80
2541.03,steptest,139.1875,,1.000,1,45.50,32.58
2541.28,steptest,139.3125,,1.000,1,45.44,33.02
2541.53,steptest,139.3125,,1.000,1,45.44,32.58
2541.78,steptest,139.3750,,1.000,1,45.44,32.58
2542.03,steptest,139.6250,,1.000,1,45.50,32.58
2542.28,steptest,139.7500,,1.000,1,45.44,33.01
2542.53,steptest,139.7500,,1.000,1,45.44,33.44
2542.78,steptest,139.9375,,1.000,1,45.50,33.01
2543.03,steptest,140.0000,,1.000,1,45.44,32.80
2543.28,steptest,140.3125,,1.000,1,45.50,32.37
2543.53,steptest,140.3125,,1.000,1,45.50,33.01
2543.78,steptest,140.4375,,1.000,1,45.50,33.22
2544.03,steptest,140.6250,,1.000,1,45.44,32.58
2544.28,steptest,140.8750,,1.000,1,45.50,33.00
2544.53,steptest,140.8750,,1.000,1,45.50,33.22
2544.78,steptest,141.1875,,1.000,1,45.50,33.01
2545.03,steptest,141.3125,,1.000,1,45.50,33.01
2545.28,steptest,141.5000,,1.000,1,45.50,32.79
2545.53,steptest,141.5000,,1.000,1,45.56,33.01
2545.78,steptest,141.8750,,1.000,1,45.56,32.36
2546.03,steptest,141.9375,,1.000,1,45.44,32.58
2546.28,steptest,142.3750,,1.000,1,45.50,33.01
2546.53,steptest,142.5625,,1.000,1,45.50,32.58
2546.78,steptest,142.5625,,1.000,1,45.50,32.58
2547.03,steptest,142.6875,,1.000,1,45.50,32.58
2547.28,steptest,143.0625,,1.000,1,45.50,32.58
2547.53,steptest,143.2500,,1.000,1,45.50,33.01
2547.78,steptest,143.2500,,1.000,1,45.50,33.01
2548.03,steptest,143.6875,,1.000,1,45.50,32.79
2548.28,steptest,143.9375,,1.000,1,45.56,33.22
2548.53,steptest,144.1250,,1.000,1,45.56,33.65
2548.78,steptest,144.1250,,1.000,1,45.56,33.23
2549.03,steptest,144.5000,,1.000,1,45.50,32.79
2549.28,steptest,144.7500,,1.000,1,45.56,33.01
2549.53,steptest,145.1250,,1.000,1,45.50,32.79
2549.78,steptest,145.1250,,1.000,1,45.56,32.79
2550.03,steptest,145.3750,,1.000,1,45.56,33.00
2550.28,steptest,145.6250,,1.000,1,45.56,32.58
2550.53,steptest,146.0625,,1.000,1,45.56,33.01
2550.78,steptest,146.0625,,1.000,1,45.50,33.22
2551.03,steptest,146.1875,,1.000,1,45.50,32.79
2551.28,steptest,146.7500,,1.000,1,45.56,33.22
2551.53,steptest,146.9375,,1.000,1,45.56,32.79
2551.78,steptest,147.1875,,1.000,1,45.56,33.22
2552.03,steptest,147.1875,,1.000,1,45.56,33.22
2552.28,steptest,147.6250,,1.000,1,45.56,32.58
2552.53,steptest,147.9375,,1.000,1,45.63,32.58
2552.78,steptest,148.3750,,1.000,1,45.56,32.37
2553.03,steptest,148.3750,,1.000,1,45.56,33.22
2553.28,steptest,148.6250,,1.000,1,45.56,32.78
2553.53,steptest,148.9375,,1.000,1,45.63,33.00
2553.78,steptest,149.4375,,1.000,1,45.63,33.01
2554.03,steptest,149.4375,,1.000,1,45.63,32.79
2554.28,steptest,149.6250,,1.000,1,45.56,32.80
2554.53,steptest,150.1875,,1.000,1,45.63,32.58
2554.78,steptest,150.5000,,1.000,1,45.63,32.80
2555.03,steptest,150.5000,,1.000,1,45.63,33.44
2555.28,steptest,150.7500,,1.000,1,45.63,33.65
2555.53,steptest,151.2500,,1.000,1,45.69,33.01
2555.78,steptest,151.4375,,1.000,1,45.56,33.01
2556.03,steptest,151.4375,,1.000,1,45.63,32.36
2556.28,steptest,152.0000,,1.000,1,45.63,33.22
2556.53,steptest,152.2500,,1.000,1,45.63,32.80
2556.78,steptest,152.5625,,1.000,1,45.63,32.37
2557.03,steptest,153.0625,,1.000,1,45.56,32.58
2557.28,steptest,153.0625,,1.000,1,45.56,33.01
2557.53,steptest,153.3750,,1.000,1,45.63,32.59
2557.78,steptest,153.9375,,1.000,1,45.63,33.22
2558.03,steptest,154.1875,,1.000,1,45.63,33.01
2558.28,steptest,154.1875,,1.000,1,45.63,32.79
2558.53,steptest,154.4375,,1.000,1,45.63,33.23
2558.78,steptest,155.0625,,1.000,1,45.63,32.37
2559.03,steptest,155.3750,,1.000,1,45.69,32.79
2559.28,steptest,155.3750,,1.000,1,45.69,33.00
2559.53,steptest,155.9375,,1.000,1,45.69,32.58
2559.78,steptest,156.1875,,1.000,1,45.63,33.23
2560.03,steptest,156.4375,,1.000,1,45.63,33.22
2560.28,steptest,156.4375,,1.000,1,45.69,33.22
2560.53,steptest,157.1250,,1.000,1,45.69,32.80
2560.78,steptest,157.3750,,1.000,1,45.69,32.37
2561.03,steptest,157.8750,,1.000,1,45.63,33.01
2561.28,steptest,157.8750,,1.000,1,45.63,32.80
2561.53,steptest,158.1875,,1.000,1,45.63,32.79
2561.78,steptest,158.5000,,1.000,1,45.69,32.58
2562.03,steptest,159.1250,,1.000,1,45.69,32.79
2562.28,steptest,159.3750,,1.000,1,45.69,32.80
2562.53,steptest,159.3750,,1.000,1,45.69,32.79
2562.78,steptest,160.0000,,1.000,1,45.69,32.79
2563.03,steptest,160.3125,,1.000,1,45.69,33.01
2563.28,steptest,160.6250,,1.000,1,45.69,32.80
2563.53,steptest,160.6250,,1.000,1,45.69,32.58
2563.78,steptest,161.1875,,1.000,1,45.69,33.22
2564.03,steptest,161.5000,,1.000,1,45.69,32.79
2564.28,steptest,162.1250,,1.000,1,45.75,33.01
2564.53,steptest,162.1250,,1.000,1,45.75,32.79
2564.78,steptest,162.4375,,1.000,1,45.75,32.79
2565.03,steptest,162.8125,,1.000,1,45.75,32.79
2565.28,steptest,163.3125,,1.000,1,45.69,33.22
2565.53,steptest,163.3125,,1.000,1,45.75,33.01
2565.78,steptest,163.6875,,1.000,1,45.75,33.01
2566.03,steptest,164.2500,,1.000,1,45.75,33.86
2566.28,steptest,164.5625,,1.000,1,45.75,32.79
2566.53,steptest,164.5625,,1.000,1,45.75,33.00
2566.78,steptest,164.8750,,1.000,1,45.75,32.79
2567.03,steptest,165.3750,,1.000,1,45.69,32.79
2567.28,steptest,165.7500,,1.000,1,45.75,33.01
2567.53,steptest,166.3750,,1.000,1,45.75,32.79
2567.78,steptest,166.3750,,1.000,1,45.75,32.79
2568.03,steptest,166.7500,,1.000,1,45.81,32.58
2568.28,steptest,167.0000,,1.000,1,45.75,32.58
2568.53,steptest,167.6875,,1.000,1,45.81,32.58
2568.78,steptest,167.6875,,1.000,1,45.81,33.01
2569.03,steptest,167.9375,,1.000,1,45.75,33.43
2569.28,steptest,168.5625,,1.000,1,45.81,33.22
2569.53,steptest,168.9375,,1.000,1,45.81,32.79
2569.78,steptest,168.9375,,1.000,1,45.81,33.01
2570.03,steptest,169.1250,,1.000,1,45.75,32.58
2570.28,steptest,169.7500,,1.000,1,45.75,33.01
2570.53,steptest,170.1250,,1.000,1,45.81,32.79
2570.78,steptest,170.1250,,1.000,1,45.75,32.58
2571.03,steptest,170.6875,,1.000,1,45.75,32.79
2571.28,steptest,171.0000,,1.000,1,45.81,32.79
2571.53,steptest,171.6250,,1.000,1,45.81,33.01
2571.78,steptest,171.6250,,1.000,1,45.88,32.80
2572.03,steptest,172.0000,,1.000,1,45.88,32.79
2572.28,steptest,172.2500,,1.000,1,45.81,32.36
2572.53,steptest,172.8750,,1.000,1,45.81,32.79
2572.78,steptest,173.1875,,1.000,1,45.81,32.79
2573.03,steptest,173.1875,,1.000,1,45.81,32.58
2573.28,steptest,173.7500,,1.000,1,45.81,32.58
2573.53,steptest,174.1875,,1.000,1,45.88,33.00
2573.78,steptest,174.4375,,1.000,1,45.88,32.79
2574.03,steptest,174.4375,,1.000,1,45.88,32.79
2574.28,steptest,175.0625,,1.000,1,45.88,32.79
2574.53,steptest,175.3750,,1.000,1,45.88,32.58
2574.78,steptest,175.9375,,1.000,1,45.81,32.37
2575.03,steptest,175.9375,,1.000,1,45.81,32.59
2575.28,steptest,176.3125,,1.000,1,45.88,33.22
2575.53,steptest,176.6250,,1.000,1,45.88,32.79
2575.78,steptest,177.3125,,1.000,1,45.94,32.80
2576.03,steptest,177.3125,,1.000,1,45.88,33.22
2576.28,steptest,177.5000,,1.000,1,45.88,33.01
2576.53,steptest,178.1250,,1.000,1,45.88,33.22
2576.78,steptest,178.5000,,1.000,1,45.94,33.01
2577.03,steptest,178.5000,,1.000,1,45.88,32.79
2577.28,steptest,178.7500,,1.000,1,45.88,32.58
2577.53,steptest,179.3750,,1.000,1,45.94,33.01
2577.78,steptest,179.6875,,1.000,1,45.88,33.22
2578.03,steptest,180.3125,,1.000,1,45.94,33.01
2578.28,steptest,180.3125,,1.000,1,45.94,33.22
2578.53,steptest,180.6250,,1.000,1,45.94,33.00
2578.78,steptest,180.9375,,1.000,1,45.94,33.01
2579.03,steptest,181.5625,,0.000,1,45.94,32.58
# step 195C settle: duty 0.433, ceiling 215 C, 180 s
2579.28,steptest,181.5625,,0.433,1,45.94,32.79
2579.69,steptest,182.4375,,0.433,1,45.94,33.43
2579.94,steptest,182.4375,,0.433,1,45.94,32.37
2580.19,steptest,182.7500,,0.433,1,45.94,33.01
2580.44,steptest,183.0000,,0.433,1,45.94,33.23
2580.69,steptest,183.6875,,0.433,1,46.00,33.44
2580.94,steptest,183.6875,,0.433,1,46.00,33.22
2581.19,steptest,184.0000,,0.433,1,46.00,32.80
2581.44,steptest,184.5000,,0.433,1,45.94,33.01
2581.69,steptest,184.8750,,0.433,1,46.00,32.58
2581.94,steptest,184.8750,,0.433,1,46.00,32.36
2582.19,steptest,185.1250,,0.433,1,46.00,33.00
2582.44,steptest,185.6875,,0.433,1,45.94,33.22
2582.69,steptest,186.0625,,0.433,1,46.00,33.22
2582.94,steptest,186.0625,,0.433,1,46.00,33.22
2583.19,steptest,186.6250,,0.433,1,46.00,33.65
2583.44,steptest,186.9375,,0.433,1,46.00,33.01
2583.69,steptest,187.2500,,0.433,1,46.00,33.01
2583.94,steptest,187.8125,,0.433,0,46.00,32.58
2584.19,steptest,187.8125,,0.433,0,46.00,32.79
2584.44,steptest,188.1250,,0.433,0,46.00,32.79
2584.69,steptest,188.6250,,0.433,0,46.00,33.01
2584.94,steptest,188.8750,,0.433,0,46.00,33.01
2585.19,steptest,188.8750,,0.433,0,46.00,33.01
2585.44,steptest,189.0625,,0.433,0,46.00,33.22
2585.69,steptest,189.3750,,0.433,0,46.00,32.80
2585.94,steptest,189.6250,,0.433,0,46.06,32.79
2586.19,steptest,189.6250,,0.433,1,46.06,32.58
2586.44,steptest,189.8125,,0.433,1,46.00,32.37
2586.69,steptest,190.0625,,0.433,1,46.06,32.79
2586.94,steptest,190.1250,,0.433,1,46.06,33.01
2587.19,steptest,190.1250,,0.433,1,46.00,33.01
2587.44,steptest,190.3750,,0.433,1,46.00,33.01
2587.69,steptest,190.5625,,0.433,1,46.06,32.80
2587.94,steptest,190.8750,,0.433,0,46.00,32.79
2588.19,steptest,190.8750,,0.433,0,46.06,32.79
2588.44,steptest,191.0625,,0.433,0,46.06,33.00
2588.69,steptest,191.2500,,0.433,0,46.06,32.58
2588.94,steptest,191.5000,,0.433,0,46.06,33.01
2589.19,steptest,191.7500,,0.433,0,46.13,32.58
2589.44,steptest,191.7500,,0.433,0,46.13,32.80
2589.69,steptest,191.8750,,0.433,0,46.06,33.22
2589.94,steptest,192.0625,,0.433,0,46.13,32.58
2590.19,steptest,192.0625,,0.433,1,46.06,33.22
2590.44,steptest,192.0625,,0.433,1,46.06,33.22
2590.69,steptest,191.9375,,0.433,1,46.06,33.22
2590.94,steptest,192.3750,,0.433,1,46.13,33.22
2591.19,steptest,192.5625,,0.433,1,46.13,33.00
2591.44,steptest,192.5625,,0.433,1,46.13,33.01
2591.69,steptest,192.6250,,0.433,1,46.13,32.58
2591.94,steptest,192.7500,,0.433,0,46.13,33.01
2592.19,steptest,192.9375,,0.433,0,46.13,33.01
2592.44,steptest,192.9375,,0.433,0,46.13,32.79
2592.69,steptest,193.0625,,0.433,0,46.13,33.43
2592.94,steptest,193.3125,,0.433,0,46.19,33.43
2593.19,steptest,193.4375,,0.433,0,46.19,33.01
2593.44,steptest,193.4375,,0.433,0,46.13,33.01
2593.69,steptest,193.5000,,0.433,0,46.13,33.22
2593.94,steptest,193.5625,,0.433,0,46.13,32.15
2594.19,steptest,193.6875,,0.433,1,46.19,32.37
2594.44,steptest,193.4375,,0.433,1,46.13,33.01
2594.69,steptest,193.4375,,0.433,1,46.13,33.23
2594.94,steptest,193.8125,,0.433,1,46.19,33.01
2595.19,steptest,193.9375,,0.433,1,46.19,32.58
2595.44,steptest,193.9375,,0.433,1,46.13,33.22
2595.69,steptest,193.9375,,0.433,1,46.13,32.79
2595.94,steptest,194.1250,,0.433,0,46.19,32.58
2596.19,steptest,194.2500,,0.433,0,46.19,32.37
2596.44,steptest,194.3125,,0.433,0,46.19,33.44
2596.69,steptest,194.3125,,0.433,0,46.19,32.58
2596.94,steptest,194.4375,,0.433,0,46.19,32.79
2597.19,steptest,194.5625,,0.433,0,46.25,33.43
2597.44,steptest,194.6875,,0.433,0,46.25,32.79
2597.69,steptest,194.6875,,0.433,0,46.25,32.58
2597.94,steptest,194.7500,,0.433,0,46.25,33.22
2598.19,steptest,194.6875,,0.433,1,46.19,32.37
2598.44,steptest,194.8125,,0.433,1,46.25,32.58
2598.69,steptest,194.8125,,0.433,1,46.25,32.59
2598.94,steptest,194.8750,,0.433,1,46.25,33.01
2599.19,steptest,194.9375,,0.433,1,46.31,32.79
2599.44,steptest,195.0000,,0.433,1,46.31,33.22
2599.69,steptest,195.0000,,0.433,1,46.25,33.22
2599.94,steptest,195.0000,,0.433,0,46.25,33.22
2600.19,steptest,195.1875,,0.433,0,46.25,33.43
2600.44,steptest,195.1875,,0.433,0,46.25,33.22
2600.69,steptest,195.3125,,0.433,0,46.31,32.79
2600.94,steptest,195.3125,,0.433,0,46.31,32.80
2601.19,steptest,195.3125,,0.433,0,46.25,33.01
2601.44,steptest,195.4375,,0.433,0,46.31,33.01
2601.69,steptest,195.5000,,0.433,0,46.31,32.58
2601.94,steptest,195.5000,,0.433,0,46.31,32.37
2602.19,steptest,195.5000,,0.433,1,46.31,33.01
2602.44,steptest,195.5000,,0.433,1,46.31,32.80
2602.69,steptest,195.6250,,0.433,1,46.38,32.58
2602.94,steptest,195.6250,,0.433,1,46.38,32.79
2603.19,steptest,195.6250,,0.433,1,46.38,33.01
2603.44,steptest,195.6875,,0.433,1,46.38,33.01
2603.69,steptest,195.6875,,0.433,1,46.38,33.01
2603.94,steptest,195.6875,,0.433,0,46.38,33.21
2604.19,steptest,195.8125,,0.433,0,46.38,32.80
2604.44,steptest,195.8125,,0.433,0,46.38,33.44
2604.69,steptest,195.8750,,0.433,0,46.38,33.01
2604.94,steptest,196.0000,,0.433,0,46.38,33.22
2605.19,steptest,196.0000,,0.433,0,46.38,33.44
2605.44,steptest,196.0000,,0.433,0,46.38,33.22
2605.69,steptest,196.0000,,0.433,0,46.38,32.36
2605.94,steptest,196.1250,,0.433,0,46.44,32.59
2606.19,steptest,196.1250,,0.433,1,46.44,33.01
2606.44,steptest,196.1250,,0.433,1,46.44,32.58
2606.69,steptest,196.1250,,0.433,1,46.44,33.01
2606.94,steptest,196.1250,,0.433,1,46.44,33.22
2607.19,steptest,196.1250,,0.433,1,46.44,32.58
2607.44,steptest,196.1250,,0.433,1,46.44,33.22
2607.69,steptest,196.1250,,0.433,1,46.44,32.58
2607.94,steptest,196.1875,,0.433,0,46.44,32.79
2608.19,steptest,196.1875,,0.433,0,46.44,32.79
2608.44,steptest,196.2500,,0.433,0,46.44,33.43
2608.69,steptest,196.3750,,0.433,0,46.50,32.58
2608.94,steptest,196.3125,,0.433,0,46.44,33.00
2609.19,steptest,196.3125,,0.433,0,46.44,33.01
2609.44,steptest,196.3125,,0.433,0,46.44,33.01
2609.69,steptest,196.4375,,0.433,0,46.50,33.22
2609.94,steptest,196.4375,,0.433,0,46.50,33.01
2610.19,steptest,196.3750,,0.433,1,46.50,32.79
2610.44,steptest,196.3750,,0.433,1,46.50,33.22
2610.69,steptest,196.4375,,0.433,1,46.50,32.58
2610.94,steptest,196.4375,,0.433,1,46.50,32.58
2611.19,steptest,196.5000,,0.433,1,46.56,33.44
2611.44,steptest,196.5000,,0.433,1,46.56,32.36
2611.69,steptest,196.5625,,0.433,1,46.56,33.22
2611.94,steptest,196.5625,,0.433,0,46.50,32.79
2612.19,steptest,196.6250,,0.433,0,46.56,33.00
2612.44,steptest,196.6250,,0.433,0,46.56,33.22
2612.69,steptest,196.6875,,0.433,0,46.56,33.00
2612.94,steptest,196.7500,,0.433,0,46.63,32.79
2613.19,steptest,196.7500,,0.433,0,46.63,33.00
2613.44,steptest,196.7500,,0.433,0,46.56,33.22
2613.69,steptest,196.7500,,0.433,0,46.56,32.37
2613.94,steptest,196.7500,,0.433,0,46.56,32.58
2614.19,steptest,196.7500,,0.433,1,46.63,33.65
2614.44,steptest,196.7500,,0.433,1,46.63,33.01
2614.69,steptest,196.7500,,0.433,1,46.63,33.01
2614.94,steptest,196.7500,,0.433,1,46.63,33.22
2615.19,steptest,196.7500,,0.433,1,46.63,32.79
2615.44,steptest,196.7500,,0.433,1,46.63,32.80
2615.69,steptest,196.7500,,0.433,1,46.63,33.01
2615.94,steptest,196.8125,,0.433,0,46.63,33.00
2616.19,steptest,196.8750,,0.433,0,46.63,32.79
2616.44,steptest,196.9375,,0.433,0,46.63,32.58
2616.69,steptest,196.9375,,0.433,0,46.63,32.36
2616.94,steptest,196.9375,,0.433,0,46.63,32.58
2617.19,steptest,197.0000,,0.433,0,46.69,33.44
2617.44,steptest,197.0625,,0.433,0,46.69,33.22
2617.69,steptest,197.0625,,0.433,0,46.69,33.00
2617.94,steptest,197.0000,,0.433,0,46.69,32.58
2618.19,steptest,197.0000,,0.433,1,46.69,33.44
2618.44,steptest,197.0000,,0.433,1,46.69,33.01
2618.69,steptest,197.0000,,0.433,1,46.69,32.79
2618.94,steptest,197.0625,,0.433,1,46.69,33.43
2619.19,steptest,197.0625,,0.433,1,46.75,33.00
2619.44,steptest,197.0000,,0.433,1,46.69,33.01
2619.69,steptest,197.0625,,0.433,1,46.69,32.79
2619.94,steptest,197.0625,,0.433,0,46.69,32.58
2620.19,steptest,197.1250,,0.433,0,46.75,33.01
2620.44,steptest,197.0625,,0.433,0,46.69,33.23
2620.69,steptest,197.1250,,0.433,0,46.69,32.58
2620.94,steptest,197.1250,,0.433,0,46.69,32.79
2621.19,steptest,197.1875,,0.433,0,46.75,32.79
2621.44,steptest,197.1875,,0.433,0,46.75,32.79
2621.69,steptest,197.1875,,0.433,0,46.75,33.43
2621.94,steptest,197.1875,,0.433,0,46.75,33.22
2622.19,steptest,197.1875,,0.433,1,46.75,33.66
2622.44,steptest,197.1250,,0.433,1,46.75,32.79
2622.69,steptest,197.1875,,0.433,1,46.75,32.58
2622.94,steptest,197.1875,,0.433,1,46.75,32.79
2623.19,steptest,197.1250,,0.433,1,46.75,32.58
2623.44,steptest,197.1875,,0.433,1,46.81,32.58
2623.69,steptest,197.2500,,0.433,1,46.81,33.01
2623.94,steptest,197.2500,,0.433,0,46.81,32.58
2624.19,steptest,197.3125,,0.433,0,46.81,33.00
2624.44,steptest,197.2500,,0.433,0,46.75,33.44
2624.69,steptest,197.3750,,0.433,0,46.81,32.79
2624.94,steptest,197.4375,,0.433,0,46.88,32.79
2625.19,steptest,197.4375,,0.433,0,46.88,32.58
2625.44,steptest,197.4375,,0.433,0,46.88,32.79
2625.69,steptest,197.3750,,0.433,0,46.81,33.01
2625.94,steptest,197.4375,,0.433,0,46.88,33.01
2626.19,steptest,197.4375,,0.433,1,46.88,33.00
2626.44,steptest,197.3750,,0.433,1,46.88,33.44
2626.69,steptest,197.3750,,0.433,1,46.88,32.79
2626.94,steptest,197.4375,,0.433,1,46.88,32.36
2627.19,steptest,197.4375,,0.433,1,46.88,33.22
2627.44,steptest,197.3750,,0.433,1,46.88,33.01
2627.69,steptest,197.4375,,0.433,1,46.88,32.58
2627.94,steptest,197.5000,,0.433,0,46.88,33.44
2628.19,steptest,197.5000,,0.433,0,46.94,33.00
2628.44,steptest,197.5625,,0.433,0,46.94,32.58
2628.69,steptest,197.5625,,0.433,0,46.94,32.58
2628.94,steptest,197.6250,,0.433,0,46.94,32.79
2629.19,steptest,197.6250,,0.433,0,47.00,33.44
2629.44,steptest,197.6250,,0.433,0,47.00,33.01
2629.69,steptest,197.6250,,0.433,0,46.94,33.22
2629.94,steptest,197.6250,,0.433,0,46.94,33.44
2630.19,steptest,197.6250,,0.433,1,47.00,32.79
2630.44,steptest,197.6250,,0.433,1,47.00,32.79
2630.69,steptest,197.6250,,0.433,1,47.00,32.80
2630.94,steptest,197.5625,,0.433,1,46.94,33.44
2631.19,steptest,197.6250,,0.433,1,47.00,33.01
2631.44,steptest,197.6250,,0.433,1,47.00,33.00
2631.69,steptest,197.6250,,0.433,1,47.00,33.01
2631.94,steptest,197.5625,,0.433,0,46.94,33.00
2632.19,steptest,197.6875,,0.433,0,47.00,33.22
2632.44,steptest,197.6875,,0.433,0,47.00,33.22
2632.69,steptest,197.7500,,0.433,0,47.06,33.22
2632.94,steptest,197.7500,,0.433,0,47.06,32.79
2633.19,steptest,197.8125,,0.433,0,47.06,33.00
2633.44,steptest,197.8125,,0.433,0,47.06,33.01
2633.69,steptest,197.7500,,0.433,0,47.06,33.01
2633.94,steptest,197.6875,,0.433,0,47.00,32.80
2634.19,steptest,197.7500,,0.433,1,47.06,32.79
2634.44,steptest,197.7500,,0.433,1,47.06,33.01
2634.69,steptest,197.7500,,0.433,1,47.06,32.79
2634.94,steptest,197.8125,,0.433,1,47.13,33.01
2635.19,steptest,197.8125,,0.433,1,47.13,33.22
2635.44,steptest,197.7500,,0.433,1,47.06,33.86
2635.69,steptest,197.7500,,0.433,1,47.06,33.01
2635.94,steptest,197.8125,,0.433,0,47.13,32.58
2636.19,steptest,197.8750,,0.433,0,47.13,33.22
2636.44,steptest,197.8750,,0.433,0,47.13,33.01
2636.69,steptest,197.8750,,0.433,0,47.13,33.01
2636.94,steptest,197.9375,,0.433,0,47.13,33.22
2637.19,steptest,197.9375,,0.433,0,47.13,32.79
2637.44,steptest,198.0000,,0.433,0,47.19,33.01
2637.69,steptest,198.0000,,0.433,0,47.19,33.01
2637.94,steptest,198.0000,,0.433,0,47.19,33.44
2638.19,steptest,197.9375,,0.433,1,47.13,32.15
2638.44,steptest,198.0000,,0.433,1,47.19,32.36
2638.69,steptest,198.0000,,0.433,1,47.19,33.00
2638.94,steptest,198.0000,,0.433,1,47.19,33.22
2639.19,steptest,198.0000,,0.433,1,47.19,32.58
2639.44,steptest,198.0000,,0.433,1,47.25,32.59
2639.69,steptest,198.0625,,0.433,1,47.25,33.22
2639.94,steptest,198.0625,,0.433,0,47.25,33.01
2640.19,steptest,198.0625,,0.433,0,47.19,33.43
2640.44,steptest,198.1250,,0.433,0,47.25,33.01
2640.69,steptest,198.1875,,0.433,0,47.25,32.58
2640.94,steptest,198.1875,,0.433,0,47.25,33.00
2641.19,steptest,198.1875,,0.433,0,47.25,32.79
2641.44,steptest,198.1875,,0.433,0,47.25,33.22
2641.69,steptest,198.1875,,0.433,0,47.25,33.01
2641.94,steptest,198.1875,,0.433,0,47.25,32.79
2642.19,steptest,198.2500,,0.433,1,47.31,33.01
2642.44,steptest,198.1875,,0.433,1,47.25,33.00
2642.69,steptest,198.2500,,0.433,1,47.31,33.01
2642.94,steptest,198.2500,,0.433,1,47.25,32.58
2643.19,steptest,198.1875,,0.433,1,47.25,32.79
2643.44,steptest,198.1875,,0.433,1,47.25,33.22
2643.69,steptest,198.2500,,0.433,1,47.31,32.80
2643.94,steptest,198.2500,,0.433,0,47.31,32.79
2644.19,steptest,198.2500,,0.433,0,47.31,33.01
2644.44,steptest,198.3125,,0.433,0,47.38,32.79
2644.69,steptest,198.3125,,0.433,0,47.31,33.22
2644.94,steptest,198.3125,,0.433,0,47.31,33.44
2645.19,steptest,198.3125,,0.433,0,47.31,32.79
2645.44,steptest,198.4375,,0.433,0,47.38,32.79
2645.69,steptest,198.3750,,0.433,0,47.38,33.22
2645.94,steptest,198.3750,,0.433,0,47.38,33.01
2646.19,steptest,198.3750,,0.433,1,47.38,33.01
2646.44,steptest,198.3750,,0.433,1,47.38,33.22
2646.69,steptest,198.4375,,0.433,1,47.44,33.43
2646.94,steptest,198.4375,,0.433,1,47.44,32.58
2647.19,steptest,198.4375,,0.433,1,47.44,33.22
2647.44,steptest,198.3750,,0.433,1,47.38,33.01
2647.69,steptest,198.4375,,0.433,1,47.44,33.01
2647.94,steptest,198.4375,,0.433,0,47.38,33.00
2648.19,steptest,198.4375,,0.433,0,47.44,32.79
2648.44,steptest,198.5625,,0.433,0,47.44,32.79
2648.69,steptest,198.5625,,0.433,0,47.44,33.22
2648.94,steptest,198.5625,,0.433,0,47.44,33.00
2649.19,steptest,198.5625,,0.433,0,47.44,33.23
2649.44,steptest,198.6250,,0.433,0,47.44,33.01
2649.69,steptest,198.6250,,0.433,0,47.44,32.79
2649.94,steptest,198.6250,,0.433,0,47.44,32.58
2650.19,steptest,198.6875,,0.433,1,47.50,32.58
2650.44,steptest,198.6875,,0.433,1,47.50,33.01
2650.69,steptest,198.6250,,0.433,1,47.50,33.00
2650.94,steptest,198.6250,,0.433,1,47.44,33.00
2651.19,steptest,198.6250,,0.433,1,47.50,32.79
2651.44,steptest,198.6250,,0.433,1,47.50,32.79
2651.69,steptest,198.6875,,0.433,1,47.50,32.58
2651.94,steptest,198.6875,,0.433,0,47.50,33.01
2652.19,steptest,198.7500,,0.433,0,47.56,33.22
2652.44,steptest,198.7500,,0.433,0,47.56,32.79
2652.69,steptest,198.7500,,0.433,0,47.50,33.00
2652.94,steptest,198.8125,,0.433,0,47.56,33.22
2653.19,steptest,198.8125,,0.433,0,47.56,33.22
2653.44,steptest,198.8125,,0.433,0,47.56,33.21
2653.69,steptest,198.8125,,0.433,0,47.56,32.57
2653.94,steptest,198.7500,,0.433,0,47.50,32.58
2654.19,steptest,198.8125,,0.433,1,47.56,33.44
2654.44,steptest,198.8125,,0.433,1,47.56,32.79
2654.69,steptest,199.0000,,0.433,1,47.56,33.01
2654.94,steptest,198.8750,,0.433,1,47.63,32.37
2655.19,steptest,198.8750,,0.433,1,47.63,33.01
2655.44,steptest,198.9375,,0.433,1,47.63,33.01
2655.69,steptest,198.9375,,0.433,1,47.63,33.00
2655.94,steptest,198.9375,,0.433,0,47.63,32.79
2656.19,steptest,198.9375,,0.433,0,47.63,32.79
2656.44,steptest,199.0000,,0.433,0,47.63,32.58
2656.69,steptest,199.0000,,0.433,0,47.63,33.43
2656.94,steptest,199.0000,,0.433,0,47.63,32.79
2657.19,steptest,199.0625,,0.433,0,47.63,33.43
2657.44,steptest,199.0625,,0.433,0,47.63,33.22
2657.69,steptest,199.0625,,0.433,0,47.63,32.79
2657.94,steptest,199.0625,,0.433,0,47.63,32.58
2658.19,steptest,199.1250,,0.433,1,47.69,32.79
2658.44,steptest,199.1250,,0.433,1,47.69,32.79
2658.69,steptest,199.1250,,0.433,1,47.69,33.01
2658.94,steptest,199.1250,,0.433,1,47.69,33.22
2659.19,steptest,199.1250,,0.433,1,47.69,32.58
2659.44,steptest,199.1250,,0.433,1,47.69,33.01
2659.69,steptest,199.1250,,0.433,1,47.75,32.80
2659.94,steptest,199.1875,,0.433,0,47.75,33.00
2660.19,steptest,199.1250,,0.433,0,47.69,32.79
2660.44,steptest,199.2500,,0.433,0,47.75,32.79
2660.69,steptest,199.2500,,0.433,0,47.75,32.79
2660.94,steptest,199.2500,,0.433,0,47.75,33.22
2661.19,steptest,199.3125,,0.433,0,47.75,33.00
2661.44,steptest,199.3125,,0.433,0,47.75,32.79
2661.69,steptest,199.3750,,0.433,0,47.81,32.15
2661.94,steptest,199.3750,,0.433,0,47.81,33.43
2662.19,steptest,199.3750,,0.433,1,47.81,33.22
2662.44,steptest,199.3750,,0.433,1,47.81,33.22
2662.69,steptest,199.3750,,0.433,1,47.81,32.79
2662.94,steptest,199.3750,,0.433,1,47.81,33.22
2663.19,steptest,199.3750,,0.433,1,47.81,32.79
2663.44,steptest,199.3750,,0.433,1,47.81,33.22
2663.69,steptest,199.3750,,0.433,1,47.81,32.58
2663.94,steptest,199.3750,,0.433,0,47.88,32.79
2664.19,steptest,199.5625,,0.433,0,47.88,33.23
2664.44,steptest,199.4375,,0.433,0,47.81,33.00
2664.69,steptest,199.5625,,0.433,0,47.88,33.01
2664.94,steptest,199.5625,,0.433,0,47.88,33.86
2665.19,steptest,199.6250,,0.433,0,47.88,32.79
2665.44,steptest,199.6250,,0.433,0,47.88,32.58
2665.69,steptest,199.6250,,0.433,0,47.88,33.01
2665.94,steptest,199.6875,,0.433,0,47.94,32.79
2666.19,steptest,199.6875,,0.433,1,47.94,32.58
2666.44,steptest,199.6875,,0.433,1,47.94,33.01
2666.69,steptest,199.4375,,0.433,1,47.94,32.58
2666.94,steptest,199.6875,,0.433,1,47.94,32.79
2667.19,steptest,199.6875,,0.433,1,47.94,33.01
2667.44,steptest,199.7500,,0.433,1,48.00,33.01
2667.69,steptest,199.7500,,0.433,1,48.00,32.79
2667.94,steptest,199.8125,,0.433,0,48.00,33.01
2668.19,steptest,199.8125,,0.433,0,48.00,33.22
2668.44,steptest,199.8125,,0.433,0,48.00,33.22
2668.69,steptest,199.8750,,0.433,0,48.00,32.79
2668.94,steptest,199.8750,,0.433,0,48.00,33.43
2669.19,steptest,199.8750,,0.433,0,48.06,32.79
2669.44,steptest,199.9375,,0.433,0,48.06,33.01
2669.69,steptest,200.0000,,0.433,0,48.06,33.01
2669.94,steptest,199.9375,,0.433,0,48.06,32.36
2670.19,steptest,199.9375,,0.433,1,48.06,33.43
2670.44,steptest,199.9375,,0.433,1,48.06,33.01
2670.69,steptest,199.6875,,0.433,1,48.06,32.80
2670.94,steptest,199.9375,,0.433,1,48.00,32.79
2671.19,steptest,200.0000,,0.433,1,48.06,32.79
2671.44,steptest,200.0000,,0.433,1,48.06,32.79
2671.69,steptest,200.0000,,0.433,1,48.06,32.79
2671.94,steptest,200.0625,,0.433,0,48.06,32.36
2672.19,steptest,200.0625,,0.433,0,48.13,32.37
2672.44,steptest,200.0625,,0.433,0,48.13,33.01
2672.69,steptest,200.0625,,0.433,0,48.13,32.79
2672.94,steptest,200.0625,,0.433,0,48.06,33.22
2673.19,steptest,200.1250,,0.433,0,48.13,32.79
2673.44,steptest,200.1250,,0.433,0,48.13,33.01
2673.69,steptest,200.1875,,0.433,0,48.13,32.79
2673.94,steptest,200.1250,,0.433,0,48.06,33.01
2674.19,steptest,200.0625,,0.433,1,48.06,33.65
2674.44,steptest,200.0625,,0.433,1,48.13,33.22
2674.69,steptest,200.1250,,0.433,1,48.13,32.79
2674.94,steptest,200.1875,,0.433,1,48.19,33.00
2675.19,steptest,200.1250,,0.433,1,48.13,33.01
2675.44,steptest,200.1250,,0.433,1,48.19,33.44
2675.69,steptest,200.2500,,0.433,1,48.19,32.58
2675.94,steptest,200.2500,,0.433,0,48.19,32.79
2676.19,steptest,200.3125,,0.433,0,48.19,33.22
2676.44,steptest,200.3750,,0.433,0,48.25,33.22
2676.69,steptest,200.3750,,0.433,0,48.25,32.79
2676.94,steptest,200.3750,,0.433,0,48.19,32.79
2677.19,steptest,200.3750,,0.433,0,48.19,32.80
2677.44,steptest,200.3750,,0.433,0,48.19,33.01
2677.69,steptest,200.3750,,0.433,0,48.19,33.44
2677.94,steptest,200.4375,,0.433,0,48.25,33.22
2678.19,steptest,200.4375,,0.433,1,48.25,33.01
2678.44,steptest,200.4375,,0.433,1,48.25,32.58
2678.69,steptest,200.4375,,0.433,1,48.25,32.80
2678.94,steptest,200.5000,,0.433,1,48.25,33.01
2679.19,steptest,200.4375,,0.433,1,48.25,33.44
2679.44,steptest,200.5000,,0.433,1,48.25,32.80
2679.69,steptest,200.5000,,0.433,1,48.31,33.44
2679.94,steptest,200.5625,,0.433,0,48.31,32.79
2680.19,steptest,200.5625,,0.433,0,48.25,32.79
2680.44,steptest,200.6250,,0.433,0,48.31,33.00
2680.69,steptest,200.6250,,0.433,0,48.31,32.79
2680.94,steptest,200.6875,,0.433,0,48.31,33.00
2681.19,steptest,200.6250,,0.433,0,48.25,32.79
2681.44,steptest,200.7500,,0.433,0,48.31,32.79
2681.69,steptest,200.7500,,0.433,0,48.31,33.22
2681.94,steptest,200.7500,,0.433,0,48.31,32.79
2682.19,steptest,200.7500,,0.433,1,48.31,33.01
2682.44,steptest,200.7500,,0.433,1,48.31,32.80
2682.69,steptest,200.7500,,0.433,1,48.31,32.58
2682.94,steptest,200.7500,,0.433,1,48.31,33.22
2683.19,steptest,200.8125,,0.433,1,48.38,33.44
2683.44,steptest,200.7500,,0.433,1,48.31,33.65
2683.69,steptest,200.8125,,0.433,1,48.38,33.01
2683.94,steptest,200.8125,,0.433,0,48.38,33.65
2684.19,steptest,200.8750,,0.433,0,48.38,33.01
2684.44,steptest,200.9375,,0.433,0,48.38,32.79
2684.69,steptest,200.9375,,0.433,0,48.38,33.01
2684.94,steptest,200.9375,,0.433,0,48.38,33.22
2685.19,steptest,201.0625,,0.433,0,48.44,33.00
2685.44,steptest,201.0000,,0.433,0,48.38,32.79
2685.69,steptest,201.1250,,0.433,0,48.44,32.79
2685.94,steptest,201.1250,,0.433,0,48.38,33.01
2686.19,steptest,201.0000,,0.433,1,48.38,33.44
2686.44,steptest,201.0625,,0.433,1,48.44,33.22
2686.69,steptest,201.0625,,0.433,1,48.44,33.22
2686.94,steptest,201.0625,,0.433,1,48.50,33.44
2687.19,steptest,201.1250,,0.433,1,48.50,33.01
2687.44,steptest,201.1250,,0.433,1,48.44,33.01
2687.69,steptest,201.1250,,0.433,1,48.50,33.43
2687.94,steptest,201.1250,,0.433,0,48.50,32.37
2688.19,steptest,201.1875,,0.433,0,48.50,33.01
2688.44,steptest,201.1875,,0.433,0,48.44,33.01
2688.69,steptest,201.2500,,0.433,0,48.50,33.00
2688.94,steptest,201.3125,,0.433,0,48.50,33.22
2689.19,steptest,201.3125,,0.433,0,48.50,33.01
2689.44,steptest,201.3125,,0.433,0,48.50,33.01
2689.69,steptest,201.3125,,0.433,0,48.50,33.01
2689.94,steptest,201.3125,,0.433,0,48.50,33.01
2690.19,steptest,201.3125,,0.433,1,48.50,33.22
2690.44,steptest,201.3125,,0.433,1,48.50,33.01
2690.69,steptest,201.4375,,0.433,1,48.56,33.22
2690.94,steptest,201.4375,,0.433,1,48.56,33.00
2691.19,steptest,201.4375,,0.433,1,48.56,33.22
2691.44,steptest,201.3750,,0.433,1,48.50,32.79
2691.69,steptest,201.4375,,0.433,1,48.56,32.79
2691.94,steptest,201.5000,,0.433,0,48.63,33.22
2692.19,steptest,201.5000,,0.433,0,48.56,33.22
2692.44,steptest,201.5000,,0.433,0,48.56,33.43
2692.69,steptest,201.5625,,0.433,0,48.63,32.58
2692.94,steptest,201.6250,,0.433,0,48.63,33.01
2693.19,steptest,201.6250,,0.433,0,48.63,33.01
2693.44,steptest,201.6250,,0.433,0,48.63,33.22
2693.69,steptest,201.6875,,0.433,0,48.63,32.80
2693.94,steptest,201.6875,,0.433,0,48.63,33.22
2694.19,steptest,201.7500,,0.433,1,48.69,33.22
2694.44,steptest,201.7500,,0.433,1,48.69,32.58
2694.69,steptest,201.7500,,0.433,1,48.69,32.79
2694.94,steptest,201.7500,,0.433,1,48.69,32.79
2695.19,steptest,201.7500,,0.433,1,48.69,32.79
2695.44,steptest,201.7500,,0.433,1,48.69,33.22
2695.69,steptest,201.8125,,0.433,1,48.69,32.79
2695.94,steptest,201.8125,,0.433,0,48.69,33.22
2696.19,steptest,201.9375,,0.433,0,48.75,33.01
2696.44,steptest,201.9375,,0.433,0,48.75,33.22
2696.69,steptest,201.9375,,0.433,0,48.75,32.79
2696.94,steptest,202.0000,,0.433,0,48.75,32.57
2697.19,steptest,202.0000,,0.433,0,48.75,33.44
2697.44,steptest,202.0000,,0.433,0,48.75,33.65
2697.69,steptest,202.0000,,0.433,0,48.75,32.57
2697.94,steptest,202.0000,,0.433,0,48.75,33.22
2698.19,steptest,202.0000,,0.433,1,48.75,32.79
2698.44,steptest,202.0000,,0.433,1,48.75,33.22
2698.69,steptest,202.3750,,0.433,1,48.75,33.22
2698.94,steptest,202.1250,,0.433,1,48.81,33.01
2699.19,steptest,202.1250,,0.433,1,48.81,33.22
2699.44,steptest,202.1250,,0.433,1,48.88,32.80
2699.69,steptest,202.1875,,0.433,1,48.88,33.22
2699.94,steptest,202.1875,,0.433,0,48.81,32.79
2700.19,steptest,202.2500,,0.433,0,48.88,33.86
2700.44,steptest,202.2500,,0.433,0,48.88,33.22
2700.69,steptest,202.2500,,0.433,0,48.88,33.23
2700.94,steptest,202.3125,,0.433,0,48.88,32.37
2701.19,steptest,202.3750,,0.433,0,48.88,32.79
2701.44,steptest,202.3750,,0.433,0,48.88,33.22
2701.69,steptest,202.3750,,0.433,0,48.88,33.22
2701.94,steptest,202.4375,,0.433,0,48.94,33.43
2702.19,steptest,202.3125,,0.433,1,48.88,33.22
2702.44,steptest,202.3750,,0.433,1,48.88,33.22
2702.69,steptest,202.3750,,0.433,1,48.88,32.79
2702.94,steptest,202.5000,,0.433,1,49.00,32.58
2703.19,steptest,202.4375,,0.433,1,48.94,33.22
2703.44,steptest,202.5000,,0.433,1,48.94,33.22
2703.69,steptest,202.5000,,0.433,1,48.94,34.08
2703.94,steptest,202.5000,,0.433,0,48.94,32.58
2704.19,steptest,202.5625,,0.433,0,48.94,33.44
2704.44,steptest,202.6250,,0.433,0,49.00,33.01
2704.69,steptest,202.6250,,0.433,0,49.00,32.79
2704.94,steptest,202.6250,,0.433,0,49.00,33.01
2705.19,steptest,202.6875,,0.433,0,49.00,33.00
2705.44,steptest,202.7500,,0.433,0,49.00,33.01
2705.69,steptest,202.7500,,0.433,0,49.06,33.01
2705.94,steptest,202.8125,,0.433,0,49.06,32.58
2706.19,steptest,202.7500,,0.433,1,49.00,32.58
2706.44,steptest,202.6875,,0.433,1,49.00,33.43
2706.69,steptest,202.8125,,0.433,1,49.06,33.01
2706.94,steptest,202.8125,,0.433,1,49.06,33.44
2707.19,steptest,202.8125,,0.433,1,49.06,32.58
2707.44,steptest,202.8125,,0.433,1,49.06,33.01
2707.69,steptest,202.8750,,0.433,1,49.06,33.01
2707.94,steptest,202.8750,,0.433,0,49.06,33.00
2708.19,steptest,203.0000,,0.433,0,49.13,32.58
2708.44,steptest,202.9375,,0.433,0,49.06,32.58
2708.69,steptest,202.9375,,0.433,0,49.06,33.23
2708.94,steptest,202.9375,,0.433,0,49.06,33.01
2709.19,steptest,203.0000,,0.433,0,49.06,33.22
2709.44,steptest,203.0625,,0.433,0,49.13,33.43
2709.69,steptest,203.0000,,0.433,0,49.06,32.36
2709.94,steptest,203.0000,,0.433,0,49.13,33.22
2710.19,steptest,203.0625,,0.433,1,49.13,32.58
2710.44,steptest,203.0625,,0.433,1,49.13,33.22
2710.69,steptest,203.1250,,0.433,1,49.13,33.01
2710.94,steptest,203.1250,,0.433,1,49.13,33.44
2711.19,steptest,203.1250,,0.433,1,49.13,32.58
2711.44,steptest,203.1875,,0.433,1,49.19,33.44
2711.69,steptest,203.2500,,0.433,1,49.19,33.01
2711.94,steptest,203.2500,,0.433,0,49.19,32.80
2712.19,steptest,203.3125,,0.433,0,49.19,33.22
2712.44,steptest,203.3125,,0.433,0,49.19,33.01
2712.69,steptest,203.3750,,0.433,0,49.25,33.01
2712.94,steptest,203.3125,,0.433,0,49.19,33.01
2713.19,steptest,203.3125,,0.433,0,49.19,33.22
2713.44,steptest,203.4375,,0.433,0,49.25,32.79
2713.69,steptest,203.4375,,0.433,0,49.25,32.16
2713.94,steptest,203.3750,,0.433,0,49.19,32.58
2714.19,steptest,203.3750,,0.433,1,49.19,33.44
2714.44,steptest,203.3750,,0.433,1,49.19,32.37
2714.69,steptest,203.5000,,0.433,1,49.25,32.58
2714.94,steptest,203.5625,,0.433,1,49.31,33.22
2715.19,steptest,203.5625,,0.433,1,49.31,33.01
2715.44,steptest,203.5625,,0.433,1,49.31,33.65
2715.69,steptest,203.5000,,0.433,1,49.25,33.44
2715.94,steptest,203.5625,,0.433,0,49.25,33.01
2716.19,steptest,203.5625,,0.433,0,49.25,32.79
2716.44,steptest,203.6875,,0.433,0,49.31,33.00
2716.69,steptest,203.6875,,0.433,0,49.31,33.43
2716.94,steptest,203.6875,,0.433,0,49.31,32.79
2717.19,steptest,203.6875,,0.433,0,49.31,33.00
2717.44,steptest,203.6875,,0.433,0,49.31,32.36
2717.69,steptest,203.7500,,0.433,0,49.31,33.43
2717.94,steptest,203.8125,,0.433,0,49.38,33.22
2718.19,steptest,203.8125,,0.433,1,49.38,33.22
2718.44,steptest,203.8125,,0.433,1,49.38,33.00
2718.69,steptest,203.8125,,0.433,1,49.38,33.01
2718.94,steptest,203.8125,,0.433,1,49.38,32.79
2719.19,steptest,203.8750,,0.433,1,49.44,31.94
2719.44,steptest,203.8750,,0.433,1,49.44,32.79
2719.69,steptest,203.8750,,0.433,1,49.44,32.80
2719.94,steptest,203.9375,,0.433,0,49.38,32.80
2720.19,steptest,204.0000,,0.433,0,49.44,32.57
2720.44,steptest,204.0000,,0.433,0,49.44,33.22
2720.69,steptest,204.0625,,0.433,0,49.44,33.01
2720.94,steptest,204.1250,,0.433,0,49.50,33.01
2721.19,steptest,204.0625,,0.433,0,49.44,32.58
2721.44,steptest,204.0625,,0.433,0,49.44,32.58
2721.69,steptest,204.1875,,0.433,0,49.50,33.00
2721.94,steptest,204.1250,,0.433,0,49.50,32.36
2722.19,steptest,204.1250,,0.433,1,49.50,33.01
2722.44,steptest,204.1250,,0.433,1,49.50,33.01
2722.69,steptest,204.1250,,0.433,1,49.50,33.00
2722.94,steptest,204.1875,,0.433,1,49.50,33.01
2723.19,steptest,204.1875,,0.433,1,49.50,32.58
2723.44,steptest,204.1875,,0.433,1,49.56,33.01
2723.69,steptest,204.2500,,0.433,1,49.56,33.01
2723.94,steptest,204.3125,,0.433,0,49.56,33.43
2724.19,steptest,204.4375,,0.433,0,49.56,33.22
2724.44,steptest,204.4375,,0.433,0,49.50,33.01
2724.69,steptest,204.3125,,0.433,0,49.50,33.22
2724.94,steptest,204.4375,,0.433,0,49.56,33.22
2725.19,steptest,204.4375,,0.433,0,49.56,32.58
2725.44,steptest,204.4375,,0.433,0,49.56,32.79
2725.69,steptest,204.5000,,0.433,0,49.56,33.43
2725.94,steptest,204.5000,,0.433,0,49.63,32.58
2726.19,steptest,204.4375,,0.433,1,49.56,33.01
2726.44,steptest,204.5000,,0.433,1,49.63,33.01
2726.69,steptest,204.5000,,0.433,1,49.63,33.22
2726.94,steptest,204.5625,,0.433,1,49.63,33.22
2727.19,steptest,204.6250,,0.433,1,49.69,33.01
2727.44,steptest,204.5625,,0.433,1,49.63,33.22
2727.69,steptest,204.5625,,0.433,1,49.63,32.79
2727.94,steptest,204.6875,,0.433,0,49.69,33.01
2728.19,steptest,204.7500,,0.433,0,49.69,33.22
2728.44,steptest,204.7500,,0.433,0,49.69,33.22
2728.69,steptest,204.7500,,0.433,0,49.69,33.43
2728.94,steptest,204.8750,,0.433,0,49.75,33.22
2729.19,steptest,204.8750,,0.433,0,49.75,33.43
2729.44,steptest,204.8750,,0.433,0,49.75,33.02
2729.69,steptest,204.8750,,0.433,0,49.75,33.00
2729.94,steptest,204.8750,,0.433,0,49.75,33.00
2730.19,steptest,204.8750,,0.433,1,49.75,33.00
2730.44,steptest,205.1875,,0.433,1,49.81,33.00
2730.69,steptest,205.1875,,0.433,1,49.75,33.00
2730.94,steptest,204.8750,,0.433,1,49.75,33.22
2731.19,steptest,204.9375,,0.433,1,49.81,33.01
2731.44,steptest,205.0000,,0.433,1,49.81,33.44
2731.69,steptest,205.0000,,0.433,1,49.81,33.22
2731.94,steptest,205.0000,,0.433,0,49.81,33.22
2732.19,steptest,205.0625,,0.433,0,49.81,33.22
2732.44,steptest,205.1875,,0.433,0,49.88,32.58
2732.69,steptest,205.1875,,0.433,0,49.88,33.01
2732.94,steptest,205.2500,,0.433,0,49.88,33.65
2733.19,steptest,205.1875,,0.433,0,49.81,32.79
2733.44,steptest,205.2500,,0.433,0,49.88,32.79
2733.69,steptest,205.1875,,0.433,0,49.81,33.43
2733.94,steptest,205.1875,,0.433,0,49.81,33.22
2734.19,steptest,205.1875,,0.433,1,49.81,33.65
2734.44,steptest,205.3750,,0.433,1,49.88,33.22
2734.69,steptest,205.3125,,0.433,1,49.94,33.01
2734.94,steptest,205.3125,,0.433,1,49.94,33.01
2735.19,steptest,205.2500,,0.433,1,49.88,32.58
2735.44,steptest,205.3125,,0.433,1,49.88,33.22
2735.69,steptest,205.3125,,0.433,1,49.88,33.43
2735.94,steptest,205.3125,,0.433,0,49.88,33.43
2736.19,steptest,205.4375,,0.433,0,49.94,32.57
2736.44,steptest,205.5000,,0.433,0,49.94,32.80
2736.69,steptest,205.5000,,0.433,0,49.94,33.43
2736.94,steptest,205.5000,,0.433,0,49.94,32.79
2737.19,steptest,205.5000,,0.433,0,49.94,32.79
2737.44,steptest,205.5000,,0.433,0,49.94,33.00
2737.69,steptest,205.5625,,0.433,0,50.00,33.22
2737.94,steptest,205.5625,,0.433,0,50.00,32.79
2738.19,steptest,205.5625,,0.433,1,50.00,33.44
2738.44,steptest,205.5625,,0.433,1,50.00,33.22
2738.69,steptest,205.6875,,0.433,1,50.00,33.22
2738.94,steptest,205.6875,,0.433,1,50.00,33.22
2739.19,steptest,205.6250,,0.433,1,50.00,33.22
2739.44,steptest,205.6875,,0.433,1,50.06,33.01
2739.69,steptest,205.7500,,0.433,1,50.06,33.44
2739.94,steptest,205.7500,,0.433,0,50.06,33.44
2740.19,steptest,205.8125,,0.433,0,50.06,32.79
2740.44,steptest,205.8125,,0.433,0,50.06,33.01
2740.69,steptest,205.8750,,0.433,0,50.06,33.43
2740.94,steptest,205.8750,,0.433,0,50.06,32.79
2741.19,steptest,205.8750,,0.433,0,50.06,32.58
2741.44,steptest,205.9375,,0.433,0,50.13,33.00
2741.69,steptest,205.9375,,0.433,0,50.13,32.58
2741.94,steptest,206.0625,,0.433,0,50.19,32.79
2742.19,steptest,206.0625,,0.433,1,50.19,33.01
2742.44,steptest,205.9375,,0.433,1,50.13,33.65
2742.69,steptest,206.0625,,0.433,1,50.19,32.79
2742.94,steptest,206.0000,,0.433,1,50.13,32.79
2743.19,steptest,206.0000,,0.433,1,50.13,33.22
2743.44,steptest,206.0000,,0.433,1,50.13,32.58
2743.69,steptest,206.0625,,0.433,1,50.19,33.23
2743.94,steptest,206.1250,,0.433,0,50.19,33.00
2744.19,steptest,206.1250,,0.433,0,50.13,33.65
2744.44,steptest,206.1250,,0.433,0,50.13,33.22
2744.69,steptest,206.1875,,0.433,0,50.19,33.43
2744.94,steptest,206.2500,,0.433,0,50.19,33.01
2745.19,steptest,206.2500,,0.433,0,50.19,33.22
2745.44,steptest,206.2500,,0.433,0,50.19,33.22
2745.69,steptest,206.3125,,0.433,0,50.25,32.37
2745.94,steptest,206.3125,,0.433,0,50.25,32.79
2746.19,steptest,206.3125,,0.433,1,50.25,33.22
2746.44,steptest,206.3125,,0.433,1,50.25,33.01
2746.69,steptest,206.1875,,0.433,1,50.25,32.79
2746.94,steptest,206.2500,,0.433,1,50.19,33.01
2747.19,steptest,206.4375,,0.433,1,50.31,33.01
2747.44,steptest,206.4375,,0.433,1,50.31,33.22
2747.69,steptest,206.4375,,0.433,1,50.31,32.79
2747.94,steptest,206.4375,,0.433,0,50.31,32.79
2748.19,steptest,206.5000,,0.433,0,50.25,33.01
2748.44,steptest,206.5000,,0.433,0,50.25,32.58
2748.69,steptest,206.5625,,0.433,0,50.31,32.58
2748.94,steptest,206.6250,,0.433,0,50.31,33.01
2749.19,steptest,206.6250,,0.433,0,50.31,33.22
2749.44,steptest,206.6250,,0.433,0,50.31,33.00
2749.69,steptest,206.6250,,0.433,0,50.31,33.22
2749.94,steptest,206.6250,,0.433,0,50.31,32.79
2750.19,steptest,206.7500,,0.433,1,50.44,33.22
2750.44,steptest,206.7500,,0.433,1,50.44,33.01
2750.69,steptest,206.6875,,0.433,1,50.38,32.58
2750.94,steptest,206.7500,,0.433,1,50.44,32.79
2751.19,steptest,206.7500,,0.433,1,50.44,33.22
2751.44,steptest,206.7500,,0.433,1,50.44,32.58
2751.69,steptest,206.7500,,0.433,1,50.44,33.65
2751.94,steptest,206.7500,,0.433,0,50.38,33.00
2752.19,steptest,206.8750,,0.433,0,50.44,33.01
2752.44,steptest,206.8750,,0.433,0,50.44,33.00
2752.69,steptest,206.8750,,0.433,0,50.44,33.65
2752.94,steptest,207.0000,,0.433,0,50.50,33.01
2753.19,steptest,206.9375,,0.433,0,50.44,33.22
2753.44,steptest,206.9375,,0.433,0,50.44,32.80
2753.69,steptest,206.9375,,0.433,0,50.44,33.01
2753.94,steptest,207.0625,,0.433,0,50.50,33.01
2754.19,steptest,207.0625,,0.433,1,50.50,33.01
2754.44,steptest,207.0625,,0.433,1,50.50,33.43
2754.69,steptest,207.0625,,0.433,1,50.50,32.80
2754.94,steptest,207.0625,,0.433,1,50.50,32.80
2755.19,steptest,207.0625,,0.433,1,50.50,33.43
2755.44,steptest,207.0625,,0.433,1,50.50,33.00
2755.69,steptest,207.0625,,0.433,1,50.50,33.22
2755.94,steptest,207.1875,,0.433,0,50.56,32.58
2756.19,steptest,207.1875,,0.433,0,50.56,33.22
2756.44,steptest,207.2500,,0.433,0,50.63,33.64
2756.69,steptest,207.2500,,0.433,0,50.63,32.79
2756.94,steptest,207.3125,,0.433,0,50.63,33.01
2757.19,steptest,207.3125,,0.433,0,50.56,33.44
2757.44,steptest,207.3750,,0.433,0,50.63,33.43
2757.69,steptest,207.3750,,0.433,0,50.63,33.43
2757.94,steptest,207.3750,,0.433,0,50.63,33.00
2758.19,steptest,207.3750,,0.433,1,50.63,33.01
2758.44,steptest,207.3750,,0.433,1,50.63,33.00
2758.69,steptest,207.3750,,0.433,1,50.69,33.02
2758.94,steptest,207.5000,,0.433,1,50.69,33.01
2759.19,steptest,207.3750,,0.433,1,50.63,33.44
# step 195C up 1: duty 0.583, ceiling 215 C, 60 s
2759.44,steptest,207.4375,,0.583,1,50.63,33.43
2759.69,steptest,207.4375,,0.583,1,50.69,33.44
2759.94,steptest,207.5000,,0.583,0,50.69,33.22
2760.19,steptest,207.6250,,0.583,0,50.75,32.79
2760.44,steptest,207.6250,,0.583,0,50.75,33.43
2760.69,steptest,207.6250,,0.583,0,50.69,32.79
2760.94,steptest,207.6250,,0.583,0,50.69,33.22
2761.19,steptest,207.6875,,0.583,0,50.75,33.00
2761.44,steptest,207.6875,,0.583,0,50.75,33.22
2761.69,steptest,207.6250,,0.583,0,50.69,32.79
2761.94,steptest,207.6250,,0.583,0,50.69,32.79
2762.19,steptest,207.6875,,0.583,1,50.75,33.22
2762.44,steptest,207.8125,,0.583,1,50.81,33.44
2762.69,steptest,207.7500,,0.583,1,50.75,33.22
2762.94,steptest,207.7500,,0.583,1,50.75,33.43
2763.19,steptest,207.8125,,0.583,1,50.81,33.22
2763.44,steptest,207.7500,,0.583,1,50.75,32.37
2763.69,steptest,207.8125,,0.583,1,50.75,33.22
2763.94,steptest,207.8125,,0.583,1,50.75,32.36
2764.19,steptest,207.8750,,0.583,1,50.81,32.79
2764.44,steptest,208.0000,,0.583,1,50.88,32.58
2764.69,steptest,208.0000,,0.583,0,50.81,33.00
2764.94,steptest,208.0000,,0.583,0,50.81,33.22
2765.19,steptest,208.1250,,0.583,0,50.88,33.22
2765.44,steptest,208.1875,,0.583,0,50.88,33.01
2765.69,steptest,208.2500,,0.583,0,50.88,33.01
2765.94,steptest,208.2500,,0.583,0,50.88,33.22
2766.19,steptest,208.2500,,0.583,1,50.88,33.00
2766.44,steptest,208.3125,,0.583,1,50.88,32.37
2766.69,steptest,208.3750,,0.583,1,50.88,33.22
2766.94,steptest,208.3750,,0.583,1,50.94,31.94
2767.19,steptest,208.5000,,0.583,1,50.94,33.01
2767.44,steptest,208.5000,,0.583,1,50.94,33.22
2767.69,steptest,208.5625,,0.583,1,50.94,33.22
2767.94,steptest,208.5625,,0.583,1,51.00,33.65
2768.19,steptest,208.6875,,0.583,1,51.00,32.80
2768.44,steptest,208.6875,,0.583,1,50.94,32.79
2768.69,steptest,208.8750,,0.583,0,51.00,33.22
2768.94,steptest,208.8750,,0.583,0,50.94,33.43
2769.19,steptest,208.9375,,0.583,0,50.94,32.36
2769.44,steptest,209.0000,,0.583,0,51.00,32.79
2769.69,steptest,209.1250,,0.583,0,50.94,32.79
2769.94,steptest,209.0625,,0.583,0,50.88,33.22
2770.19,steptest,209.0625,,0.583,1,50.88,33.01
2770.44,steptest,209.1875,,0.583,1,50.94,32.80
2770.69,steptest,209.2500,,0.583,1,50.94,33.44
2770.94,steptest,209.3750,,0.583,1,51.00,32.37
2771.19,steptest,209.3750,,0.583,1,51.00,33.01
2771.44,steptest,209.3750,,0.583,1,50.94,33.22
2771.69,steptest,209.4375,,0.583,1,50.94,33.01
2771.94,steptest,209.6250,,0.583,1,51.00,33.22
2772.19,steptest,209.6250,,0.583,1,51.00,32.36
2772.44,steptest,209.7500,,0.583,1,51.06,33.44
2772.69,steptest,209.8125,,0.583,0,51.00,33.44
2772.94,steptest,209.9375,,0.583,0,51.00,33.22
2773.19,steptest,209.9375,,0.583,0,51.00,33.01
2773.44,steptest,210.0625,,0.583,0,51.00,32.79
2773.69,steptest,210.1875,,0.583,0,51.06,33.00
2773.94,steptest,210.3125,,0.583,0,51.06,33.43
2774.19,steptest,210.3125,,0.583,1,51.06,32.79
2774.44,steptest,210.3125,,0.583,1,51.06,33.01
2774.69,steptest,210.5000,,0.583,1,51.13,32.36
2774.94,steptest,210.5000,,0.583,1,51.06,32.79
2775.19,steptest,210.5000,,0.583,1,51.06,33.22
2775.44,steptest,210.5625,,0.583,1,51.06,33.22
2775.69,steptest,210.7500,,0.583,1,51.13,33.00
2775.94,steptest,210.6875,,0.583,1,51.06,33.44
2776.19,steptest,210.6875,,0.583,1,51.06,33.22
2776.44,steptest,210.8750,,0.583,1,51.06,33.22
2776.69,steptest,211.0625,,0.583,0,51.13,32.79
2776.94,steptest,211.1875,,0.583,0,51.13,32.79
2777.19,steptest,211.1875,,0.583,0,51.13,33.86
2777.44,steptest,211.3125,,0.583,0,51.13,33.01
2777.69,steptest,211.4375,,0.583,0,51.19,33.00
2777.94,steptest,211.6250,,0.583,0,51.19,32.80
2778.19,steptest,211.5625,,0.583,1,51.13,33.01
2778.44,steptest,211.5625,,0.583,1,51.13,33.22
2778.69,steptest,211.7500,,0.583,1,51.19,33.44
2778.94,steptest,211.8125,,0.583,1,51.19,33.43
2779.19,steptest,211.8750,,0.583,1,51.19,32.79
2779.44,steptest,211.8750,,0.583,1,51.19,32.80
2779.69,steptest,212.0000,,0.583,1,51.19,33.44
2779.94,steptest,212.1250,,0.583,1,51.25,33.65
2780.19,steptest,212.3125,,0.583,1,51.25,33.01
2780.44,steptest,212.3125,,0.583,1,51.25,32.58
2780.69,steptest,212.3750,,0.583,0,51.19,33.23
2780.94,steptest,212.5000,,0.583,0,51.25,33.01
2781.19,steptest,212.6875,,0.583,0,51.31,33.01
2781.44,steptest,212.6875,,0.583,0,51.31,33.01
2781.69,steptest,212.8125,,0.583,0,51.31,32.79
2781.94,steptest,212.9375,,0.583,0,51.31,33.01
2782.19,steptest,212.9375,,0.583,1,51.25,32.58
2782.44,steptest,212.9375,,0.583,1,51.25,32.58
2782.69,steptest,213.1875,,0.583,1,51.31,33.22
2782.94,steptest,213.1875,,0.583,1,51.31,33.01
2783.19,steptest,213.1875,,0.583,1,51.31,33.01
2783.44,steptest,213.1875,,0.583,1,51.38,32.58
2783.69,steptest,213.4375,,0.583,1,51.38,33.01
2783.94,steptest,213.5000,,0.583,1,51.38,32.79
2784.19,steptest,213.6250,,0.583,1,51.31,32.79
2784.44,steptest,213.6250,,0.583,1,51.38,33.01
2784.69,steptest,213.7500,,0.583,0,51.38,33.22
2784.94,steptest,213.8750,,0.583,0,51.38,33.22
2785.19,steptest,214.1250,,0.583,0,51.44,33.65
2785.44,steptest,214.1250,,0.583,0,51.44,32.57
2785.69,steptest,214.1875,,0.583,0,51.44,33.22
2785.94,steptest,214.3750,,0.583,0,51.44,33.44
2786.19,steptest,214.4375,,0.583,1,51.44,32.79
2786.44,steptest,214.4375,,0.583,1,51.44,33.00
2786.69,steptest,214.4375,,0.583,1,51.44,33.01
2786.94,steptest,214.6875,,0.583,1,51.50,33.22
2787.19,steptest,214.7500,,0.583,1,51.50,33.02
2787.44,steptest,214.7500,,0.583,1,51.50,33.22
2787.69,steptest,214.8750,,0.583,1,51.50,33.22
2787.94,steptest,214.9375,,0.583,1,51.50,34.07
2788.19,steptest,215.1250,,0.000,1,51.50,33.22
2788.44,steptest,215.2500,,0.000,1,51.56,33.22
2788.69,steptest,215.2500,,0.000,0,51.56,33.22
2788.94,steptest,215.3750,,0.000,0,51.56,33.65
2789.19,steptest,215.5625,,0.000,0,51.56,33.00
2789.44,steptest,215.6875,,0.000,0,51.56,33.43
2789.69,steptest,215.6875,,0.000,0,51.56,33.22
2789.94,steptest,215.8125,,0.000,0,51.56,33.86
2790.19,steptest,215.8750,,0.000,0,51.56,33.22
2790.44,steptest,216.0000,,0.000,0,51.63,32.79
2790.69,steptest,216.0000,,0.000,0,51.63,32.79
2790.94,steptest,216.0625,,0.000,0,51.63,33.01
2791.19,steptest,216.1250,,0.000,0,51.63,33.22
2791.44,steptest,216.1250,,0.000,0,51.63,33.00
2791.69,steptest,216.1250,,0.000,0,51.63,33.01
2791.94,steptest,216.1875,,0.000,0,51.63,33.43
2792.19,steptest,216.1875,,0.000,0,51.63,33.01
2792.44,steptest,216.1875,,0.000,0,51.69,33.00
2792.69,steptest,216.1875,,0.000,0,51.69,33.01
2792.94,steptest,216.2500,,0.000,0,51.69,33.22
2793.19,steptest,216.1875,,0.000,0,51.69,33.43
2793.44,steptest,216.2500,,0.000,0,51.69,33.87
2793.69,steptest,216.2500,,0.000,0,51.69,33.22
2793.94,steptest,216.1250,,0.000,0,51.69,33.43
2794.19,steptest,216.1250,,0.000,0,51.75,33.01
2794.44,steptest,216.1250,,0.000,0,51.75,33.00
2794.69,steptest,216.1250,,0.000,0,51.75,33.23
2794.94,steptest,216.1250,,0.000,0,51.75,32.79
2795.19,steptest,216.1250,,0.000,0,51.75,33.01
2795.44,steptest,216.0000,,0.000,0,51.75,33.43
2795.69,steptest,216.0000,,0.000,0,51.75,33.22
2795.94,steptest,215.9375,,0.000,0,51.75,33.22
2796.19,steptest,215.8750,,0.000,0,51.75,32.80
2796.44,steptest,215.8125,,0.000,0,51.75,33.00
2796.69,steptest,215.8125,,0.000,0,51.75,33.22
2796.94,steptest,215.7500,,0.000,0,51.75,32.79
2797.19,steptest,215.7500,,0.000,0,51.81,32.57
2797.44,steptest,215.7500,,0.000,0,51.81,32.59
2797.69,steptest,215.6250,,0.000,0,51.88,32.79
2797.94,steptest,215.6250,,0.000,0,51.88,33.00
2798.19,steptest,215.6250,,0.000,0,51.88,32.36
2798.44,steptest,215.5000,,0.000,0,51.81,32.79
2798.69,steptest,215.4375,,0.000,0,51.94,33.01
2798.94,steptest,215.4375,,0.000,0,51.94,33.43
2799.19,steptest,215.3125,,0.000,0,51.88,33.01
2799.44,steptest,215.2500,,0.000,0,51.88,32.79
2799.69,steptest,215.1875,,0.000,0,51.94,33.44
2799.94,steptest,215.1875,,0.000,0,51.94,33.00
2800.19,steptest,215.1250,,0.000,0,51.94,33.22
2800.44,steptest,215.0000,,0.000,0,51.94,33.01
2800.69,steptest,214.9375,,0.583,0,51.94,32.57
2800.94,steptest,214.9375,,0.583,0,51.94,33.22
2801.19,steptest,214.8125,,0.583,0,52.00,33.00
2801.44,steptest,214.8125,,0.583,0,52.00,33.00
2801.69,steptest,214.6250,,0.583,0,51.94,33.00
2801.94,steptest,214.6250,,0.583,0,51.94,33.43
2802.19,steptest,214.5000,,0.583,1,51.94,32.79
2802.44,steptest,214.3750,,0.583,1,51.94,32.36
2802.69,steptest,214.3125,,0.583,1,52.00,33.00
2802.94,steptest,214.3125,,0.583,1,52.00,32.79
2803.19,steptest,214.2500,,0.583,1,52.00,33.43
2803.44,steptest,214.1250,,0.583,1,52.00,32.57
2803.69,steptest,214.0625,,0.583,1,52.00,33.01
2803.94,steptest,214.0625,,0.583,1,52.06,33.01
2804.19,steptest,214.0625,,0.583,1,52.06,33.22
2804.44,steptest,213.9375,,0.583,1,52.00,32.79
2804.69,steptest,213.9375,,0.583,0,52.00,33.66
2804.94,steptest,213.9375,,0.583,0,52.13,33.22
2805.19,steptest,213.9375,,0.583,0,52.13,33.01
2805.44,steptest,213.8125,,0.583,0,52.06,33.01
2805.69,steptest,213.8750,,0.583,0,52.13,33.01
2805.94,steptest,213.8750,,0.583,0,52.06,33.22
2806.19,steptest,213.7500,,0.583,1,52.06,33.01
2806.44,steptest,213.7500,,0.583,1,52.13,33.43
2806.69,steptest,213.6875,,0.583,1,52.13,33.22
2806.94,steptest,213.6875,,0.583,1,52.13,32.58
2807.19,steptest,213.6875,,0.583,1,52.13,32.58
2807.44,steptest,213.6250,,0.583,1,52.13,32.58
2807.69,steptest,213.6250,,0.583,1,52.13,33.22
2807.94,steptest,213.6250,,0.583,1,52.19,32.80
2808.19,steptest,213.6875,,0.583,1,52.19,33.00
2808.44,steptest,213.6875,,0.583,1,52.19,33.22
2808.69,steptest,213.6250,,0.583,0,52.19,33.01
2808.94,steptest,213.6875,,0.583,0,52.19,33.23
2809.19,steptest,213.6875,,0.583,0,52.19,33.01
2809.44,steptest,213.6875,,0.583,0,52.19,33.00
2809.69,steptest,213.6875,,0.583,0,52.19,32.79
2809.94,steptest,213.7500,,0.583,0,52.25,32.59
2810.19,steptest,213.7500,,0.583,1,52.25,32.79
2810.44,steptest,213.6250,,0.583,1,52.19,33.44
2810.69,steptest,213.6875,,0.583,1,52.25,33.22
2810.94,steptest,213.7500,,0.583,1,52.25,33.01
2811.19,steptest,213.7500,,0.583,1,52.25,32.80
2811.44,steptest,213.7500,,0.583,1,52.25,32.58
2811.69,steptest,213.7500,,0.583,1,52.25,33.00
2811.94,steptest,213.7500,,0.583,1,52.25,32.58
2812.19,steptest,213.7500,,0.583,1,52.25,33.64
2812.44,steptest,213.8125,,0.583,1,52.31,33.01
2812.69,steptest,213.8750,,0.583,0,52.31,33.22
2812.94,steptest,213.9375,,0.583,0,52.31,33.00
2813.19,steptest,213.9375,,0.583,0,52.31,33.01
2813.44,steptest,213.9375,,0.583,0,52.31,33.22
2813.69,steptest,214.0625,,0.583,0,52.38,33.00
2813.94,steptest,214.1250,,0.583,0,52.38,33.22
2814.19,steptest,214.1250,,0.583,1,52.31,33.00
2814.44,steptest,214.0625,,0.583,1,52.31,33.22
2814.69,steptest,214.1875,,0.583,1,52.38,32.58
2814.94,steptest,214.1250,,0.583,1,52.38,33.01
2815.19,steptest,214.1250,,0.583,1,52.38,32.79
2815.44,steptest,214.2500,,0.583,1,52.38,33.43
2815.69,steptest,214.3125,,0.583,1,52.44,33.00
2815.94,steptest,214.3125,,0.583,1,52.38,32.79
2816.19,steptest,214.3125,,0.583,1,52.44,33.01
2816.44,steptest,214.4375,,0.583,1,52.44,33.22
2816.69,steptest,214.4375,,0.583,0,52.38,32.79
2816.94,steptest,214.6875,,0.583,0,52.50,33.02
2817.19,steptest,214.6875,,0.583,0,52.50,32.79
2817.44,steptest,214.6875,,0.583,0,52.50,32.57
2817.69,steptest,214.6875,,0.583,0,52.44,32.79
2817.94,steptest,214.8750,,0.583,0,52.50,33.00
2818.19,steptest,214.8750,,0.583,1,52.50,33.22
2818.44,steptest,214.8750,,0.583,1,52.50,33.22
2818.69,steptest,215.0000,,0.000,1,52.56,33.22
2818.94,steptest,215.0000,,0.000,1,52.56,33.65
2819.19,steptest,215.0625,,0.000,1,52.50,33.01
# step 195C down 1: duty 0.283, ceiling 215 C, 60 s
2819.44,steptest,215.0625,,0.000,1,52.50,33.65
2819.85,steptest,215.1875,,0.000,1,52.56,33.43
2820.10,steptest,215.2500,,0.000,1,52.56,33.22
2820.35,steptest,215.3125,,0.000,1,52.56,32.80
2820.60,steptest,215.4375,,0.000,0,52.56,32.58
2820.85,steptest,215.4375,,0.000,0,52.56,33.22
2821.10,steptest,215.5000,,0.000,0,52.56,33.00
2821.35,steptest,215.5625,,0.000,0,52.56,33.86
2821.60,steptest,215.6875,,0.000,0,52.56,32.79
2821.85,steptest,215.6875,,0.000,0,52.63,33.23
2822.10,steptest,215.7500,,0.000,0,52.63,33.22
2822.35,steptest,215.8125,,0.000,0,52.63,32.79
2822.60,steptest,215.8750,,0.000,0,52.63,33.00
2822.85,steptest,215.9375,,0.000,0,52.69,32.58
2823.10,steptest,215.9375,,0.000,0,52.69,33.01
2823.35,steptest,215.9375,,0.000,0,52.69,33.00
2823.60,steptest,215.9375,,0.000,0,52.63,33.22
2823.85,steptest,215.9375,,0.000,0,52.69,33.64
2824.10,steptest,215.9375,,0.000,0,52.69,33.44
2824.35,steptest,215.8750,,0.000,0,52.69,33.43
2824.60,steptest,215.9375,,0.000,0,52.69,32.79
2824.85,steptest,215.8750,,0.000,0,52.69,33.43
2825.10,steptest,215.8750,,0.000,0,52.69,33.43
2825.35,steptest,215.8125,,0.000,0,52.69,32.79
2825.60,steptest,215.8750,,0.000,0,52.75,33.22
2825.85,steptest,215.8125,,0.000,0,52.75,33.01
2826.10,steptest,215.8125,,0.000,0,52.75,33.65
2826.35,steptest,215.8125,,0.000,0,52.75,33.44
2826.60,steptest,215.6875,,0.000,0,52.75,33.22
2826.85,steptest,215.6875,,0.000,0,52.81,33.22
2827.10,steptest,215.6875,,0.000,0,52.81,33.00
2827.35,steptest,215.6875,,0.000,0,52.81,33.01
2827.60,steptest,215.6250,,0.000,0,52.81,33.00
2827.85,steptest,215.5000,,0.000,0,52.81,33.00
2828.10,steptest,215.5000,,0.000,0,52.81,33.01
2828.35,steptest,215.5000,,0.000,0,52.81,33.00
2828.60,steptest,215.4375,,0.000,0,52.88,33.22
2828.85,steptest,215.2500,,0.000,0,52.81,33.01
2829.10,steptest,215.2500,,0.000,0,52.81,33.00
2829.35,steptest,215.2500,,0.000,0,52.81,33.00
2829.60,steptest,215.1875,,0.000,0,52.88,33.23
2829.85,steptest,215.1250,,0.000,0,52.88,33.00
2830.10,steptest,215.1250,,0.000,0,52.88,33.22
2830.35,steptest,215.0625,,0.000,0,52.88,33.01
2830.60,steptest,214.8750,,0.283,0,52.88,33.23
2830.85,steptest,214.8750,,0.283,0,52.88,33.01
2831.10,steptest,214.8750,,0.283,0,53.00,32.58
2831.35,steptest,214.8125,,0.283,0,53.00,33.00
2831.60,steptest,214.7500,,0.283,0,52.94,33.44
2831.85,steptest,214.6250,,0.283,0,52.94,33.22
2832.10,steptest,214.6250,,0.283,0,52.94,33.22
2832.35,steptest,214.5000,,0.283,0,52.94,33.01
2832.60,steptest,214.4375,,0.283,0,52.94,33.22
2832.85,steptest,214.3125,,0.283,0,52.94,33.44
2833.10,steptest,214.3125,,0.283,0,53.00,33.22
2833.35,steptest,214.2500,,0.283,0,53.00,33.43
2833.60,steptest,214.1250,,0.283,0,53.00,32.79
2833.85,steptest,214.0625,,0.283,0,53.00,33.44
2834.10,steptest,214.0625,,0.283,0,53.00,32.80
2834.35,steptest,213.9375,,0.283,1,53.00,33.00
2834.60,steptest,213.8750,,0.283,1,53.06,33.22
2834.85,steptest,213.7500,,0.283,1,53.06,33.44
2835.10,steptest,213.7500,,0.283,1,53.06,33.22
2835.35,steptest,213.6875,,0.283,1,53.06,32.15
2835.60,steptest,213.6250,,0.283,0,53.06,32.79
2835.85,steptest,213.5625,,0.283,0,53.06,33.22
2836.10,steptest,213.5625,,0.283,0,53.06,32.79
2836.35,steptest,213.3750,,0.283,0,53.06,33.22
2836.60,steptest,213.3125,,0.283,0,53.06,33.43
2836.85,steptest,213.1875,,0.283,0,53.06,33.22
2837.10,steptest,213.1875,,0.283,0,53.13,33.64
2837.35,steptest,213.1875,,0.283,0,53.13,33.22
2837.60,steptest,213.0625,,0.283,0,53.13,33.01
2837.85,steptest,213.0000,,0.283,0,53.13,32.79
2838.10,steptest,212.9375,,0.283,0,53.13,33.01
2838.35,steptest,212.9375,,0.283,1,53.13,33.00
2838.60,steptest,212.7500,,0.283,1,53.13,33.01
2838.85,steptest,212.6875,,0.283,1,53.13,32.36
2839.10,steptest,212.6250,,0.283,1,53.19,33.22
2839.35,steptest,212.6250,,0.283,1,53.19,33.22
2839.60,steptest,212.5625,,0.283,0,53.19,33.43
2839.85,steptest,212.5625,,0.283,0,53.19,33.22
2840.10,steptest,212.3750,,0.283,0,53.19,33.01
2840.35,steptest,212.3750,,0.283,0,53.19,33.43
2840.60,steptest,212.3750,,0.283,0,53.19,33.22
2840.85,steptest,212.1875,,0.283,0,53.13,33.01
2841.10,steptest,212.2500,,0.283,0,53.25,33.43
2841.35,steptest,212.2500,,0.283,0,53.25,33.65
2841.60,steptest,212.1250,,0.283,0,53.19,33.01
2841.85,steptest,212.0625,,0.283,0,53.25,33.44
2842.10,steptest,212.0000,,0.283,0,53.25,33.00
2842.35,steptest,212.0000,,0.283,1,53.25,33.22
2842.60,steptest,211.8750,,0.283,1,53.25,33.22
2842.85,steptest,211.8750,,0.283,1,53.31,32.79
2843.10,steptest,211.8125,,0.283,1,53.31,33.65
2843.35,steptest,211.8125,,0.283,1,53.31,33.00
2843.60,steptest,211.6875,,0.283,0,53.31,32.79
2843.85,steptest,211.6250,,0.283,0,53.31,33.64
2844.10,steptest,211.5625,,0.283,0,53.31,33.22
2844.35,steptest,211.5625,,0.283,0,53.31,33.00
2844.60,steptest,211.5625,,0.283,0,53.38,33.00
2844.85,steptest,211.4375,,0.283,0,53.38,33.00
2845.10,steptest,211.3125,,0.283,0,53.31,33.01
2845.35,steptest,211.3125,,0.283,0,53.38,33.00
2845.60,steptest,211.3125,,0.283,0,53.38,33.22
2845.85,steptest,211.2500,,0.283,0,53.38,32.79
2846.10,steptest,211.1875,,0.283,0,53.38,33.86
2846.35,steptest,211.1875,,0.283,1,53.38,32.79
2846.60,steptest,211.0625,,0.283,1,53.38,33.22
2846.85,steptest,211.0625,,0.283,1,53.38,32.79
2847.10,steptest,211.0000,,0.283,1,53.44,33.22
2847.35,steptest,211.0000,,0.283,1,53.38,33.01
2847.60,steptest,210.8750,,0.283,0,53.38,33.22
2847.85,steptest,210.8750,,0.283,0,53.44,33.01
2848.10,steptest,210.8125,,0.283,0,53.44,33.43
2848.35,steptest,210.8125,,0.283,0,53.44,32.58
2848.60,steptest,210.7500,,0.283,0,53.44,33.65
2848.85,steptest,210.6250,,0.283,0,53.44,33.01
2849.10,steptest,210.6250,,0.283,0,53.44,33.22
2849.35,steptest,210.6250,,0.283,0,53.50,33.43
2849.60,steptest,210.5625,,0.283,0,53.50,32.58
2849.85,steptest,210.4375,,0.283,0,53.44,32.79
2850.10,steptest,210.4375,,0.283,0,53.50,33.22
2850.35,steptest,210.4375,,0.283,1,53.50,33.43
2850.60,steptest,210.3750,,0.283,1,53.50,33.23
2850.85,steptest,209.9375,,0.283,1,53.50,33.01
2851.10,steptest,210.3125,,0.283,1,53.56,33.22
2851.35,steptest,210.3125,,0.283,1,53.50,33.22
2851.60,steptest,210.1875,,0.283,0,53.50,33.22
2851.85,steptest,210.1250,,0.283,0,53.56,33.43
2852.10,steptest,210.0625,,0.283,0,53.56,33.22
2852.35,steptest,210.0625,,0.283,0,53.56,33.22
2852.60,steptest,210.0625,,0.283,0,53.56,33.01
2852.85,steptest,210.0000,,0.283,0,53.56,33.22
2853.10,steptest,210.0000,,0.283,0,53.56,33.22
2853.35,steptest,209.9375,,0.283,0,53.63,33.00
2853.60,steptest,209.9375,,0.283,0,53.63,33.22
2853.85,steptest,209.8750,,0.283,0,53.63,32.79
2854.10,steptest,209.8750,,0.283,0,53.63,33.43
2854.35,steptest,209.7500,,0.283,1,53.69,33.01
2854.60,steptest,209.7500,,0.283,1,53.69,33.22
2854.85,steptest,209.6875,,0.283,1,53.69,33.21
2855.10,steptest,209.6250,,0.283,1,53.63,33.00
2855.35,steptest,209.5625,,0.283,1,53.63,33.22
2855.60,steptest,209.5625,,0.283,0,53.63,33.00
2855.85,steptest,209.5625,,0.283,0,53.69,33.00
2856.10,steptest,209.5000,,0.283,0,53.69,33.65
2856.35,steptest,209.5000,,0.283,0,53.69,32.80
2856.60,steptest,209.5000,,0.283,0,53.69,33.65
2856.85,steptest,209.5000,,0.283,0,53.75,33.01
2857.10,steptest,209.4375,,0.283,0,53.75,32.79
2857.35,steptest,209.3125,,0.283,0,53.75,33.22
2857.60,steptest,209.3125,,0.283,0,53.75,33.00
2857.85,steptest,209.2500,,0.283,0,53.69,33.43
2858.10,steptest,209.2500,,0.283,0,53.75,33.22
2858.35,steptest,209.1250,,0.283,1,53.75,32.37
2858.60,steptest,209.1250,,0.283,1,53.75,33.44
2858.85,steptest,209.1250,,0.283,1,53.75,33.43
2859.10,steptest,209.0625,,0.283,1,53.75,32.79
2859.35,steptest,209.0000,,0.283,1,53.75,33.65
2859.60,steptest,209.0000,,0.283,0,53.81,33.22
2859.85,steptest,209.0625,,0.283,0,53.81,33.01
2860.10,steptest,208.9375,,0.283,0,53.81,33.44
2860.35,steptest,208.9375,,0.283,0,53.81,32.58
2860.60,steptest,208.9375,,0.283,0,53.88,33.43
2860.85,steptest,208.9375,,0.283,0,53.88,32.79
2861.10,steptest,208.8125,,0.283,0,53.81,32.79
2861.35,steptest,208.8125,,0.283,0,53.88,33.01
2861.60,steptest,208.8125,,0.283,0,53.88,33.86
2861.85,steptest,208.8125,,0.283,0,53.88,33.00
2862.10,steptest,208.6875,,0.283,0,53.81,33.21
2862.35,steptest,208.6250,,0.283,1,53.88,33.22
2862.60,steptest,208.6250,,0.283,1,53.88,33.01
2862.85,steptest,208.8125,,0.283,1,53.88,33.86
2863.10,steptest,208.5000,,0.283,1,53.88,33.01
2863.35,steptest,208.5625,,0.283,1,53.94,33.65
2863.60,steptest,208.5625,,0.283,0,53.94,33.22
2863.85,steptest,208.5000,,0.283,0,53.94,33.43
2864.10,steptest,208.3750,,0.283,0,53.88,32.79
2864.35,steptest,208.4375,,0.283,0,53.94,33.43
2864.60,steptest,208.4375,,0.283,0,53.94,33.43
2864.85,steptest,208.3750,,0.283,0,53.94,32.79
2865.10,steptest,208.3750,,0.283,0,53.94,33.43
2865.35,steptest,208.3125,,0.283,0,54.00,33.22
2865.60,steptest,208.3125,,0.283,0,53.94,32.79
2865.85,steptest,208.2500,,0.283,0,53.94,33.21
2866.10,steptest,208.1250,,0.283,0,53.94,33.22
2866.35,steptest,208.1875,,0.283,1,54.00,33.22
2866.60,steptest,208.1875,,0.283,1,54.00,33.44
2866.85,steptest,208.1250,,0.283,1,54.00,32.58
2867.10,steptest,208.0625,,0.283,1,54.00,33.65
2867.35,steptest,208.0000,,0.283,1,54.00,32.80
2867.60,steptest,208.0000,,0.283,0,54.00,32.80
2867.85,steptest,208.0000,,0.283,0,54.00,33.43
2868.10,steptest,208.0000,,0.283,0,54.00,33.43
2868.35,steptest,207.8750,,0.283,0,54.00,33.43
2868.60,steptest,207.8125,,0.283,0,54.00,33.22
2868.85,steptest,207.8125,,0.283,0,54.00,33.22
2869.10,steptest,207.8750,,0.283,0,54.06,33.22
2869.35,steptest,207.8750,,0.283,0,54.06,33.00
2869.60,steptest,207.8125,,0.283,0,54.06,33.22
2869.85,steptest,207.8125,,0.283,0,54.06,33.86
2870.10,steptest,207.8125,,0.283,0,54.13,32.80
2870.35,steptest,207.6875,,0.283,1,54.13,33.22
2870.60,steptest,207.6250,,0.283,1,54.06,33.43
2870.85,steptest,207.6250,,0.283,1,54.06,33.22
2871.10,steptest,207.6250,,0.283,1,54.13,33.65
2871.35,steptest,207.6250,,0.283,1,54.13,33.01
2871.60,steptest,207.5625,,0.283,0,54.13,33.22
2871.85,steptest,207.5625,,0.283,0,54.13,33.22
2872.10,steptest,207.5625,,0.283,0,54.19,33.22
2872.35,steptest,207.5625,,0.283,0,54.19,33.22
2872.60,steptest,207.4375,,0.283,0,54.13,33.01
2872.85,steptest,207.4375,,0.283,0,54.13,33.01
2873.10,steptest,207.5000,,0.283,0,54.19,33.01
2873.35,steptest,207.3750,,0.283,0,54.13,33.01
2873.60,steptest,207.3750,,0.283,0,54.19,33.22
2873.85,steptest,207.3750,,0.283,0,54.19,33.00
2874.10,steptest,207.3125,,0.283,0,54.19,33.22
2874.35,steptest,207.3750,,0.283,1,54.25,32.79
2874.60,steptest,207.2500,,0.283,1,54.19,33.65
2874.85,steptest,207.2500,,0.283,1,54.19,33.22
2875.10,steptest,207.2500,,0.283,1,54.25,32.79
2875.35,steptest,207.1875,,0.283,1,54.25,32.80
2875.60,steptest,207.1250,,0.283,0,54.25,33.01
2875.85,steptest,207.1250,,0.283,0,54.31,33.44
2876.10,steptest,207.2500,,0.283,0,54.31,33.64
2876.35,steptest,207.1875,,0.283,0,54.31,33.01
2876.60,steptest,207.1875,,0.283,0,54.31,33.43
2876.85,steptest,207.1875,,0.283,0,54.31,33.44
2877.10,steptest,207.0625,,0.283,0,54.31,33.22
2877.35,steptest,207.0625,,0.283,0,54.31,33.22
2877.60,steptest,206.9375,,0.283,0,54.25,33.01
2877.85,steptest,206.9375,,0.283,0,54.31,33.00
2878.10,steptest,206.9375,,0.283,0,54.31,33.00
2878.35,steptest,206.9375,,0.283,1,54.31,33.22
2878.60,steptest,206.9375,,0.283,1,54.38,32.58
2878.85,steptest,206.9375,,0.283,1,54.31,33.00
2879.10,steptest,206.8125,,0.283,1,54.31,33.22
2879.35,steptest,206.8750,,0.283,1,54.38,33.00
# step 195C up 2: duty 0.583, ceiling 215 C, 60 s
2879.60,steptest,206.8125,,0.583,0,54.38,33.22
2879.85,steptest,206.8125,,0.583,0,54.38,33.86
2880.10,steptest,206.8125,,0.583,0,54.38,33.43
2880.35,steptest,206.7500,,0.583,0,54.38,33.43
2880.60,steptest,206.6875,,0.583,0,54.38,33.22
2880.85,steptest,206.6875,,0.583,0,54.44,33.22
2881.10,steptest,206.7500,,0.583,0,54.44,33.01
2881.35,steptest,206.7500,,0.583,0,54.44,33.22
2881.60,steptest,206.6875,,0.583,0,54.44,33.22
2881.85,steptest,206.6875,,0.583,0,54.44,33.00
2882.10,steptest,206.6250,,0.583,0,54.44,33.22
2882.35,steptest,206.5625,,0.583,1,54.44,32.58
2882.60,steptest,206.5625,,0.583,1,54.50,32.79
2882.85,steptest,206.5625,,0.583,1,54.44,32.37
2883.10,steptest,206.5000,,0.583,1,54.44,33.22
2883.35,steptest,206.5625,,0.583,1,54.50,33.22
2883.60,steptest,206.5000,,0.583,1,54.50,33.43
2883.85,steptest,206.5000,,0.583,1,54.50,33.65
2884.10,steptest,206.5000,,0.583,1,54.50,33.22
2884.35,steptest,206.4375,,0.583,1,54.50,32.79
2884.60,steptest,206.5000,,0.583,1,54.56,32.79
2884.85,steptest,206.5000,,0.583,0,54.50,33.43
2885.10,steptest,206.5000,,0.583,0,54.50,32.58
2885.35,steptest,206.5000,,0.583,0,54.50,33.43
2885.60,steptest,206.5625,,0.583,0,54.56,33.43
2885.85,steptest,206.5625,,0.583,0,54.56,33.86
2886.10,steptest,206.5625,,0.583,0,54.56,33.43
2886.35,steptest,206.6250,,0.583,1,54.56,33.00
2886.60,steptest,206.5625,,0.583,1,54.56,33.43
2886.85,steptest,206.6250,,0.583,1,54.56,33.65
2887.10,steptest,206.6250,,0.583,1,54.56,33.22
2887.35,steptest,206.6250,,0.583,1,54.56,33.22
2887.60,steptest,206.6875,,0.583,1,54.63,32.58
2887.85,steptest,206.7500,,0.583,1,54.63,32.79
2888.10,steptest,206.7500,,0.583,1,54.63,32.79
2888.35,steptest,206.8125,,0.583,1,54.69,33.22
2888.60,steptest,206.8125,,0.583,1,54.63,33.00
2888.85,steptest,206.8750,,0.583,0,54.69,32.79
2889.10,steptest,206.8750,,0.583,0,54.69,33.01
2889.35,steptest,206.9375,,0.583,0,54.63,33.00
2889.60,steptest,207.0000,,0.583,0,54.69,33.43
2889.85,steptest,207.0000,,0.583,0,54.63,33.00
2890.10,steptest,207.0000,,0.583,0,54.63,33.00
2890.35,steptest,207.1250,,0.583,1,54.69,33.22
2890.60,steptest,207.1250,,0.583,1,54.69,32.79
2890.85,steptest,207.2500,,0.583,1,54.69,32.58
2891.10,steptest,207.2500,,0.583,1,54.69,33.22
2891.35,steptest,207.2500,,0.583,1,54.69,32.79
2891.60,steptest,207.3125,,0.583,1,54.69,33.01
2891.85,steptest,207.3750,,0.583,1,54.75,33.22
2892.10,steptest,207.3750,,0.583,1,54.75,33.65
2892.35,steptest,207.5000,,0.583,1,54.75,33.43
2892.60,steptest,207.5625,,0.583,1,54.75,33.00
2892.85,steptest,207.6875,,0.583,0,54.81,33.22
2893.10,steptest,207.6875,,0.583,0,54.81,33.43
2893.35,steptest,207.8125,,0.583,0,54.81,33.22
2893.60,steptest,207.8750,,0.583,0,54.81,33.22
2893.85,steptest,207.9375,,0.583,0,54.75,33.86
2894.10,steptest,207.9375,,0.583,0,54.75,33.43
2894.35,steptest,208.0625,,0.583,1,54.81,33.22
2894.60,steptest,208.1250,,0.583,1,54.81,33.22
2894.85,steptest,208.1875,,0.583,1,54.81,33.00
2895.10,steptest,208.1875,,0.583,1,54.81,33.64
2895.35,steptest,208.2500,,0.583,1,54.81,32.79
2895.60,steptest,208.3125,,0.583,1,54.81,33.43
2895.85,steptest,208.4375,,0.583,1,54.88,33.22
2896.10,steptest,208.4375,,0.583,1,54.88,32.79
2896.35,steptest,208.5625,,0.583,1,54.88,33.43
2896.60,steptest,208.6250,,0.583,1,54.88,32.80
2896.85,steptest,208.7500,,0.583,0,54.88,33.64
2897.10,steptest,208.7500,,0.583,0,54.88,33.00
2897.35,steptest,208.8750,,0.583,0,54.88,33.01
2897.60,steptest,208.9375,,0.583,0,54.88,33.01
2897.85,steptest,209.0625,,0.583,0,54.88,33.00
2898.10,steptest,209.0625,,0.583,0,54.94,33.01
2898.35,steptest,209.2500,,0.583,1,54.94,33.22
2898.60,steptest,209.5000,,0.583,1,54.94,33.86
2898.85,steptest,209.3750,,0.583,1,54.94,33.65
2899.10,steptest,209.3750,,0.583,1,54.94,33.43
2899.35,steptest,209.4375,,0.583,1,54.94,33.22
2899.60,steptest,209.5625,,0.583,1,54.94,33.01
2899.85,steptest,209.5625,,0.583,1,54.94,33.22
2900.10,steptest,209.5625,,0.583,1,54.94,33.00
2900.35,steptest,209.7500,,0.583,1,54.94,33.43
2900.60,steptest,209.8750,,0.583,1,55.00,33.22
2900.85,steptest,210.1250,,0.583,0,55.00,33.22
2901.10,steptest,210.1250,,0.583,0,54.94,32.58
2901.35,steptest,210.1250,,0.583,0,54.94,32.79
2901.60,steptest,210.3125,,0.583,0,55.00,33.64
2901.85,steptest,210.3750,,0.583,0,54.94,33.01
2902.10,steptest,210.3750,,0.583,0,55.00,33.01
2902.35,steptest,210.5625,,0.583,1,55.00,33.43
2902.60,steptest,210.5000,,0.583,1,54.94,33.21
2902.85,steptest,210.8125,,0.583,1,55.06,32.80
2903.10,steptest,210.8125,,0.583,1,55.06,32.80
2903.35,steptest,210.8750,,0.583,1,55.06,33.22
2903.60,steptest,210.8750,,0.583,1,55.00,33.00
2903.85,steptest,211.0000,,0.583,1,55.06,33.65
2904.10,steptest,211.0000,,0.583,1,55.06,32.79
2904.35,steptest,211.2500,,0.583,1,55.06,33.43
2904.60,steptest,211.2500,,0.583,1,55.06,33.01
2904.85,steptest,211.5000,,0.583,0,55.06,33.22
2905.10,steptest,211.5000,,0.583,0,55.13,33.44
2905.35,steptest,211.6875,,0.583,0,55.13,33.22
2905.60,steptest,211.7500,,0.583,0,55.06,33.01
2905.85,steptest,211.9375,,0.583,0,55.13,33.22
2906.10,steptest,211.9375,,0.583,0,55.06,32.79
2906.35,steptest,211.9375,,0.583,1,55.06,32.79
2906.60,steptest,212.0625,,0.583,1,55.06,32.79
2906.85,steptest,212.1875,,0.583,1,55.13,33.22
2907.10,steptest,212.1875,,0.583,1,55.13,32.79
2907.35,steptest,212.3125,,0.583,1,55.13,33.22
2907.60,steptest,212.4375,,0.583,1,55.13,33.22
2907.85,steptest,212.4375,,0.583,1,55.13,32.79
2908.10,steptest,212.4375,,0.583,1,55.13,33.22
2908.35,steptest,212.6875,,0.583,1,55.13,33.87
2908.60,steptest,212.8125,,0.583,1,55.19,32.79
2908.85,steptest,212.9375,,0.583,0,55.13,32.58
2909.10,steptest,212.9375,,0.583,0,55.19,33.22
2909.35,steptest,213.1875,,0.583,0,55.19,33.22
2909.60,steptest,213.3125,,0.583,0,55.19,32.79
2909.85,steptest,213.4375,,0.583,0,55.19,33.00
2910.10,steptest,213.4375,,0.583,0,55.19,33.22
2910.35,steptest,213.5000,,0.583,1,55.19,33.22
2910.60,steptest,213.6875,,0.583,1,55.25,32.80
2910.85,steptest,213.3750,,0.583,1,55.19,33.22
2911.10,steptest,213.3750,,0.583,1,55.25,33.22
2911.35,steptest,213.8750,,0.583,1,55.25,33.43
2911.60,steptest,213.9375,,0.583,1,55.25,33.22
2911.85,steptest,214.1250,,0.583,1,55.25,32.79
2912.10,steptest,214.1875,,0.583,1,55.25,33.01
2912.35,steptest,214.1875,,0.583,1,55.25,33.01
2912.60,steptest,214.4375,,0.583,1,55.31,33.22
2912.85,steptest,214.5625,,0.583,0,55.25,33.22
2913.10,steptest,214.6875,,0.583,0,55.31,33.43
2913.35,steptest,214.6875,,0.583,0,55.31,32.79
2913.60,steptest,214.9375,,0.583,0,55.31,33.22
2913.85,steptest,215.0000,,0.000,0,55.31,32.80
2914.10,steptest,215.1250,,0.000,0,55.38,33.43
2914.35,steptest,215.1250,,0.000,0,55.38,33.22
2914.60,steptest,215.1875,,0.000,0,55.31,33.65
2914.85,steptest,215.1875,,0.000,0,55.25,33.22
2915.10,steptest,215.3125,,0.000,0,55.31,32.79
2915.35,steptest,215.3125,,0.000,0,55.31,33.22
2915.60,steptest,215.4375,,0.000,0,55.38,33.22
2915.85,steptest,215.4375,,0.000,0,55.38,32.57
2916.10,steptest,215.5000,,0.000,0,55.31,33.00
2916.35,steptest,215.5000,,0.000,0,55.31,33.65
2916.60,steptest,215.5625,,0.000,0,55.38,34.08
2916.85,steptest,215.5625,,0.000,0,55.38,33.00
2917.10,steptest,215.5625,,0.000,0,55.38,33.01
2917.35,steptest,215.5625,,0.000,0,55.38,33.43
2917.60,steptest,215.5625,,0.000,0,55.38,32.79
2917.85,steptest,215.6250,,0.000,0,55.44,32.79
2918.10,steptest,215.6250,,0.000,0,55.44,33.43
2918.35,steptest,215.6250,,0.000,0,55.44,32.79
2918.60,steptest,215.6250,,0.000,0,55.44,33.44
2918.85,steptest,215.5625,,0.000,0,55.44,33.43
2919.10,steptest,215.5000,,0.000,0,55.44,33.22
2919.35,steptest,215.5000,,0.000,0,55.44,33.22
2919.60,steptest,215.5625,,0.000,0,55.44,33.22
2919.85,steptest,215.5000,,0.000,0,55.44,33.65
2920.10,steptest,215.5000,,0.000,0,55.44,33.44
2920.35,steptest,215.5000,,0.000,0,55.44,32.79
2920.60,steptest,215.3750,,0.000,0,55.44,33.22
2920.85,steptest,215.3125,,0.000,0,55.44,32.79
2921.10,steptest,215.3125,,0.000,0,55.44,32.80
2921.35,steptest,215.3125,,0.000,0,55.50,33.22
2921.60,steptest,215.3125,,0.000,0,55.50,33.22
2921.85,steptest,215.2500,,0.000,0,55.50,33.22
2922.10,steptest,215.2500,,0.000,0,55.50,33.00
2922.35,steptest,215.2500,,0.000,0,55.56,33.22
2922.60,steptest,215.1875,,0.000,0,55.56,33.01
2922.85,steptest,215.0625,,0.000,0,55.50,33.22
2923.10,steptest,215.0000,,0.000,0,55.50,33.43
2923.35,steptest,215.0000,,0.000,0,55.56,33.43
2923.60,steptest,215.0000,,0.000,0,55.56,33.01
2923.85,steptest,214.9375,,0.583,0,55.56,32.80
2924.10,steptest,214.8125,,0.583,0,55.56,33.65
2924.35,steptest,214.8125,,0.583,0,55.56,33.22
2924.60,steptest,214.7500,,0.583,0,55.56,33.22
2924.85,steptest,214.6875,,0.583,0,55.56,33.00
2925.10,steptest,214.6250,,0.583,0,55.63,32.79
2925.35,steptest,214.6250,,0.583,0,55.56,32.79
2925.60,steptest,214.5000,,0.583,0,55.56,33.22
2925.85,steptest,214.4375,,0.583,0,55.56,33.43
2926.10,steptest,214.3125,,0.583,0,55.56,33.44
2926.35,steptest,214.3125,,0.583,1,55.56,33.01
2926.60,steptest,214.2500,,0.583,1,55.56,32.79
2926.85,steptest,214.1875,,0.583,1,55.56,33.22
2927.10,steptest,214.0625,,0.583,1,55.56,33.43
2927.35,steptest,214.0625,,0.583,1,55.63,32.79
2927.60,steptest,214.0625,,0.583,1,55.63,33.22
2927.85,steptest,213.9375,,0.583,1,55.63,33.22
2928.10,steptest,213.8750,,0.583,1,55.63,33.22
2928.35,steptest,213.8750,,0.583,1,55.63,33.65
2928.60,steptest,213.8750,,0.583,1,55.63,33.22
2928.85,steptest,213.9375,,0.583,0,55.69,33.00
2929.10,steptest,213.8125,,0.583,0,55.63,33.64
2929.35,steptest,213.8125,,0.583,0,55.69,33.00
2929.60,steptest,213.8125,,0.583,0,55.69,32.58
2929.85,steptest,213.6875,,0.583,0,55.63,33.22
2930.10,steptest,213.7500,,0.583,0,55.69,33.65
2930.35,steptest,213.7500,,0.583,1,55.69,33.00
2930.60,steptest,213.7500,,0.583,1,55.69,33.43
2930.85,steptest,213.6875,,0.583,1,55.69,33.01
2931.10,steptest,213.7500,,0.583,1,55.75,33.22
2931.35,steptest,213.7500,,0.583,1,55.69,33.44
2931.60,steptest,213.6250,,0.583,1,55.69,32.79
2931.85,steptest,213.6875,,0.583,1,55.75,33.22
2932.10,steptest,213.6875,,0.583,1,55.75,33.43
2932.35,steptest,213.6875,,0.583,1,55.75,33.01
2932.60,steptest,213.6875,,0.583,1,55.75,33.44
2932.85,steptest,213.7500,,0.583,0,55.75,33.00
2933.10,steptest,213.7500,,0.583,0,55.75,33.44
2933.35,steptest,213.7500,,0.583,0,55.75,33.22
2933.60,steptest,213.7500,,0.583,0,55.75,33.01
2933.85,steptest,213.8125,,0.583,0,55.75,33.22
2934.10,steptest,213.8750,,0.583,0,55.81,33.22
2934.35,steptest,213.8750,,0.583,1,55.81,33.01
2934.60,steptest,213.8750,,0.583,1,55.81,33.22
2934.85,steptest,213.8750,,0.583,1,55.81,33.22
2935.10,steptest,213.8750,,0.583,1,55.81,32.79
2935.35,steptest,213.8750,,0.583,1,55.81,32.79
2935.60,steptest,213.8750,,0.583,1,55.81,33.65
2935.85,steptest,213.8750,,0.583,1,55.81,33.65
2936.10,steptest,213.9375,,0.583,1,55.81,33.43
2936.35,steptest,213.9375,,0.583,1,55.88,33.22
2936.60,steptest,214.0625,,0.583,1,55.88,32.57
2936.85,steptest,214.0625,,0.583,0,55.81,33.65
2937.10,steptest,214.1250,,0.583,0,55.81,32.79
2937.35,steptest,214.1250,,0.583,0,55.88,32.58
2937.60,steptest,214.2500,,0.583,0,55.88,33.22
2937.85,steptest,214.2500,,0.583,0,55.88,33.44
2938.10,steptest,214.3125,,0.583,0,55.88,33.00
2938.35,steptest,214.3125,,0.583,1,55.88,33.43
2938.60,steptest,214.3750,,0.583,1,55.88,33.65
2938.85,steptest,214.5000,,0.583,1,55.94,33.22
2939.10,steptest,214.4375,,0.583,1,55.88,33.22
2939.35,steptest,214.4375,,0.583,1,55.94,33.01
# step 195C down 2: duty 0.283, ceiling 215 C, 60 s
2939.60,steptest,214.5625,,0.283,1,55.94,33.43
2939.85,steptest,214.6250,,0.283,1,55.94,32.79
2940.10,steptest,214.6875,,0.283,1,56.00,32.58
2940.35,steptest,214.6875,,0.283,1,55.94,33.22
2940.60,steptest,214.6875,,0.283,1,55.94,33.22
2940.85,steptest,214.8750,,0.283,0,56.00,33.01
2941.10,steptest,214.9375,,0.283,0,55.94,33.22
2941.35,steptest,214.9375,,0.283,0,56.00,33.22
2941.60,steptest,215.0000,,0.000,0,56.00,33.01
2941.85,steptest,215.1875,,0.000,0,56.00,33.44
2942.10,steptest,215.1250,,0.000,0,55.94,33.43
2942.35,steptest,215.1250,,0.000,0,56.00,33.65
2942.60,steptest,215.2500,,0.000,0,56.00,33.22
2942.85,steptest,215.3750,,0.000,0,56.06,33.65
2943.10,steptest,215.3125,,0.000,0,56.00,33.00
2943.35,steptest,215.3125,,0.000,0,56.06,33.23
2943.60,steptest,215.4375,,0.000,0,56.06,33.22
2943.85,steptest,215.3750,,0.000,0,56.00,32.79
2944.10,steptest,215.3750,,0.000,0,56.06,33.00
2944.35,steptest,215.3750,,0.000,0,56.06,33.22
2944.60,steptest,215.4375,,0.000,0,56.06,32.79
2944.85,steptest,215.3750,,0.000,0,56.06,33.22
2945.10,steptest,215.3750,,0.000,0,56.06,33.21
2945.35,steptest,215.3750,,0.000,0,56.06,33.65
2945.60,steptest,215.3125,,0.000,0,56.06,33.01
2945.85,steptest,215.2500,,0.000,0,56.06,33.43
2946.10,steptest,215.3750,,0.000,0,56.13,32.79
2946.35,steptest,215.3750,,0.000,0,56.13,33.65
2946.60,steptest,215.3125,,0.000,0,56.13,32.79
2946.85,steptest,215.2500,,0.000,0,56.13,33.00
2947.10,steptest,215.1875,,0.000,0,56.13,33.22
2947.35,steptest,215.1875,,0.000,0,56.19,33.22
2947.60,steptest,215.1875,,0.000,0,56.19,33.44
2947.85,steptest,215.1250,,0.000,0,56.13,33.22
2948.10,steptest,215.0000,,0.000,0,56.13,33.43
2948.35,steptest,215.0000,,0.000,0,56.13,33.43
2948.60,steptest,214.9375,,0.283,0,56.13,33.21
2948.85,steptest,214.9375,,0.283,0,56.19,33.43
2949.10,steptest,214.8125,,0.283,0,56.13,33.22
2949.35,steptest,214.8125,,0.283,0,56.19,33.00
2949.60,steptest,214.8125,,0.283,0,56.19,33.01
2949.85,steptest,214.7500,,0.283,0,56.19,33.86
2950.10,steptest,214.6875,,0.283,0,56.19,33.22
2950.35,steptest,214.6875,,0.283,1,56.19,32.80
2950.60,steptest,214.5625,,0.283,1,56.19,33.65
2950.85,steptest,214.5000,,0.283,1,56.25,33.65
2951.10,steptest,214.5000,,0.283,1,56.25,33.43
2951.35,steptest,214.5000,,0.283,1,56.25,33.01
2951.60,steptest,214.5000,,0.283,0,56.25,33.43
2951.85,steptest,214.4375,,0.283,0,56.25,33.86
2952.10,steptest,214.3125,,0.283,0,56.25,33.00
2952.35,steptest,214.3125,,0.283,0,56.25,33.00
2952.60,steptest,214.3125,,0.283,0,56.25,33.65
2952.85,steptest,214.1875,,0.283,0,56.25,33.43
2953.10,steptest,214.1875,,0.283,0,56.25,32.58
2953.35,steptest,214.1875,,0.283,0,56.25,33.01
2953.60,steptest,214.1250,,0.283,0,56.25,33.01
2953.85,steptest,214.1250,,0.283,0,56.31,32.79
2954.10,steptest,214.0625,,0.283,0,56.31,33.22
2954.35,steptest,214.0625,,0.283,1,56.31,33.65
2954.60,steptest,214.0000,,0.283,1,56.31,33.43
2954.85,steptest,213.9375,,0.283,1,56.31,33.44
2955.10,steptest,213.8750,,0.283,1,56.31,33.65
2955.35,steptest,213.8750,,0.283,1,56.31,33.00
2955.60,steptest,213.8125,,0.283,0,56.31,33.00
2955.85,steptest,213.8750,,0.283,0,56.38,33.22
2956.10,steptest,213.7500,,0.283,0,56.38,33.22
2956.35,steptest,213.7500,,0.283,0,56.31,33.44
2956.60,steptest,213.6250,,0.283,0,56.31,33.43
2956.85,steptest,213.6250,,0.283,0,56.38,33.65
2957.10,steptest,213.6250,,0.283,0,56.38,32.79
2957.35,steptest,213.6250,,0.283,0,56.38,33.00
2957.60,steptest,213.5625,,0.283,0,56.38,33.65
2957.85,steptest,213.5625,,0.283,0,56.38,33.22
2958.10,steptest,213.4375,,0.283,0,56.38,33.22
2958.35,steptest,213.4375,,0.283,1,56.38,33.86
2958.60,steptest,213.3750,,0.283,1,56.38,32.79
2958.85,steptest,213.5625,,0.283,1,56.44,33.22
2959.10,steptest,213.3125,,0.283,1,56.44,33.65
2959.35,steptest,213.3125,,0.283,1,56.38,33.22
2959.60,steptest,213.1875,,0.283,0,56.38,33.22
2959.85,steptest,213.2500,,0.283,0,56.44,32.58
2960.10,steptest,213.1250,,0.283,0,56.38,33.22
2960.35,steptest,213.1250,,0.283,0,56.38,33.22
2960.60,steptest,213.0625,,0.283,0,56.38,33.22
2960.85,steptest,213.0625,,0.283,0,56.44,33.22
2961.10,steptest,213.0625,,0.283,0,56.44,33.22
2961.35,steptest,213.0625,,0.283,0,56.44,33.01
2961.60,steptest,213.0000,,0.283,0,56.44,33.44
2961.85,steptest,212.9375,,0.283,0,56.44,33.44
2962.10,steptest,212.8125,,0.283,0,56.44,33.65
2962.35,steptest,212.8125,,0.283,1,56.44,33.22
2962.60,steptest,212.8125,,0.283,1,56.44,33.43
2962.85,steptest,212.7500,,0.283,1,56.44,33.22
2963.10,steptest,212.7500,,0.283,1,56.50,33.22
2963.35,steptest,212.7500,,0.283,1,56.50,33.65
2963.60,steptest,212.7500,,0.283,0,56.50,33.43
2963.85,steptest,212.6875,,0.283,0,56.50,33.22
2964.10,steptest,212.5625,,0.283,0,56.44,33.44
2964.35,steptest,212.5625,,0.283,0,56.50,33.22
2964.60,steptest,212.6250,,0.283,0,56.50,33.22
2964.85,steptest,212.6250,,0.283,0,56.56,33.44
2965.10,steptest,212.5000,,0.283,0,56.50,33.43
2965.35,steptest,212.5000,,0.283,0,56.50,33.65
2965.60,steptest,212.4375,,0.283,0,56.50,32.79
2965.85,steptest,212.5000,,0.283,0,56.56,33.01
2966.10,steptest,212.4375,,0.283,0,56.56,33.44
2966.35,steptest,212.4375,,0.283,1,56.50,33.01
2966.60,steptest,212.2500,,0.283,1,56.50,33.01
2966.85,steptest,212.3125,,0.283,1,56.63,33.01
2967.10,steptest,212.2500,,0.283,1,56.56,33.01
2967.35,steptest,212.2500,,0.283,1,56.63,33.22
2967.60,steptest,212.3125,,0.283,0,56.63,33.00
2967.85,steptest,212.2500,,0.283,0,56.63,33.22
2968.10,steptest,212.1250,,0.283,0,56.56,33.43
2968.35,steptest,212.1250,,0.283,0,56.63,33.43
2968.60,steptest,212.1250,,0.283,0,56.63,32.79
2968.85,steptest,212.1250,,0.283,0,56.63,33.43
2969.10,steptest,212.0625,,0.283,0,56.63,33.43
2969.35,steptest,212.0625,,0.283,0,56.56,33.44
2969.60,steptest,212.0000,,0.283,0,56.56,32.79
2969.85,steptest,212.0625,,0.283,0,56.69,33.43
2970.10,steptest,211.8750,,0.283,0,56.63,33.65
2970.35,steptest,211.8750,,0.283,1,56.69,33.86
2970.60,steptest,211.9375,,0.283,1,56.69,32.58
2970.85,steptest,211.8750,,0.283,1,56.69,33.22
2971.10,steptest,211.8125,,0.283,1,56.69,33.02
2971.35,steptest,211.8125,,0.283,1,56.63,33.65
2971.60,steptest,211.6875,,0.283,0,56.63,33.01
2971.85,steptest,211.7500,,0.283,0,56.69,33.00
2972.10,steptest,211.8125,,0.283,0,56.75,33.43
2972.35,steptest,211.8125,,0.283,0,56.75,32.37
2972.60,steptest,211.7500,,0.283,0,56.75,33.43
2972.85,steptest,211.6250,,0.283,0,56.69,33.22
2973.10,steptest,211.5625,,0.283,0,56.69,33.44
2973.35,steptest,211.5625,,0.283,0,56.69,33.22
2973.60,steptest,211.5000,,0.283,0,56.69,33.43
2973.85,steptest,211.5625,,0.283,0,56.75,33.22
2974.10,steptest,211.5000,,0.283,0,56.75,33.01
2974.35,steptest,211.5000,,0.283,1,56.75,33.22
2974.60,steptest,211.4375,,0.283,1,56.75,33.65
2974.85,steptest,211.3750,,0.283,1,56.75,33.43
2975.10,steptest,211.3750,,0.283,1,56.75,33.22
2975.35,steptest,211.3750,,0.283,1,56.81,33.43
2975.60,steptest,211.3750,,0.283,0,56.81,33.01
2975.85,steptest,211.3750,,0.283,0,56.81,33.01
2976.10,steptest,211.3125,,0.283,0,56.81,32.79
2976.35,steptest,211.3125,,0.283,0,56.81,33.01
2976.60,steptest,211.2500,,0.283,0,56.81,33.65
2976.85,steptest,211.2500,,0.283,0,56.81,33.00
2977.10,steptest,211.1875,,0.283,0,56.81,33.01
2977.35,steptest,211.1875,,0.283,0,56.81,33.22
2977.60,steptest,211.1875,,0.283,0,56.81,33.00
2977.85,steptest,211.1250,,0.283,0,56.81,33.43
2978.10,steptest,211.0000,,0.283,0,56.81,33.43
2978.35,steptest,211.0000,,0.283,1,56.81,33.01
2978.60,steptest,210.9375,,0.283,1,56.81,32.79
2978.85,steptest,210.9375,,0.283,1,56.81,33.65
2979.10,steptest,211.0000,,0.283,1,56.88,32.79
2979.35,steptest,211.0000,,0.283,1,56.88,33.22
2979.60,steptest,210.9375,,0.283,0,56.88,33.44
2979.85,steptest,210.9375,,0.283,0,56.88,33.00
2980.10,steptest,210.8750,,0.283,0,56.88,33.65
2980.35,steptest,210.8750,,0.283,0,56.88,33.43
2980.60,steptest,210.8125,,0.283,0,56.88,33.43
2980.85,steptest,210.8750,,0.283,0,56.94,33.65
2981.10,steptest,210.8125,,0.283,0,56.88,33.65
2981.35,steptest,210.8125,,0.283,0,56.94,33.01
2981.60,steptest,210.8125,,0.283,0,56.94,33.00
2981.85,steptest,210.7500,,0.283,0,56.94,33.22
2982.10,steptest,210.6875,,0.283,0,56.94,33.43
2982.35,steptest,210.6875,,0.283,1,56.94,33.43
2982.60,steptest,210.6250,,0.283,1,56.94,33.22
2982.85,steptest,210.6250,,0.283,1,56.94,33.43
2983.10,steptest,210.6250,,0.283,1,56.94,33.22
2983.35,steptest,210.6250,,0.283,1,57.00,32.58
2983.60,steptest,210.6250,,0.283,0,57.00,33.22
2983.85,steptest,210.5625,,0.283,0,57.00,32.79
2984.10,steptest,210.5000,,0.283,0,57.00,32.36
2984.35,steptest,210.5000,,0.283,0,57.00,33.00
2984.60,steptest,210.5625,,0.283,0,57.00,33.65
2984.85,steptest,210.3750,,0.283,0,56.94,33.65
2985.10,steptest,210.4375,,0.283,0,57.00,33.86
2985.35,steptest,210.4375,,0.283,0,57.00,33.65
2985.60,steptest,210.4375,,0.283,0,57.00,33.22
2985.85,steptest,210.3750,,0.283,0,57.00,33.86
2986.10,steptest,210.3125,,0.283,0,57.00,33.64
2986.35,steptest,210.3125,,0.283,1,57.00,33.00
2986.60,steptest,210.2500,,0.283,1,57.00,33.01
2986.85,steptest,210.2500,,0.283,1,57.00,32.79
2987.10,steptest,210.1250,,0.283,1,57.00,33.00
2987.35,steptest,210.1250,,0.283,1,57.06,33.22
2987.60,steptest,210.1875,,0.283,0,57.06,33.22
2987.85,steptest,210.1875,,0.283,0,57.06,33.65
2988.10,steptest,210.1250,,0.283,0,57.06,33.00
2988.35,steptest,210.1250,,0.283,0,57.06,32.79
2988.60,steptest,210.1250,,0.283,0,57.06,32.79
2988.85,steptest,210.0625,,0.283,0,57.06,33.44
2989.10,steptest,210.0625,,0.283,0,57.06,33.22
2989.35,steptest,210.0625,,0.283,0,57.06,33.43
2989.60,steptest,210.0000,,0.283,0,57.06,33.22
2989.85,steptest,210.0000,,0.283,0,57.13,33.22
2990.10,steptest,209.9375,,0.283,0,57.06,33.64
2990.35,steptest,209.9375,,0.283,1,57.06,32.79
2990.60,steptest,209.9375,,0.283,1,57.13,33.01
2990.85,steptest,209.8750,,0.283,1,57.13,33.22
2991.10,steptest,209.8125,,0.283,1,57.13,33.65
2991.35,steptest,209.8125,,0.283,1,57.13,33.65
2991.60,steptest,209.8125,,0.283,0,57.13,33.22
2991.85,steptest,209.7500,,0.283,0,57.13,33.65
2992.10,steptest,209.7500,,0.283,0,57.13,33.44
2992.35,steptest,209.7500,,0.283,0,57.13,33.01
2992.60,steptest,209.8125,,0.283,0,57.19,33.43
2992.85,steptest,209.8125,,0.283,0,57.19,33.01
2993.10,steptest,209.6875,,0.283,0,57.13,33.44
2993.35,steptest,209.6875,,0.283,0,57.13,33.43
2993.60,steptest,209.6250,,0.283,0,57.13,33.01
2993.85,steptest,209.6250,,0.283,0,57.19,33.65
2994.10,steptest,209.5000,,0.283,0,57.13,33.43
2994.35,steptest,209.5000,,0.283,1,57.13,33.22
2994.60,steptest,209.5625,,0.283,1,57.19,33.44
2994.85,steptest,209.5625,,0.283,1,57.19,33.65
2995.10,steptest,209.5000,,0.283,1,57.19,33.22
2995.35,steptest,209.5000,,0.283,1,57.19,33.22
2995.60,steptest,209.5000,,0.283,0,57.19,33.65
2995.85,steptest,209.5000,,0.283,0,57.25,33.22
2996.10,steptest,209.3750,,0.283,0,57.19,33.44
2996.35,steptest,209.3750,,0.283,0,57.19,33.43
2996.60,steptest,209.4375,,0.283,0,57.25,33.64
2996.85,steptest,209.3750,,0.283,0,57.19,33.22
2997.10,steptest,209.3125,,0.283,0,57.19,33.43
2997.35,steptest,209.3125,,0.283,0,57.19,33.22
2997.60,steptest,209.3750,,0.283,0,57.25,33.44
2997.85,steptest,209.2500,,0.283,0,57.19,33.22
2998.10,steptest,209.1875,,0.283,0,57.25,33.86
2998.35,steptest,209.1875,,0.283,1,57.25,33.44
2998.60,steptest,209.1875,,0.283,1,57.25,33.22
2998.85,steptest,209.1875,,0.283,1,57.25,33.86
2999.10,steptest,209.2500,,0.283,1,57.31,33.01
2999.35,steptest,209.2500,,0.283,1,57.31,33.43
# step 195C up 3: duty 0.583, ceiling 215 C, 60 s
2999.60,steptest,209.1250,,0.583,0,57.25,33.43
2999.85,steptest,209.1875,,0.583,0,57.31,33.00
3000.10,steptest,209.1250,,0.583,0,57.31,33.43
3000.35,steptest,209.1250,,0.583,0,57.31,33.65
3000.60,steptest,209.0000,,0.583,0,57.25,33.43
3000.85,steptest,209.0625,,0.583,0,57.31,33.21
3001.10,steptest,208.9375,,0.583,0,57.25,33.22
3001.35,steptest,208.9375,,0.583,0,57.25,32.79
3001.60,steptest,209.0000,,0.583,0,57.31,33.86
3001.85,steptest,209.0000,,0.583,0,57.31,33.43
3002.10,steptest,209.0000,,0.583,0,57.38,33.01
3002.35,steptest,209.0000,,0.583,1,57.38,32.79
3002.60,steptest,208.8750,,0.583,1,57.31,33.00
3002.85,steptest,208.8750,,0.583,1,57.38,33.65
3003.10,steptest,208.8750,,0.583,1,57.38,34.29
3003.35,steptest,208.8750,,0.583,1,57.38,32.79
3003.60,steptest,208.8125,,0.583,1,57.38,33.22
3003.85,steptest,208.8125,,0.583,1,57.38,33.43
3004.10,steptest,208.8125,,0.583,1,57.38,33.22
3004.35,steptest,208.8125,,0.583,1,57.38,33.43
3004.60,steptest,208.8750,,0.583,1,57.44,33.43
3004.85,steptest,208.8125,,0.583,0,57.38,33.22
3005.10,steptest,208.9375,,0.583,0,57.44,33.22
3005.35,steptest,208.9375,,0.583,0,57.44,33.00
3005.60,steptest,208.9375,,0.583,0,57.44,33.00
3005.85,steptest,209.0000,,0.583,0,57.44,33.22
3006.10,steptest,209.0000,,0.583,0,57.44,33.44
3006.35,steptest,209.0000,,0.583,1,57.44,33.43
3006.60,steptest,209.0000,,0.583,1,57.44,32.58
3006.85,steptest,209.0000,,0.583,1,57.44,33.64
3007.10,steptest,209.0625,,0.583,1,57.50,33.86
3007.35,steptest,209.0625,,0.583,1,57.50,33.01
3007.60,steptest,209.0625,,0.583,1,57.50,33.00
3007.85,steptest,209.0000,,0.583,1,57.44,33.43
3008.10,steptest,209.1250,,0.583,1,57.50,33.65
3008.35,steptest,209.1250,,0.583,1,57.50,33.43
3008.60,steptest,209.1875,,0.583,1,57.50,33.44
3008.85,steptest,209.2500,,0.583,0,57.50,33.21
3009.10,steptest,209.3750,,0.583,0,57.56,33.22
3009.35,steptest,209.3750,,0.583,0,57.56,33.43
3009.60,steptest,209.3750,,0.583,0,57.50,33.22
3009.85,steptest,209.5000,,0.583,0,57.56,33.22
3010.10,steptest,209.5000,,0.583,0,57.50,33.43
3010.35,steptest,209.5000,,0.583,1,57.50,33.43
3010.60,steptest,209.5000,,0.583,1,57.50,33.22
3010.85,steptest,209.5000,,0.583,1,57.50,33.65
3011.10,steptest,209.6250,,0.583,1,57.56,33.22
3011.35,steptest,209.6250,,0.583,1,57.56,33.43
3011.60,steptest,209.6875,,0.583,1,57.56,33.64
3011.85,steptest,209.7500,,0.583,1,57.56,33.44
3012.10,steptest,209.8125,,0.583,1,57.56,33.22
3012.35,steptest,209.8125,,0.583,1,57.56,33.65
3012.60,steptest,209.8750,,0.583,1,57.56,33.22
3012.85,steptest,210.0000,,0.583,0,57.56,33.22
3013.10,steptest,210.1250,,0.583,0,57.56,33.43
3013.35,steptest,210.1250,,0.583,0,57.56,33.22
3013.60,steptest,210.2500,,0.583,0,57.63,33.43
3013.85,steptest,210.3125,,0.583,0,57.63,33.43
3014.10,steptest,210.3750,,0.583,0,57.63,33.64
3014.35,steptest,210.3750,,0.583,1,57.63,33.43
3014.60,steptest,210.5000,,0.583,1,57.63,33.43
3014.85,steptest,210.5000,,0.583,1,57.63,33.22
3015.10,steptest,210.5625,,0.583,1,57.63,33.43
3015.35,steptest,210.5625,,0.583,1,57.63,33.65
3015.60,steptest,210.7500,,0.583,1,57.69,33.43
3015.85,steptest,210.7500,,0.583,1,57.63,33.22
3016.10,steptest,210.8750,,0.583,1,57.63,33.65
3016.35,steptest,210.8750,,0.583,1,57.63,32.79
3016.60,steptest,211.0625,,0.583,1,57.69,32.79
3016.85,steptest,211.1250,,0.583,0,57.69,33.65
3017.10,steptest,211.1875,,0.583,0,57.63,33.65
3017.35,steptest,211.1875,,0.583,0,57.63,32.79
3017.60,steptest,211.3125,,0.583,0,57.69,33.86
3017.85,steptest,211.4375,,0.583,0,57.63,33.86
3018.10,steptest,211.5000,,0.583,0,57.69,33.01
3018.35,steptest,211.5000,,0.583,1,57.69,33.22
3018.60,steptest,211.6250,,0.583,1,57.69,33.22
3018.85,steptest,211.6250,,0.583,1,57.75,33.01
3019.10,steptest,211.8125,,0.583,1,57.69,33.00
3019.35,steptest,211.8125,,0.583,1,57.69,33.22
3019.60,steptest,211.8750,,0.583,1,57.69,33.65
3019.85,steptest,212.0000,,0.583,1,57.75,33.22
3020.10,steptest,212.0625,,0.583,1,57.69,33.65
3020.35,steptest,212.0625,,0.583,1,57.69,33.00
3020.60,steptest,212.2500,,0.583,1,57.75,33.43
3020.85,steptest,212.3750,,0.583,0,57.69,33.00
3021.10,steptest,212.4375,,0.583,0,57.69,33.22
3021.35,steptest,212.4375,,0.583,0,57.69,33.44
3021.60,steptest,212.6250,,0.583,0,57.69,32.80
3021.85,steptest,212.8125,,0.583,0,57.75,33.65
3022.10,steptest,212.9375,,0.583,0,57.81,33.64
3022.35,steptest,212.9375,,0.583,1,57.81,33.65
3022.60,steptest,212.9375,,0.583,1,57.75,32.79
3022.85,steptest,213.0000,,0.583,1,57.81,33.22
3023.10,steptest,213.1875,,0.583,1,57.75,33.65
3023.35,steptest,213.1875,,0.583,1,57.75,33.65
3023.60,steptest,213.2500,,0.583,1,57.75,33.44
3023.85,steptest,213.5000,,0.583,1,57.81,33.86
3024.10,steptest,213.4375,,0.583,1,57.75,33.43
3024.35,steptest,213.4375,,0.583,1,57.75,33.65
3024.60,steptest,213.6250,,0.583,1,57.81,33.22
3024.85,steptest,213.8750,,0.583,0,57.81,33.65
3025.10,steptest,214.0000,,0.583,0,57.88,33.43
3025.35,steptest,214.0000,,0.583,0,57.88,33.01
3025.60,steptest,214.1250,,0.583,0,57.81,33.65
3025.85,steptest,214.1875,,0.583,0,57.81,33.43
3026.10,steptest,214.3750,,0.583,0,57.81,33.00
3026.35,steptest,214.3750,,0.583,1,57.81,33.44
3026.60,steptest,214.3750,,0.583,1,57.81,33.43
3026.85,steptest,214.4375,,0.583,1,57.81,33.01
3027.10,steptest,214.6875,,0.583,1,57.88,33.22
3027.35,steptest,214.6875,,0.583,1,57.88,33.65
3027.60,steptest,214.7500,,0.583,1,57.88,33.22
3027.85,steptest,214.9375,,0.583,1,57.88,33.64
3028.10,steptest,215.0000,,0.000,1,57.88,33.65
3028.35,steptest,215.0000,,0.000,1,57.88,33.43
3028.60,steptest,215.1875,,0.000,1,57.88,33.01
3028.85,steptest,215.3125,,0.000,0,57.94,33.43
3029.10,steptest,215.5000,,0.000,0,57.94,33.00
3029.35,steptest,215.5000,,0.000,0,57.94,32.79
3029.60,steptest,215.6250,,0.000,0,57.88,33.43
3029.85,steptest,215.6875,,0.000,0,57.88,33.65
3030.10,steptest,215.8750,,0.000,0,57.88,33.00
3030.35,steptest,215.8750,,0.000,0,57.88,33.01
3030.60,steptest,216.0000,,0.000,0,57.94,32.79
3030.85,steptest,216.0625,,0.000,0,57.94,33.00
3031.10,steptest,216.0625,,0.000,0,57.88,33.22
3031.35,steptest,216.0625,,0.000,0,57.88,33.43
3031.60,steptest,216.1875,,0.000,0,57.94,33.22
3031.85,steptest,216.2500,,0.000,0,57.94,33.22
3032.10,steptest,216.2500,,0.000,0,57.94,33.64
3032.35,steptest,216.2500,,0.000,0,57.94,33.22
3032.60,steptest,216.3125,,0.000,0,58.00,33.00
3032.85,steptest,216.3750,,0.000,0,58.00,33.00
3033.10,steptest,216.3125,,0.000,0,57.94,33.21
3033.35,steptest,216.3125,,0.000,0,57.94,33.86
3033.60,steptest,216.3750,,0.000,0,58.00,33.01
3033.85,steptest,216.3125,,0.000,0,57.94,33.22
3034.10,steptest,216.3750,,0.000,0,58.06,33.00
3034.35,steptest,216.3750,,0.000,0,58.06,33.44
3034.60,steptest,216.3125,,0.000,0,58.00,33.00
3034.85,steptest,216.3750,,0.000,0,58.06,33.64
3035.10,steptest,216.3125,,0.000,0,58.00,33.43
3035.35,steptest,216.3125,,0.000,0,58.00,33.22
3035.60,steptest,216.3750,,0.000,0,58.06,33.65
3035.85,steptest,216.3125,,0.000,0,58.06,33.43
3036.10,steptest,216.1875,,0.000,0,58.00,33.01
3036.35,steptest,216.1875,,0.000,0,58.00,33.22
3036.60,steptest,216.1875,,0.000,0,58.06,33.43
3036.85,steptest,216.1875,,0.000,0,58.06,33.00
3037.10,steptest,216.1250,,0.000,0,58.06,33.87
3037.35,steptest,216.1250,,0.000,0,58.06,33.00
3037.60,steptest,216.1250,,0.000,0,58.13,33.43
3037.85,steptest,216.1250,,0.000,0,58.13,33.01
3038.10,steptest,216.0000,,0.000,0,58.13,33.01
3038.35,steptest,216.0000,,0.000,0,58.13,33.00
3038.60,steptest,216.0000,,0.000,0,58.13,33.21
3038.85,steptest,215.8750,,0.000,0,58.13,33.21
3039.10,steptest,215.8125,,0.000,0,58.13,33.43
3039.35,steptest,215.8125,,0.000,0,58.13,33.22
3039.60,steptest,215.7500,,0.000,0,58.13,33.22
3039.85,steptest,215.6875,,0.000,0,58.13,33.22
3040.10,steptest,215.6250,,0.000,0,58.13,33.43
3040.35,steptest,215.6250,,0.000,0,58.13,33.86
3040.60,steptest,215.5625,,0.000,0,58.13,33.22
3040.85,steptest,215.4375,,0.000,0,58.13,33.21
3041.10,steptest,215.4375,,0.000,0,58.19,33.22
3041.35,steptest,215.4375,,0.000,0,58.19,33.65
3041.60,steptest,215.3125,,0.000,0,58.13,33.22
3041.85,steptest,215.1250,,0.000,0,58.13,33.22
3042.10,steptest,215.1875,,0.000,0,58.19,33.22
3042.35,steptest,215.1875,,0.000,0,58.19,33.65
3042.60,steptest,215.1250,,0.000,0,58.19,33.64
3042.85,steptest,215.0000,,0.000,0,58.19,33.65
3043.10,steptest,214.9375,,0.583,0,58.19,33.22
3043.35,steptest,214.9375,,0.583,0,58.19,33.22
3043.60,steptest,214.8125,,0.583,0,58.25,32.79
3043.85,steptest,214.7500,,0.583,0,58.19,33.22
3044.10,steptest,214.5625,,0.583,0,58.19,33.65
3044.35,steptest,214.5625,,0.583,0,58.19,33.00
3044.60,steptest,214.6250,,0.583,0,58.25,33.00
3044.85,steptest,214.5000,,0.583,0,58.25,33.22
3045.10,steptest,214.3125,,0.583,0,58.25,33.22
3045.35,steptest,214.3125,,0.583,0,58.25,33.22
3045.60,steptest,214.3125,,0.583,0,58.25,33.64
3045.85,steptest,214.1250,,0.583,0,58.25,33.22
3046.10,steptest,214.0625,,0.583,0,58.25,33.44
3046.35,steptest,214.0625,,0.583,1,58.25,33.44
3046.60,steptest,213.9375,,0.583,1,58.25,33.01
3046.85,steptest,213.7500,,0.583,1,58.25,33.22
3047.10,steptest,213.8125,,0.583,1,58.31,33.00
3047.35,steptest,213.8125,,0.583,1,58.31,33.65
3047.60,steptest,213.7500,,0.583,1,58.31,33.65
3047.85,steptest,213.5625,,0.583,1,58.25,33.00
3048.10,steptest,213.5625,,0.583,1,58.31,33.43
3048.35,steptest,213.5625,,0.583,1,58.31,33.65
3048.60,steptest,213.5000,,0.583,1,58.31,33.22
3048.85,steptest,213.3750,,0.583,0,58.31,33.00
3049.10,steptest,213.3125,,0.583,0,58.31,33.22
3049.35,steptest,213.3125,,0.583,0,58.31,33.64
3049.60,steptest,213.2500,,0.583,0,58.31,33.86
3049.85,steptest,213.2500,,0.583,0,58.31,33.01
3050.10,steptest,213.1875,,0.583,0,58.31,32.79
3050.35,steptest,213.1875,,0.583,1,58.31,33.43
3050.60,steptest,213.0625,,0.583,1,58.31,33.22
3050.85,steptest,213.1875,,0.583,1,58.38,33.00
3051.10,steptest,213.0000,,0.583,1,58.31,33.22
3051.35,steptest,213.0000,,0.583,1,58.31,33.65
3051.60,steptest,213.0000,,0.583,1,58.38,33.22
3051.85,steptest,213.0000,,0.583,1,58.38,33.43
3052.10,steptest,212.9375,,0.583,1,58.38,33.65
3052.35,steptest,212.9375,,0.583,1,58.38,33.00
3052.60,steptest,212.9375,,0.583,1,58.38,33.22
3052.85,steptest,212.8750,,0.583,0,58.31,33.22
3053.10,steptest,212.8750,,0.583,0,58.31,33.01
3053.35,steptest,212.8750,,0.583,0,58.31,33.43
3053.60,steptest,212.9375,,0.583,0,58.38,33.43
3053.85,steptest,212.9375,,0.583,0,58.38,33.65
3054.10,steptest,212.9375,,0.583,0,58.38,33.43
3054.35,steptest,212.9375,,0.583,1,58.38,32.79
3054.60,steptest,213.0625,,0.583,1,58.44,33.86
3054.85,steptest,212.8750,,0.583,1,58.38,33.65
3055.10,steptest,213.0625,,0.583,1,58.44,33.22
3055.35,steptest,213.0625,,0.583,1,58.44,33.22
3055.60,steptest,212.9375,,0.583,1,58.38,33.65
3055.85,steptest,212.9375,,0.583,1,58.38,33.43
3056.10,steptest,213.0625,,0.583,1,58.44,33.22
3056.35,steptest,213.0625,,0.583,1,58.44,33.65
3056.60,steptest,213.0625,,0.583,1,58.44,32.79
3056.85,steptest,213.0625,,0.583,0,58.38,33.22
3057.10,steptest,213.1875,,0.583,0,58.44,32.79
3057.35,steptest,213.1875,,0.583,0,58.44,33.43
3057.60,steptest,213.3125,,0.583,0,58.50,33.22
3057.85,steptest,213.2500,,0.583,0,58.44,34.07
3058.10,steptest,213.3125,,0.583,0,58.44,33.65
3058.35,steptest,213.3125,,0.583,1,58.44,33.43
3058.60,steptest,213.3125,,0.583,1,58.44,33.00
3058.85,steptest,213.1875,,0.583,1,58.44,33.43
3059.10,steptest,213.4375,,0.583,1,58.50,33.65
3059.35,steptest,213.4375,,0.583,1,58.50,33.43
# step 195C down 3: duty 0.283, ceiling 215 C, 60 s
3059.60,steptest,213.4375,,0.283,1,58.50,33.43
3060.01,steptest,213.5625,,0.283,1,58.50,33.86
3060.26,steptest,213.5625,,0.283,1,58.50,33.44
3060.51,steptest,213.6250,,0.283,1,58.50,33.01
3060.76,steptest,213.7500,,0.283,0,58.50,32.79
3061.01,steptest,213.7500,,0.283,0,58.50,33.22
3061.26,steptest,213.7500,,0.283,0,58.50,33.44
3061.51,steptest,213.8750,,0.283,0,58.50,33.22
3061.76,steptest,213.9375,,0.283,0,58.50,33.22
3062.01,steptest,213.9375,,0.283,0,58.50,33.43
3062.26,steptest,214.0000,,0.283,0,58.50,33.23
3062.51,steptest,214.0625,,0.283,1,58.56,33.44
3062.76,steptest,214.0000,,0.283,1,58.50,33.43
3063.01,steptest,214.0000,,0.283,1,58.50,33.43
3063.26,steptest,214.1875,,0.283,1,58.56,33.43
3063.51,steptest,214.1875,,0.283,1,58.56,33.21
3063.76,steptest,214.3125,,0.283,0,58.63,33.22
3064.01,steptest,214.3125,,0.283,0,58.63,33.43
3064.26,steptest,214.3750,,0.283,0,58.63,33.43
3064.51,steptest,214.3750,,0.283,0,58.56,33.43
3064.76,steptest,214.5000,,0.283,0,58.63,33.00
3065.01,steptest,214.5000,,0.283,0,58.63,33.43
3065.26,steptest,214.4375,,0.283,0,58.56,33.64
3065.51,steptest,214.5625,,0.283,0,58.63,33.65
3065.76,steptest,214.5625,,0.283,0,58.63,33.01
3066.01,steptest,214.5625,,0.283,0,58.63,33.22
3066.26,steptest,214.5625,,0.283,0,58.63,33.44
3066.51,steptest,214.5625,,0.283,1,58.63,33.21
3066.76,steptest,214.5625,,0.283,1,58.63,33.64
3067.01,steptest,214.5625,,0.283,1,58.63,33.00
3067.26,steptest,214.6250,,0.283,1,58.63,33.64
3067.51,steptest,214.6250,,0.283,1,58.69,33.22
3067.76,steptest,214.6250,,0.283,0,58.63,33.00
3068.01,steptest,214.6250,,0.283,0,58.63,33.22
3068.26,steptest,214.6875,,0.283,0,58.69,33.43
3068.51,steptest,214.6250,,0.283,0,58.63,33.22
3068.76,steptest,214.6875,,0.283,0,58.69,33.65
3069.01,steptest,214.6875,,0.283,0,58.69,33.00
3069.26,steptest,214.6875,,0.283,0,58.69,33.43
3069.51,steptest,214.7500,,0.283,0,58.69,33.43
3069.76,steptest,214.7500,,0.283,0,58.69,33.01
3070.01,steptest,214.7500,,0.283,0,58.69,33.22
3070.26,steptest,214.7500,,0.283,0,58.75,33.43
3070.51,steptest,214.7500,,0.283,1,58.75,33.65
3070.76,steptest,214.6875,,0.283,1,58.69,33.44
3071.01,steptest,214.6875,,0.283,1,58.69,33.43
3071.26,steptest,214.6875,,0.283,1,58.69,33.21
3071.51,steptest,214.7500,,0.283,1,58.75,33.01
3071.76,steptest,214.7500,,0.283,0,58.75,33.86
3072.01,steptest,214.7500,,0.283,0,58.75,34.08
3072.26,steptest,214.7500,,0.283,0,58.75,33.65
3072.51,steptest,214.7500,,0.283,0,58.75,33.01
3072.76,steptest,214.7500,,0.283,0,58.75,33.65
3073.01,steptest,214.7500,,0.283,0,58.75,32.79
3073.26,steptest,214.7500,,0.283,0,58.75,33.43
3073.51,steptest,214.7500,,0.283,0,58.75,33.00
3073.76,steptest,214.7500,,0.283,0,58.81,33.65
3074.01,steptest,214.7500,,0.283,0,58.81,33.43
3074.26,steptest,214.7500,,0.283,0,58.81,33.22
3074.51,steptest,214.7500,,0.283,1,58.75,33.43
3074.76,steptest,214.8125,,0.283,1,58.81,33.43
3075.01,steptest,214.8125,,0.283,1,58.81,33.86
3075.26,steptest,214.7500,,0.283,1,58.81,33.44
3075.51,steptest,214.6875,,0.283,1,58.81,33.22
3075.76,steptest,214.7500,,0.283,0,58.81,33.43
3076.01,steptest,214.7500,,0.283,0,58.81,32.79
3076.26,steptest,214.6875,,0.283,0,58.81,33.65
3076.51,steptest,214.7500,,0.283,0,58.88,33.65
3076.76,steptest,214.6875,,0.283,0,58.81,33.22
3077.01,steptest,214.6875,,0.283,0,58.81,33.01
3077.26,steptest,214.6875,,0.283,0,58.81,32.37
3077.51,steptest,214.7500,,0.283,0,58.88,33.43
3077.76,steptest,214.6250,,0.283,0,58.81,33.43
3078.01,steptest,214.6250,,0.283,0,58.81,33.22
3078.26,steptest,214.5625,,0.283,0,58.81,33.23
3078.51,steptest,214.6250,,0.283,1,58.88,33.65
3078.76,steptest,214.6250,,0.283,1,58.88,33.44
3079.01,steptest,214.6250,,0.283,1,58.88,33.43
3079.26,steptest,214.6250,,0.283,1,58.88,33.22
3079.51,steptest,214.5625,,0.283,1,58.88,33.44
3079.76,steptest,214.5625,,0.283,0,58.88,33.65
3080.01,steptest,214.5625,,0.283,0,58.88,33.43
3080.26,steptest,214.5625,,0.283,0,58.88,33.65
3080.51,steptest,214.4375,,0.283,0,58.81,33.43
3080.76,steptest,214.5000,,0.283,0,58.88,33.01
3081.01,steptest,214.5000,,0.283,0,58.88,33.43
3081.26,steptest,214.4375,,0.283,0,58.88,33.65
3081.51,steptest,214.5000,,0.283,0,58.88,33.43
3081.76,steptest,214.4375,,0.283,0,58.88,33.65
3082.01,steptest,214.4375,,0.283,0,58.88,33.65
3082.26,steptest,214.3750,,0.283,0,58.88,33.22
3082.51,steptest,214.3750,,0.283,1,58.88,33.21
3082.76,steptest,214.3750,,0.283,1,58.94,33.01
3083.01,steptest,214.3750,,0.283,1,58.94,33.64
3083.26,steptest,214.3125,,0.283,1,58.88,33.64
3083.51,steptest,214.3125,,0.283,1,58.88,33.86
3083.76,steptest,214.3750,,0.283,0,58.94,33.43
3084.01,steptest,214.3750,,0.283,0,58.94,33.43
3084.26,steptest,214.3125,,0.283,0,58.94,33.22
3084.51,steptest,214.2500,,0.283,0,58.94,33.64
3084.76,steptest,214.2500,,0.283,0,58.94,33.65
3085.01,steptest,214.2500,,0.283,0,58.94,34.08
3085.26,steptest,214.2500,,0.283,0,58.94,33.86
3085.51,steptest,214.3125,,0.283,0,59.00,33.21
3085.76,steptest,214.3125,,0.283,0,59.00,33.64
3086.01,steptest,214.3125,,0.283,0,59.00,33.00
3086.26,steptest,214.2500,,0.283,0,59.00,33.65
3086.51,steptest,214.1875,,0.283,1,59.00,33.22
3086.76,steptest,214.0625,,0.283,1,58.94,33.01
3087.01,steptest,214.0625,,0.283,1,58.94,33.44
3087.26,steptest,214.1250,,0.283,1,59.00,33.65
3087.51,steptest,214.1250,,0.283,1,59.00,33.44
3087.76,steptest,214.1250,,0.283,0,59.00,33.01
3088.01,steptest,214.1250,,0.283,0,59.00,33.22
3088.26,steptest,214.0000,,0.283,0,58.94,33.86
3088.51,steptest,214.0625,,0.283,0,59.00,33.43
3088.76,steptest,214.0625,,0.283,0,59.06,33.22
3089.01,steptest,214.0625,,0.283,0,59.06,33.44
3089.26,steptest,214.0000,,0.283,0,59.00,33.22
3089.51,steptest,213.9375,,0.283,0,59.00,33.64
3089.76,steptest,214.0000,,0.283,0,59.06,33.65
3090.01,steptest,214.0000,,0.283,0,59.06,33.01
3090.26,steptest,213.8750,,0.283,0,59.00,33.00
3090.51,steptest,213.8750,,0.283,1,59.00,33.86
3090.76,steptest,213.8750,,0.283,1,59.06,33.22
3091.01,steptest,213.8750,,0.283,1,59.06,33.43
3091.26,steptest,213.8750,,0.283,1,59.06,33.65
3091.51,steptest,213.8125,,0.283,1,59.06,33.43
3091.76,steptest,213.8125,,0.283,0,59.06,33.22
3092.01,steptest,213.8125,,0.283,0,59.06,33.43
3092.26,steptest,213.7500,,0.283,0,59.06,33.86
3092.51,steptest,213.7500,,0.283,0,59.13,33.43
3092.76,steptest,213.7500,,0.283,0,59.06,33.01
3093.01,steptest,213.7500,,0.283,0,59.06,33.01
3093.26,steptest,213.7500,,0.283,0,59.06,33.65
3093.51,steptest,213.6875,,0.283,0,59.13,33.22
3093.76,steptest,213.6875,,0.283,0,59.13,33.22
3094.01,steptest,213.6875,,0.283,0,59.13,33.44
3094.26,steptest,213.5625,,0.283,0,59.06,33.22
3094.51,steptest,213.5625,,0.283,1,59.13,33.00
3094.76,steptest,213.5625,,0.283,1,59.13,33.66
3095.01,steptest,213.5625,,0.283,1,59.13,33.43
3095.26,steptest,213.5625,,0.283,1,59.13,32.79
3095.51,steptest,213.5000,,0.283,1,59.13,33.43
3095.76,steptest,213.5000,,0.283,0,59.13,33.43
3096.01,steptest,213.5000,,0.283,0,59.13,33.22
3096.26,steptest,213.5625,,0.283,0,59.19,33.65
3096.51,steptest,213.4375,,0.283,0,59.13,33.65
3096.76,steptest,213.4375,,0.283,0,59.19,33.00
3097.01,steptest,213.4375,,0.283,0,59.19,33.65
3097.26,steptest,213.3750,,0.283,0,59.13,33.01
3097.51,steptest,213.3750,,0.283,0,59.13,33.22
3097.76,steptest,213.3750,,0.283,0,59.19,33.65
3098.01,steptest,213.3750,,0.283,0,59.19,33.00
3098.26,steptest,213.3125,,0.283,0,59.13,33.22
3098.51,steptest,213.3750,,0.283,1,59.25,33.21
3098.76,steptest,213.3125,,0.283,1,59.25,33.22
3099.01,steptest,213.3125,,0.283,1,59.25,34.07
3099.26,steptest,213.3125,,0.283,1,59.25,33.00
3099.51,steptest,213.1875,,0.283,1,59.19,32.79
3099.76,steptest,213.1875,,0.283,0,59.19,33.65
3100.01,steptest,213.1875,,0.283,0,59.19,33.65
3100.26,steptest,213.1250,,0.283,0,59.19,33.00
3100.51,steptest,213.1250,,0.283,0,59.25,33.43
3100.76,steptest,213.0625,,0.283,0,59.19,33.86
3101.01,steptest,213.0625,,0.283,0,59.19,33.64
3101.26,steptest,213.1250,,0.283,0,59.25,33.22
3101.51,steptest,213.0625,,0.283,0,59.25,33.43
3101.76,steptest,213.0000,,0.283,0,59.19,33.86
3102.01,steptest,213.0000,,0.283,0,59.19,33.22
3102.26,steptest,213.0625,,0.283,0,59.25,33.43
3102.51,steptest,213.0000,,0.283,1,59.25,33.43
3102.76,steptest,212.8750,,0.283,1,59.25,33.86
3103.01,steptest,212.8750,,0.283,1,59.25,33.22
3103.26,steptest,212.8750,,0.283,1,59.25,33.22
3103.51,steptest,212.8750,,0.283,1,59.31,33.43
3103.76,steptest,212.8750,,0.283,0,59.31,33.65
3104.01,steptest,212.8750,,0.283,0,59.31,33.43
3104.26,steptest,212.8750,,0.283,0,59.31,33.44
3104.51,steptest,212.8125,,0.283,0,59.31,33.64
3104.76,steptest,212.8125,,0.283,0,59.31,33.65
3105.01,steptest,212.8125,,0.283,0,59.31,33.43
3105.26,steptest,212.8125,,0.283,0,59.31,33.01
3105.51,steptest,212.8125,,0.283,0,59.38,33.22
3105.76,steptest,212.6875,,0.283,0,59.31,33.43
3106.01,steptest,212.6875,,0.283,0,59.31,33.00
3106.26,steptest,212.6875,,0.283,0,59.31,33.01
3106.51,steptest,212.6250,,0.283,1,59.31,33.64
3106.76,steptest,212.6250,,0.283,1,59.38,33.22
3107.01,steptest,212.6250,,0.283,1,59.38,33.22
3107.26,steptest,212.5625,,0.283,1,59.31,33.65
3107.51,steptest,212.5000,,0.283,1,59.31,33.86
3107.76,steptest,212.4375,,0.283,0,59.31,33.00
3108.01,steptest,212.4375,,0.283,0,59.31,33.22
3108.26,steptest,212.4375,,0.283,0,59.31,33.43
3108.51,steptest,212.5000,,0.283,0,59.38,33.43
3108.76,steptest,212.4375,,0.283,0,59.31,33.43
3109.01,steptest,212.4375,,0.283,0,59.31,33.43
3109.26,steptest,212.3750,,0.283,0,59.31,33.44
3109.51,steptest,212.4375,,0.283,0,59.38,32.79
3109.76,steptest,212.4375,,0.283,0,59.44,33.22
3110.01,steptest,212.4375,,0.283,0,59.44,33.43
3110.26,steptest,212.3125,,0.283,0,59.38,33.86
3110.51,steptest,212.3125,,0.283,1,59.38,33.43
3110.76,steptest,212.2500,,0.283,1,59.38,33.22
3111.01,steptest,212.2500,,0.283,1,59.38,33.44
3111.26,steptest,212.2500,,0.283,1,59.38,33.43
3111.51,steptest,212.2500,,0.283,1,59.44,33.44
3111.76,steptest,212.1250,,0.283,0,59.38,33.43
3112.01,steptest,212.1250,,0.283,0,59.38,33.01
3112.26,steptest,212.0625,,0.283,0,59.38,33.43
3112.51,steptest,212.1250,,0.283,0,59.44,32.59
3112.76,steptest,212.0625,,0.283,0,59.38,33.00
3113.01,steptest,212.0625,,0.283,0,59.38,32.79
3113.26,steptest,212.1250,,0.283,0,59.44,33.00
3113.51,steptest,212.1250,,0.283,0,59.44,32.78
3113.76,steptest,212.0000,,0.283,0,59.44,33.01
3114.01,steptest,212.0000,,0.283,0,59.44,33.65
3114.26,steptest,212.0625,,0.283,0,59.44,33.86
3114.51,steptest,211.9375,,0.283,1,59.44,33.00
3114.76,steptest,211.8750,,0.283,1,59.44,33.65
3115.01,steptest,211.8750,,0.283,1,59.44,33.22
3115.26,steptest,211.8750,,0.283,1,59.44,33.65
3115.51,steptest,211.8750,,0.283,1,59.44,34.08
3115.76,steptest,211.8125,,0.283,0,59.44,33.43
3116.01,steptest,211.8125,,0.283,0,59.44,33.22
3116.26,steptest,211.8750,,0.283,0,59.50,33.43
3116.51,steptest,211.8125,,0.283,0,59.50,33.64
3116.76,steptest,211.7500,,0.283,0,59.44,33.43
3117.01,steptest,211.7500,,0.283,0,59.44,33.43
3117.26,steptest,211.7500,,0.283,0,59.50,33.22
3117.51,steptest,211.6875,,0.283,0,59.44,33.43
3117.76,steptest,211.6875,,0.283,0,59.50,33.86
3118.01,steptest,211.6875,,0.283,0,59.50,33.43
3118.26,steptest,211.6875,,0.283,0,59.50,33.22
3118.51,steptest,211.5625,,0.283,1,59.50,33.22
3118.76,steptest,211.5625,,0.283,1,59.50,33.22
3119.01,steptest,211.5625,,0.283,1,59.50,33.22
3119.26,steptest,211.5625,,0.283,1,59.50,33.00
3119.51,steptest,211.5000,,0.283,1,59.50,33.65
# step climb to 235C: duty 1.000, ceiling 225 C, 600 s
3119.76,steptest,211.5625,,1.000,0,59.56,33.22
3120.01,steptest,211.5625,,1.000,0,59.56,33.43
3120.26,steptest,211.5000,,1.000,0,59.50,33.22
3120.51,steptest,211.4375,,1.000,0,59.50,33.43
3120.76,steptest,211.3750,,1.000,0,59.50,33.22
3121.01,steptest,211.3750,,1.000,0,59.50,33.43
3121.26,steptest,211.3750,,1.000,0,59.50,33.43
3121.51,steptest,211.3750,,1.000,0,59.56,33.22
3121.76,steptest,211.3125,,1.000,0,59.50,33.86
3122.01,steptest,211.3125,,1.000,0,59.50,33.43
3122.26,steptest,211.3125,,1.000,0,59.56,33.22
3122.51,steptest,211.2500,,1.000,1,59.50,33.22
3122.76,steptest,211.3125,,1.000,1,59.56,33.22
3123.01,steptest,211.3125,,1.000,1,59.56,33.86
3123.26,steptest,211.2500,,1.000,1,59.56,32.58
3123.51,steptest,211.2500,,1.000,1,59.63,33.86
3123.76,steptest,211.1250,,1.000,1,59.56,33.22
3124.01,steptest,211.1250,,1.000,1,59.56,33.43
3124.26,steptest,211.2500,,1.000,1,59.63,33.86
3124.51,steptest,211.1250,,1.000,1,59.56,33.44
3124.76,steptest,211.1875,,1.000,1,59.63,33.43
3125.01,steptest,211.1875,,1.000,1,59.63,33.64
3125.26,steptest,211.2500,,1.000,1,59.63,33.44
3125.51,steptest,211.3125,,1.000,1,59.63,33.65
3125.76,steptest,211.3125,,1.000,1,59.63,33.22
3126.01,steptest,211.3125,,1.000,1,59.63,33.43
3126.26,steptest,211.4375,,1.000,1,59.63,33.22
3126.51,steptest,211.5625,,1.000,1,59.69,33.65
3126.76,steptest,211.5625,,1.000,1,59.69,33.65
3127.01,steptest,211.5625,,1.000,1,59.69,33.00
3127.26,steptest,211.6875,,1.000,1,59.63,33.22
3127.51,steptest,211.8125,,1.000,1,59.69,33.22
3127.76,steptest,211.9375,,1.000,1,59.69,33.65
3128.01,steptest,211.9375,,1.000,1,59.69,32.79
3128.26,steptest,212.0000,,1.000,1,59.69,33.43
3128.51,steptest,212.2500,,1.000,1,59.69,32.79
3128.76,steptest,212.3125,,1.000,1,59.63,33.01
3129.01,steptest,212.3125,,1.000,1,59.63,33.65
3129.26,steptest,212.5000,,1.000,1,59.75,34.08
3129.51,steptest,212.6875,,1.000,1,59.75,33.86
3129.76,steptest,212.8750,,1.000,1,59.75,33.22
3130.01,steptest,212.8750,,1.000,1,59.75,33.01
3130.26,steptest,213.0000,,1.000,1,59.69,33.22
3130.51,steptest,213.1250,,1.000,1,59.69,32.79
3130.76,steptest,213.3750,,1.000,1,59.69,33.01
3131.01,steptest,213.3750,,1.000,1,59.69,33.65
3131.26,steptest,213.5625,,1.000,1,59.69,33.65
3131.51,steptest,213.7500,,1.000,1,59.75,33.43
3131.76,steptest,213.9375,,1.000,1,59.69,33.43
3132.01,steptest,213.9375,,1.000,1,59.69,33.43
3132.26,steptest,214.1250,,1.000,1,59.69,33.22
3132.51,steptest,214.5000,,1.000,1,59.75,33.00
3132.76,steptest,214.6875,,1.000,1,59.75,33.00
3133.01,steptest,214.6875,,1.000,1,59.75,33.65
3133.26,steptest,214.9375,,1.000,1,59.75,33.22
3133.51,steptest,215.1875,,1.000,1,59.75,33.86
3133.76,steptest,215.3125,,1.000,1,59.75,33.00
3134.01,steptest,215.3125,,1.000,1,59.75,33.22
3134.26,steptest,215.6250,,1.000,1,59.75,33.22
3134.51,steptest,215.8125,,1.000,1,59.75,33.22
3134.76,steptest,216.2500,,1.000,1,59.75,33.22
3135.01,steptest,216.2500,,1.000,1,59.75,33.44
3135.26,steptest,216.3750,,1.000,1,59.75,33.43
3135.51,steptest,216.8125,,1.000,1,59.81,33.22
3135.76,steptest,217.0625,,1.000,1,59.88,33.01
3136.01,steptest,217.0625,,1.000,1,59.88,33.22
3136.26,steptest,217.2500,,1.000,1,59.81,33.86
3136.51,steptest,217.6250,,1.000,1,59.81,33.65
3136.76,steptest,217.8125,,1.000,1,59.88,33.00
3137.01,steptest,217.8125,,1.000,1,59.88,33.22
3137.26,steptest,218.1875,,1.000,1,59.81,33.65
3137.51,steptest,218.4375,,1.000,1,59.88,33.22
3137.76,steptest,218.8125,,1.000,1,59.81,33.44
3138.01,steptest,218.8125,,1.000,1,59.81,33.43
3138.26,steptest,219.0000,,1.000,1,59.81,33.22
3138.51,steptest,219.2500,,1.000,1,59.88,33.22
3138.76,steptest,219.6875,,1.000,1,59.88,33.44
3139.01,steptest,219.6875,,1.000,1,59.88,33.64
3139.26,steptest,219.8750,,1.000,1,59.88,33.22
3139.51,steptest,220.2500,,1.000,1,59.88,33.65
3139.76,steptest,220.5000,,1.000,1,59.88,33.22
3140.01,steptest,220.5000,,1.000,1,59.88,33.86
3140.26,steptest,220.8750,,1.000,1,59.88,33.22
3140.51,steptest,221.1250,,1.000,1,59.88,33.22
3140.76,steptest,221.3125,,1.000,1,59.88,33.65
3141.01,steptest,221.3125,,1.000,1,59.88,33.22
3141.26,steptest,221.7500,,1.000,1,59.88,33.22
3141.51,steptest,221.9375,,1.000,1,59.88,33.22
3141.76,steptest,222.5000,,1.000,1,59.94,33.65
3142.01,steptest,222.5000,,1.000,1,59.94,33.43
3142.26,steptest,222.6250,,1.000,1,59.88,33.22
3142.51,steptest,223.1250,,1.000,1,59.88,33.22
3142.76,steptest,223.3125,,1.000,1,59.88,33.65
3143.01,steptest,223.3125,,1.000,1,59.88,33.22
3143.26,steptest,223.5000,,1.000,1,59.88,33.22
3143.51,steptest,223.9375,,1.000,1,59.88,33.22
3143.76,steptest,224.1875,,1.000,1,59.88,33.43
3144.01,steptest,224.1875,,1.000,1,59.88,32.79
3144.26,steptest,224.7500,,1.000,1,59.94,33.22
3144.51,steptest,224.9375,,1.000,1,59.94,33.22
3144.76,steptest,225.4375,,0.000,1,59.94,33.22
# step 235C settle: duty 0.526, ceiling 250 C, 180 s
3145.01,steptest,225.4375,,0.526,1,59.94,33.65
3145.26,steptest,225.6250,,0.526,1,59.94,33.22
3145.51,steptest,225.8750,,0.526,1,59.94,33.22
3145.76,steptest,226.3125,,0.526,1,59.94,33.44
3146.01,steptest,226.3125,,0.526,1,59.94,33.65
3146.26,steptest,226.5625,,0.526,1,59.94,33.43
3146.51,steptest,227.0625,,0.526,1,59.94,33.01
3146.76,steptest,227.3125,,0.526,1,60.00,33.21
3147.01,steptest,227.3125,,0.526,1,60.00,34.07
3147.26,steptest,227.5000,,0.526,1,59.94,33.01
3147.51,steptest,228.0000,,0.526,1,60.00,33.65
3147.76,steptest,228.2500,,0.526,1,60.00,33.22
3148.01,steptest,228.2500,,0.526,1,60.00,33.65
3148.26,steptest,228.6250,,0.526,1,59.94,33.01
3148.51,steptest,228.9375,,0.526,1,60.00,33.22
3148.76,steptest,229.4375,,0.526,0,60.00,33.43
3149.01,steptest,229.4375,,0.526,0,60.00,33.00
3149.26,steptest,229.6250,,0.526,0,60.00,33.65
3149.51,steptest,229.8125,,0.526,0,60.00,33.01
3149.76,steptest,230.1875,,0.526,0,60.00,33.22
3150.01,steptest,230.1875,,0.526,0,60.00,33.22
3150.26,steptest,230.3750,,0.526,0,60.00,33.22
3150.51,steptest,230.6250,,0.526,1,60.00,33.64
3150.76,steptest,230.8125,,0.526,1,60.06,33.00
3151.01,steptest,230.8125,,0.526,1,60.06,34.08
3151.26,steptest,231.0000,,0.526,1,60.00,33.01
3151.51,steptest,231.1250,,0.526,1,60.06,32.79
3151.76,steptest,231.3125,,0.526,1,60.06,33.43
3152.01,steptest,231.3125,,0.526,1,60.06,33.22
3152.26,steptest,231.5000,,0.526,1,60.06,33.01
3152.51,steptest,231.6875,,0.526,1,60.06,33.22
3152.76,steptest,231.9375,,0.526,0,60.06,33.43
3153.01,steptest,231.9375,,0.526,0,60.06,33.00
3153.26,steptest,232.1250,,0.526,0,60.06,33.43
3153.51,steptest,232.3750,,0.526,0,60.06,33.43
3153.76,steptest,232.5000,,0.526,0,60.06,33.65
3154.01,steptest,232.5000,,0.526,0,60.06,33.43
3154.26,steptest,232.5625,,0.526,0,60.06,33.22
3154.51,steptest,232.7500,,0.526,1,60.06,33.22
3154.76,steptest,232.8750,,0.526,1,60.13,33.22
3155.01,steptest,232.8750,,0.526,1,60.13,33.43
3155.26,steptest,233.0000,,0.526,1,60.06,33.22
3155.51,steptest,233.1250,,0.526,1,60.13,33.64
3155.76,steptest,233.2500,,0.526,1,60.13,33.44
3156.01,steptest,233.2500,,0.526,1,60.13,33.22
3156.26,steptest,233.4375,,0.526,1,60.13,33.22
3156.51,steptest,233.5000,,0.526,1,60.13,33.86
3156.76,steptest,233.7500,,0.526,0,60.13,33.21
3157.01,steptest,233.7500,,0.526,0,60.13,33.65
3157.26,steptest,233.9375,,0.526,0,60.19,33.00
3157.51,steptest,234.0000,,0.526,0,60.13,33.86
3157.76,steptest,234.1875,,0.526,0,60.19,32.79
3158.01,steptest,234.1875,,0.526,0,60.19,33.22
3158.26,steptest,234.3125,,0.526,0,60.19,33.43
3158.51,steptest,234.3750,,0.526,1,60.19,33.22
3158.76,steptest,234.4375,,0.526,1,60.19,33.43
3159.01,steptest,234.4375,,0.526,1,60.19,33.65
3159.26,steptest,234.5625,,0.526,1,60.19,33.22
3159.51,steptest,234.6250,,0.526,1,60.19,33.00
3159.76,steptest,234.7500,,0.526,1,60.19,33.01
3160.01,steptest,234.7500,,0.526,1,60.19,33.43
3160.26,steptest,234.8750,,0.526,1,60.19,32.79
3160.51,steptest,234.9375,,0.526,1,60.19,33.43
3160.76,steptest,235.1875,,0.526,0,60.25,33.22
3161.01,steptest,235.1875,,0.526,0,60.25,33.43
3161.26,steptest,235.2500,,0.526,0,60.25,33.86
3161.51,steptest,235.3750,,0.526,0,60.25,33.43
3161.76,steptest,235.4375,,0.526,0,60.25,34.08
3162.01,steptest,235.4375,,0.526,0,60.25,33.00
3162.26,steptest,235.5625,,0.526,0,60.25,33.22
3162.51,steptest,235.6250,,0.526,1,60.31,33.43
3162.76,steptest,235.8125,,0.526,1,60.31,33.43
3163.01,steptest,235.8125,,0.526,1,60.31,33.86
3163.26,steptest,235.8125,,0.526,1,60.25,33.43
3163.51,steptest,235.8125,,0.526,1,60.25,33.43
3163.76,steptest,235.9375,,0.526,1,60.25,33.01
3164.01,steptest,235.9375,,0.526,1,60.25,33.43
3164.26,steptest,235.9375,,0.526,1,60.25,33.43
3164.51,steptest,236.1875,,0.526,1,60.38,33.22
3164.76,steptest,236.2500,,0.526,0,60.31,33.22
3165.01,steptest,236.2500,,0.526,0,60.31,33.43
3165.26,steptest,236.5000,,0.526,0,60.38,33.22
3165.51,steptest,236.5000,,0.526,0,60.31,33.43
3165.76,steptest,236.5000,,0.526,0,60.31,33.65
3166.01,steptest,236.5000,,0.526,0,60.31,33.22
3166.26,steptest,236.6875,,0.526,0,60.38,33.43
3166.51,steptest,236.7500,,0.526,1,60.31,33.43
3166.76,steptest,236.5625,,0.526,1,60.31,33.43
3167.01,steptest,236.5625,,0.526,1,60.31,33.22
3167.26,steptest,236.7500,,0.526,1,60.31,33.64
3167.51,steptest,236.8125,,0.526,1,60.31,33.65
3167.76,steptest,236.9375,,0.526,1,60.38,33.65
3168.01,steptest,236.9375,,0.526,1,60.38,34.08
3168.26,steptest,237.0000,,0.526,1,60.38,33.65
3168.51,steptest,237.1250,,0.526,1,60.38,33.65
3168.76,steptest,237.1875,,0.526,0,60.38,33.22
3169.01,steptest,237.1875,,0.526,0,60.38,33.43
3169.26,steptest,237.3125,,0.526,0,60.38,33.43
3169.51,steptest,237.5000,,0.526,0,60.44,33.43
3169.76,steptest,237.4375,,0.526,0,60.38,33.22
3170.01,steptest,237.4375,,0.526,0,60.38,33.22
3170.26,steptest,237.5000,,0.526,0,60.38,33.21
3170.51,steptest,237.5000,,0.526,1,60.38,33.86
3170.76,steptest,237.6250,,0.526,1,60.44,33.86
3171.01,steptest,237.6250,,0.526,1,60.44,33.65
3171.26,steptest,237.6250,,0.526,1,60.38,33.65
3171.51,steptest,237.7500,,0.526,1,60.44,33.65
3171.76,steptest,237.7500,,0.526,1,60.44,33.44
3172.01,steptest,237.7500,,0.526,1,60.44,33.00
3172.26,steptest,237.8750,,0.526,1,60.44,33.65
3172.51,steptest,237.9375,,0.526,1,60.44,33.22
3172.76,steptest,237.9375,,0.526,0,60.44,33.01
3173.01,steptest,237.9375,,0.526,0,60.44,33.22
3173.26,steptest,238.1875,,0.526,0,60.50,33.43
3173.51,steptest,238.1875,,0.526,0,60.50,33.22
3173.76,steptest,238.3125,,0.526,0,60.50,33.22
3174.01,steptest,238.3125,,0.526,0,60.50,33.22
3174.26,steptest,238.3750,,0.526,0,60.50,33.43
3174.51,steptest,238.3125,,0.526,1,60.44,33.65
3174.76,steptest,238.4375,,0.526,1,60.50,33.44
3175.01,steptest,238.4375,,0.526,1,60.50,33.65
3175.26,steptest,238.4375,,0.526,1,60.50,33.65
3175.51,steptest,238.4375,,0.526,1,60.50,33.44
3175.76,steptest,238.5000,,0.526,1,60.50,33.65
3176.01,steptest,238.5000,,0.526,1,60.50,34.07
3176.26,steptest,238.6250,,0.526,1,60.56,33.44
3176.51,steptest,238.6875,,0.526,1,60.56,33.44
3176.76,steptest,238.8125,,0.526,0,60.56,33.22
3177.01,steptest,238.8125,,0.526,0,60.56,33.22
3177.26,steptest,238.8125,,0.526,0,60.50,33.44
3177.51,steptest,238.9375,,0.526,0,60.56,32.79
3177.76,steptest,239.0625,,0.526,0,60.63,33.64
3178.01,steptest,239.0625,,0.526,0,60.63,33.43
3178.26,steptest,239.0000,,0.526,0,60.56,33.65
3178.51,steptest,239.1250,,0.526,1,60.63,33.65
3178.76,steptest,239.0625,,0.526,1,60.56,33.86
3179.01,steptest,239.0625,,0.526,1,60.56,33.01
3179.26,steptest,239.1875,,0.526,1,60.63,33.86
3179.51,steptest,239.1875,,0.526,1,60.63,33.00
3179.76,steptest,239.1875,,0.526,1,60.63,33.65
3180.01,steptest,239.1875,,0.526,1,60.63,33.65
3180.26,steptest,239.2500,,0.526,1,60.56,33.43
3180.51,steptest,239.3750,,0.526,1,60.63,33.22
3180.76,steptest,239.3750,,0.526,0,60.56,33.43
3181.01,steptest,239.3750,,0.526,0,60.56,33.22
3181.26,steptest,239.5000,,0.526,0,60.63,33.65
3181.51,steptest,239.6250,,0.526,0,60.69,33.00
3181.76,steptest,239.6875,,0.526,0,60.69,33.21
3182.01,steptest,239.6875,,0.526,0,60.69,33.65
3182.26,steptest,239.6250,,0.526,0,60.63,33.22
3182.51,steptest,239.6875,,0.526,1,60.69,33.00
3182.76,steptest,239.7500,,0.526,1,60.69,32.79
3183.01,steptest,239.7500,,0.526,1,60.69,33.22
3183.26,steptest,239.8125,,0.526,1,60.69,33.64
3183.51,steptest,239.8750,,0.526,1,60.75,33.65
3183.76,steptest,239.8125,,0.526,1,60.69,33.43
3184.01,steptest,239.8125,,0.526,1,60.69,32.78
3184.26,steptest,239.9375,,0.526,1,60.69,33.22
3184.51,steptest,240.0000,,0.526,1,60.75,33.01
3184.76,steptest,240.0625,,0.526,0,60.69,33.22
3185.01,steptest,240.0625,,0.526,0,60.69,33.22
3185.26,steptest,240.1250,,0.526,0,60.75,33.43
3185.51,steptest,240.1250,,0.526,0,60.69,33.64
3185.76,steptest,240.2500,,0.526,0,60.75,33.00
3186.01,steptest,240.2500,,0.526,0,60.75,32.37
3186.26,steptest,240.2500,,0.526,0,60.75,33.65
3186.51,steptest,240.3125,,0.526,1,60.75,33.65
3186.76,steptest,240.3125,,0.526,1,60.75,34.07
3187.01,steptest,240.3125,,0.526,1,60.75,33.43
3187.26,steptest,240.4375,,0.526,1,60.81,33.00
3187.51,steptest,240.4375,,0.526,1,60.81,34.07
3187.76,steptest,240.3750,,0.526,1,60.75,33.43
3188.01,steptest,240.3750,,0.526,1,60.75,33.65
3188.26,steptest,240.5000,,0.526,1,60.81,33.64
3188.51,steptest,240.4375,,0.526,1,60.75,33.01
3188.76,steptest,240.6250,,0.526,0,60.81,33.43
3189.01,steptest,240.6250,,0.526,0,60.81,33.22
3189.26,steptest,240.6875,,0.526,0,60.81,33.43
3189.51,steptest,240.7500,,0.526,0,60.81,32.36
3189.76,steptest,240.8125,,0.526,0,60.81,33.43
3190.01,steptest,240.8125,,0.526,0,60.81,33.64
3190.26,steptest,240.9375,,0.526,0,60.88,33.00
3190.51,steptest,240.9375,,0.526,1,60.88,33.01
3190.76,steptest,240.8750,,0.526,1,60.81,33.43
3191.01,steptest,240.8750,,0.526,1,60.81,33.22
3191.26,steptest,240.8750,,0.526,1,60.81,33.43
3191.51,steptest,240.8750,,0.526,1,60.81,33.43
3191.76,steptest,240.9375,,0.526,1,60.81,33.22
3192.01,steptest,240.9375,,0.526,1,60.81,33.43
3192.26,steptest,241.0000,,0.526,1,60.88,34.08
3192.51,steptest,241.1250,,0.526,1,60.88,33.65
3192.76,steptest,241.1875,,0.526,0,60.88,33.65
3193.01,steptest,241.1875,,0.526,0,60.88,33.43
3193.26,steptest,241.1875,,0.526,0,60.88,33.65
3193.51,steptest,241.3750,,0.526,0,60.94,33.43
3193.76,steptest,241.3750,,0.526,0,60.94,33.22
3194.01,steptest,241.3750,,0.526,0,60.94,33.65
3194.26,steptest,241.4375,,0.526,0,60.94,33.44
3194.51,steptest,241.3750,,0.526,1,60.88,33.44
3194.76,steptest,241.4375,,0.526,1,60.94,33.22
3195.01,steptest,241.4375,,0.526,1,60.94,33.00
3195.26,steptest,241.5000,,0.526,1,61.00,33.22
3195.51,steptest,241.4375,,0.526,1,60.94,33.22
3195.76,steptest,241.5000,,0.526,1,60.94,33.43
3196.01,steptest,241.5000,,0.526,1,60.94,33.22
3196.26,steptest,241.5000,,0.526,1,60.94,33.64
3196.51,steptest,241.6250,,0.526,1,60.94,33.43
3196.76,steptest,241.6250,,0.526,0,60.94,33.64
3197.01,steptest,241.6250,,0.526,0,60.94,33.22
3197.26,steptest,241.6875,,0.526,0,60.94,33.86
3197.51,steptest,241.8125,,0.526,0,60.94,33.22
3197.76,steptest,241.8125,,0.526,0,60.94,33.22
3198.01,steptest,241.8125,,0.526,0,60.94,33.22
3198.26,steptest,241.9375,,0.526,0,61.00,33.43
3198.51,steptest,241.9375,,0.526,1,61.00,33.22
3198.76,steptest,241.8750,,0.526,1,60.94,34.08
3199.01,steptest,241.8750,,0.526,1,60.94,33.00
3199.26,steptest,241.9375,,0.526,1,61.00,33.22
3199.51,steptest,241.9375,,0.526,1,61.00,33.01
3199.76,steptest,242.0000,,0.526,1,61.00,33.22
3200.01,steptest,242.0000,,0.526,1,61.00,33.43
3200.26,steptest,242.0625,,0.526,1,61.06,34.07
3200.51,steptest,242.1250,,0.526,1,61.00,33.44
3200.76,steptest,242.1250,,0.526,0,61.00,33.65
3201.01,steptest,242.1250,,0.526,0,61.00,33.22
3201.26,steptest,242.2500,,0.526,0,61.06,33.22
3201.51,steptest,242.2500,,0.526,0,61.00,33.43
3201.76,steptest,242.4375,,0.526,0,61.06,34.29
3202.01,steptest,242.4375,,0.526,0,61.06,33.86
3202.26,steptest,242.3125,,0.526,0,61.00,33.43
3202.51,steptest,242.4375,,0.526,1,61.06,33.86
3202.76,steptest,242.4375,,0.526,1,61.06,33.44
3203.01,steptest,242.4375,,0.526,1,61.06,33.65
3203.26,steptest,242.4375,,0.526,1,61.06,33.22
3203.51,steptest,242.5000,,0.526,1,61.13,33.22
3203.76,steptest,242.4375,,0.526,1,61.06,33.22
3204.01,steptest,242.4375,,0.526,1,61.06,33.64
3204.26,steptest,242.5000,,0.526,1,61.06,33.44
3204.51,steptest,242.5625,,0.526,1,61.06,33.43
3204.76,steptest,242.6250,,0.526,0,61.06,33.86
3205.01,steptest,242.6250,,0.526,0,61.06,33.01
3205.26,steptest,242.6875,,0.526,0,61.06,33.86
3205.51,steptest,242.7500,,0.526,0,61.06,33.22
3205.76,steptest,242.8125,,0.526,0,61.06,33.22
3206.01,steptest,242.8125,,0.526,0,61.06,33.65
3206.26,steptest,242.8750,,0.526,0,61.13,33.86
3206.51,steptest,242.8125,,0.526,1,61.06,33.43
3206.76,steptest,242.9375,,0.526,1,61.13,33.44
3207.01,steptest,242.9375,,0.526,1,61.13,33.65
3207.26,steptest,242.8750,,0.526,1,61.13,33.22
3207.51,steptest,242.8750,,0.526,1,61.13,33.22
3207.76,steptest,242.9375,,0.526,1,61.13,32.57
3208.01,steptest,242.9375,,0.526,1,61.13,33.86
3208.26,steptest,243.0000,,0.526,1,61.13,33.86
3208.51,steptest,243.1250,,0.526,1,61.19,32.58
3208.76,steptest,243.1250,,0.526,0,61.13,33.22
3209.01,steptest,243.1250,,0.526,0,61.13,34.07
3209.26,steptest,243.2500,,0.526,0,61.19,34.08
3209.51,steptest,243.2500,,0.526,0,61.19,33.43
3209.76,steptest,243.3125,,0.526,0,61.19,33.22
3210.01,steptest,243.3125,,0.526,0,61.19,33.22
3210.26,steptest,243.3125,,0.526,0,61.13,33.65
3210.51,steptest,243.3750,,0.526,1,61.19,33.43
3210.76,steptest,243.6875,,0.526,1,61.25,33.65
3211.01,steptest,243.6875,,0.526,1,61.25,33.43
3211.26,steptest,243.4375,,0.526,1,61.25,33.43
3211.51,steptest,243.4375,,0.526,1,61.25,33.22
3211.76,steptest,243.4375,,0.526,1,61.25,33.43
3212.01,steptest,243.4375,,0.526,1,61.25,33.87
3212.26,steptest,243.4375,,0.526,1,61.19,33.43
3212.51,steptest,243.6250,,0.526,1,61.31,33.22
3212.76,steptest,243.6250,,0.526,0,61.25,33.64
3213.01,steptest,243.6250,,0.526,0,61.25,33.22
3213.26,steptest,243.6875,,0.526,0,61.25,33.65
3213.51,steptest,243.6875,,0.526,0,61.31,33.43
3213.76,steptest,243.7500,,0.526,0,61.25,34.07
3214.01,steptest,243.7500,,0.526,0,61.25,34.07
3214.26,steptest,243.8125,,0.526,0,61.25,33.65
3214.51,steptest,243.8750,,0.526,1,61.31,33.22
3214.76,steptest,243.8125,,0.526,1,61.25,33.65
3215.01,steptest,243.8125,,0.526,1,61.25,33.65
3215.26,steptest,243.9375,,0.526,1,61.38,33.65
3215.51,steptest,243.9375,,0.526,1,61.31,33.00
3215.76,steptest,244.0000,,0.526,1,61.38,33.43
3216.01,steptest,244.0000,,0.526,1,61.38,33.44
3216.26,steptest,244.0625,,0.526,1,61.38,33.43
3216.51,steptest,244.0625,,0.526,1,61.38,33.43
3216.76,steptest,244.1250,,0.526,0,61.38,33.64
3217.01,steptest,244.1250,,0.526,0,61.38,33.22
3217.26,steptest,244.2500,,0.526,0,61.44,33.22
3217.51,steptest,244.2500,,0.526,0,61.38,33.64
3217.76,steptest,244.3125,,0.526,0,61.44,33.44
3218.01,steptest,244.3125,,0.526,0,61.44,33.64
3218.26,steptest,244.3750,,0.526,0,61.44,33.00
3218.51,steptest,244.3125,,0.526,1,61.38,33.43
3218.76,steptest,244.3750,,0.526,1,61.44,33.64
3219.01,steptest,244.3750,,0.526,1,61.44,33.86
3219.26,steptest,244.4375,,0.526,1,61.50,33.43
3219.51,steptest,244.3750,,0.526,1,61.44,33.64
3219.76,steptest,244.5000,,0.526,1,61.50,33.65
3220.01,steptest,244.5000,,0.526,1,61.50,33.43
3220.26,steptest,244.4375,,0.526,1,61.44,33.86
3220.51,steptest,244.5625,,0.526,1,61.50,33.43
3220.76,steptest,244.6250,,0.526,0,61.50,33.65
3221.01,steptest,244.6250,,0.526,0,61.50,33.43
3221.26,steptest,244.6875,,0.526,0,61.50,33.00
3221.51,steptest,244.7500,,0.526,0,61.50,33.00
3221.76,steptest,244.7500,,0.526,0,61.50,33.22
3222.01,steptest,244.7500,,0.526,0,61.50,33.65
3222.26,steptest,244.7500,,0.526,0,61.50,33.43
3222.51,steptest,244.8125,,0.526,1,61.56,34.08
3222.76,steptest,244.8750,,0.526,1,61.63,33.22
3223.01,steptest,244.8750,,0.526,1,61.63,33.23
3223.26,steptest,244.8750,,0.526,1,61.56,33.43
3223.51,steptest,244.8125,,0.526,1,61.56,33.43
3223.76,steptest,244.8750,,0.526,1,61.56,33.64
3224.01,steptest,244.8750,,0.526,1,61.56,33.65
3224.26,steptest,244.9375,,0.526,1,61.56,33.64
3224.51,steptest,245.0625,,0.526,1,61.63,33.43
3224.76,steptest,245.1250,,0.526,0,61.63,33.65
3225.01,steptest,245.1250,,0.526,0,61.63,33.86
3225.26,steptest,245.1875,,0.526,0,61.63,33.43
3225.51,steptest,245.1875,,0.526,0,61.63,33.64
3225.76,steptest,245.2500,,0.526,0,61.63,33.64
3226.01,steptest,245.2500,,0.526,0,61.63,33.43
3226.26,steptest,245.3125,,0.526,0,61.63,33.86
3226.51,steptest,245.2500,,0.526,1,61.63,33.43
3226.76,steptest,245.1875,,0.526,1,61.63,33.64
3227.01,steptest,245.1875,,0.526,1,61.63,34.07
3227.26,steptest,245.3125,,0.526,1,61.63,33.22
3227.51,steptest,245.3750,,0.526,1,61.69,33.22
3227.76,steptest,245.3750,,0.526,1,61.69,33.21
3228.01,steptest,245.3750,,0.526,1,61.69,33.22
3228.26,steptest,245.3750,,0.526,1,61.69,33.86
3228.51,steptest,245.4375,,0.526,1,61.69,33.86
3228.76,steptest,245.5625,,0.526,0,61.75,33.43
3229.01,steptest,245.5625,,0.526,0,61.75,33.65
3229.26,steptest,245.6250,,0.526,0,61.69,33.43
3229.51,steptest,245.6250,,0.526,0,61.69,33.64
3229.76,steptest,245.6875,,0.526,0,61.75,33.43
3230.01,steptest,245.6875,,0.526,0,61.75,33.64
3230.26,steptest,245.7500,,0.526,0,61.75,33.65
3230.51,steptest,245.7500,,0.526,1,61.75,33.00
3230.76,steptest,245.7500,,0.526,1,61.75,33.22
3231.01,steptest,245.7500,,0.526,1,61.75,33.43
3231.26,steptest,245.8125,,0.526,1,61.75,33.65
3231.51,steptest,245.8125,,0.526,1,61.75,33.01
3231.76,steptest,245.8125,,0.526,1,61.75,33.43
3232.01,steptest,245.8125,,0.526,1,61.75,33.86
3232.26,steptest,245.8750,,0.526,1,61.81,33.64
3232.51,steptest,245.8750,,0.526,1,61.81,33.43
3232.76,steptest,246.0000,,0.526,0,61.81,33.86
3233.01,steptest,246.0000,,0.526,0,61.81,33.22
3233.26,steptest,246.0625,,0.526,0,61.81,33.65
3233.51,steptest,246.0625,,0.526,0,61.81,33.65
3233.76,steptest,246.1250,,0.526,0,61.81,33.43
3234.01,steptest,246.1250,,0.526,0,61.81,33.64
3234.26,steptest,246.1875,,0.526,0,61.81,33.21
3234.51,steptest,246.1875,,0.526,1,61.88,33.65
3234.76,steptest,246.1250,,0.526,1,61.81,33.86
3235.01,steptest,246.1250,,0.526,1,61.81,33.22
3235.26,steptest,246.2500,,0.526,1,61.88,33.43
3235.51,steptest,246.1875,,0.526,1,61.88,33.65
3235.76,steptest,246.1875,,0.526,1,61.81,34.08
3236.01,steptest,246.1875,,0.526,1,61.81,33.00
3236.26,steptest,246.3125,,0.526,1,61.88,33.86
3236.51,steptest,246.3750,,0.526,1,61.88,33.65
3236.76,steptest,246.4375,,0.526,0,61.88,33.64
3237.01,steptest,246.4375,,0.526,0,61.88,33.86
3237.26,steptest,246.5625,,0.526,0,61.94,33.65
3237.51,steptest,246.5000,,0.526,0,61.88,34.07
3237.76,steptest,246.5625,,0.526,0,61.88,33.86
3238.01,steptest,246.5625,,0.526,0,61.88,33.86
3238.26,steptest,246.6250,,0.526,0,61.94,33.65
3238.51,steptest,246.6250,,0.526,1,61.94,33.65
3238.76,steptest,246.6875,,0.526,1,61.94,33.43
3239.01,steptest,246.6875,,0.526,1,61.94,33.22
3239.26,steptest,246.6875,,0.526,1,61.94,33.86
3239.51,steptest,246.7500,,0.526,1,62.00,32.79
3239.76,steptest,246.6875,,0.526,1,61.94,33.01
3240.01,steptest,246.6875,,0.526,1,61.94,33.64
3240.26,steptest,246.7500,,0.526,1,61.94,33.22
3240.51,steptest,246.8125,,0.526,1,62.00,34.07
3240.76,steptest,246.8750,,0.526,0,61.94,33.44
3241.01,steptest,246.8750,,0.526,0,61.94,33.86
3241.26,steptest,246.9375,,0.526,0,62.00,33.43
3241.51,steptest,247.0625,,0.526,0,62.06,33.22
3241.76,steptest,247.0000,,0.526,0,62.00,33.86
3242.01,steptest,247.0000,,0.526,0,62.00,33.43
3242.26,steptest,247.0625,,0.526,0,62.00,33.86
3242.51,steptest,247.0625,,0.526,1,62.06,33.86
3242.76,steptest,247.3125,,0.526,1,62.00,33.86
3243.01,steptest,247.3125,,0.526,1,62.00,33.43
3243.26,steptest,247.1875,,0.526,1,62.06,33.22
3243.51,steptest,247.1250,,0.526,1,62.06,33.65
3243.76,steptest,247.1250,,0.526,1,62.06,33.43
3244.01,steptest,247.1250,,0.526,1,62.06,33.22
3244.26,steptest,247.1875,,0.526,1,62.06,33.86
3244.51,steptest,247.3125,,0.526,1,62.13,33.86
3244.76,steptest,247.2500,,0.526,0,62.06,33.22
3245.01,steptest,247.2500,,0.526,0,62.06,33.22
3245.26,steptest,247.4375,,0.526,0,62.13,33.43
3245.51,steptest,247.4375,,0.526,0,62.06,33.01
3245.76,steptest,247.5000,,0.526,0,62.13,33.00
3246.01,steptest,247.5000,,0.526,0,62.13,33.65
3246.26,steptest,247.5000,,0.526,0,62.13,33.64
3246.51,steptest,247.5625,,0.526,1,62.13,33.86
3246.76,steptest,247.5625,,0.526,1,62.19,33.86
3247.01,steptest,247.5625,,0.526,1,62.19,33.22
3247.26,steptest,247.5625,,0.526,1,62.13,33.86
3247.51,steptest,247.6250,,0.526,1,62.19,33.64
3247.76,steptest,247.6250,,0.526,1,62.19,33.86
3248.01,steptest,247.6250,,0.526,1,62.19,33.65
3248.26,steptest,247.5625,,0.526,1,62.13,33.43
3248.51,steptest,247.6875,,0.526,1,62.19,34.07
3248.76,steptest,247.7500,,0.526,0,62.19,33.65
3249.01,steptest,247.7500,,0.526,0,62.19,33.64
3249.26,steptest,247.8125,,0.526,0,62.19,33.22
3249.51,steptest,247.8750,,0.526,0,62.25,33.64
3249.76,steptest,247.9375,,0.526,0,62.25,32.57
3250.01,steptest,247.9375,,0.526,0,62.25,33.65
3250.26,steptest,247.9375,,0.526,0,62.25,33.43
3250.51,steptest,248.0000,,0.526,1,62.25,32.79
3250.76,steptest,248.0000,,0.526,1,62.25,33.22
3251.01,steptest,248.0000,,0.526,1,62.25,33.43
3251.26,steptest,248.0000,,0.526,1,62.25,33.65
3251.51,steptest,248.0000,,0.526,1,62.25,33.22
3251.76,steptest,248.1250,,0.526,1,62.31,33.43
3252.01,steptest,248.1250,,0.526,1,62.31,33.43
3252.26,steptest,248.0625,,0.526,1,62.25,33.43
3252.51,steptest,248.1875,,0.526,1,62.31,33.00
3252.76,steptest,248.2500,,0.526,0,62.38,33.86
3253.01,steptest,248.2500,,0.526,0,62.38,33.43
3253.26,steptest,248.2500,,0.526,0,62.31,33.22
3253.51,steptest,248.3750,,0.526,0,62.38,33.43
3253.76,steptest,248.3750,,0.526,0,62.38,33.65
3254.01,steptest,248.3750,,0.526,0,62.38,33.22
3254.26,steptest,248.3750,,0.526,0,62.31,33.43
3254.51,steptest,248.4375,,0.526,1,62.38,33.22
3254.76,steptest,248.4375,,0.526,1,62.38,33.65
3255.01,steptest,248.4375,,0.526,1,62.38,33.86
3255.26,steptest,248.4375,,0.526,1,62.38,33.86
3255.51,steptest,248.5000,,0.526,1,62.38,33.65
3255.76,steptest,248.5000,,0.526,1,62.44,33.64
3256.01,steptest,248.5000,,0.526,1,62.44,33.43
3256.26,steptest,248.5625,,0.526,1,62.44,33.43
3256.51,steptest,248.6250,,0.526,1,62.44,33.64
3256.76,steptest,248.6875,,0.526,0,62.44,34.07
3257.01,steptest,248.6875,,0.526,0,62.44,33.22
3257.26,steptest,248.6875,,0.526,0,62.44,33.43
3257.51,steptest,248.7500,,0.526,0,62.44,34.08
3257.76,steptest,248.8125,,0.526,0,62.44,33.65
3258.01,steptest,248.8125,,0.526,0,62.44,33.00
3258.26,steptest,248.8750,,0.526,0,62.44,33.65
3258.51,steptest,248.8750,,0.526,1,62.44,33.00
3258.76,steptest,248.8750,,0.526,1,62.50,33.65
3259.01,steptest,248.8750,,0.526,1,62.50,34.29
3259.26,steptest,248.9375,,0.526,1,62.50,33.00
3259.51,steptest,248.8750,,0.526,1,62.50,33.43
3259.76,steptest,248.9375,,0.526,1,62.50,33.86
3260.01,steptest,248.9375,,0.526,1,62.50,33.65
3260.26,steptest,249.0000,,0.526,1,62.50,33.44
3260.51,steptest,249.0625,,0.526,1,62.56,33.22
3260.76,steptest,249.1250,,0.526,0,62.56,33.22
3261.01,steptest,249.1250,,0.526,0,62.56,33.64
3261.26,steptest,249.1875,,0.526,0,62.56,33.22
3261.51,steptest,249.2500,,0.526,0,62.56,33.43
3261.76,steptest,249.1875,,0.526,0,62.50,34.07
3262.01,steptest,249.1875,,0.526,0,62.50,33.65
3262.26,steptest,249.2500,,0.526,0,62.56,33.65
3262.51,steptest,249.2500,,0.526,1,62.56,34.07
3262.76,steptest,249.2500,,0.526,1,62.56,33.65
3263.01,steptest,249.2500,,0.526,1,62.56,33.43
3263.26,steptest,249.3750,,0.526,1,62.63,33.86
3263.51,steptest,249.3750,,0.526,1,62.63,33.21
3263.76,steptest,249.3750,,0.526,1,62.63,34.08
3264.01,steptest,249.3750,,0.526,1,62.63,33.65
3264.26,steptest,249.3125,,0.526,1,62.56,33.65
3264.51,steptest,249.5000,,0.526,1,62.63,33.21
3264.76,steptest,249.5000,,0.526,0,62.63,33.22
3265.01,steptest,249.5000,,0.526,0,62.63,33.65
3265.26,steptest,249.5625,,0.526,0,62.63,33.65
3265.51,steptest,249.6250,,0.526,0,62.69,33.43
3265.76,steptest,249.6875,,0.526,0,62.69,33.64
3266.01,steptest,249.6875,,0.526,0,62.69,33.22
3266.26,steptest,249.7500,,0.526,0,62.69,33.43
3266.51,steptest,249.7500,,0.526,1,62.69,33.85
3266.76,steptest,249.8750,,0.526,1,62.69,33.22
3267.01,steptest,249.8750,,0.526,1,62.69,33.43
3267.26,steptest,249.7500,,0.526,1,62.69,33.22
3267.51,steptest,249.7500,,0.526,1,62.69,33.00
3267.76,steptest,249.6875,,0.526,1,62.63,33.64
3268.01,steptest,249.6875,,0.526,1,62.63,33.87
3268.26,steptest,249.8125,,0.526,1,62.69,33.65
3268.51,steptest,249.8125,,0.526,1,62.69,33.23
3268.76,steptest,249.8125,,0.526,0,62.69,33.86
3269.01,steptest,249.8125,,0.526,0,62.69,33.43
3269.26,steptest,250.0000,,0.000,0,62.69,33.65
3269.51,steptest,250.0000,,0.000,0,62.69,33.65
3269.76,steptest,250.0000,,0.000,0,62.69,33.86
3270.01,steptest,250.0000,,0.000,0,62.69,33.43
3270.26,steptest,250.0625,,0.000,0,62.75,33.65
3270.51,steptest,250.1250,,0.000,0,62.75,33.43
3270.76,steptest,250.0625,,0.000,0,62.75,33.64
3271.01,steptest,250.0625,,0.000,0,62.75,33.43
3271.26,steptest,250.0625,,0.000,0,62.75,33.86
3271.51,steptest,250.1250,,0.000,0,62.81,33.86
3271.76,steptest,250.0625,,0.000,0,62.81,33.00
3272.01,steptest,250.0625,,0.000,0,62.81,33.43
3272.26,steptest,250.0000,,0.000,0,62.81,33.22
3272.51,steptest,249.9375,,0.526,0,62.81,33.86
3272.76,steptest,249.8750,,0.526,0,62.81,33.65
3273.01,steptest,249.8750,,0.526,0,62.81,33.86
3273.26,steptest,249.7500,,0.526,0,62.81,33.21
3273.51,steptest,249.7500,,0.526,0,62.81,33.86
3273.76,steptest,249.6875,,0.526,0,62.88,33.65
3274.01,steptest,249.6875,,0.526,0,62.88,33.64
3274.26,steptest,249.5000,,0.526,0,62.81,33.65
3274.51,steptest,249.3750,,0.526,1,62.81,33.65
3274.76,steptest,249.3750,,0.526,1,62.88,33.43
3275.01,steptest,249.3750,,0.526,1,62.88,33.22
3275.26,steptest,249.3125,,0.526,1,62.88,33.43
3275.51,steptest,249.3125,,0.526,1,62.94,33.44
3275.76,steptest,249.1875,,0.526,1,62.88,33.86
3276.01,steptest,249.1875,,0.526,1,62.88,33.00
3276.26,steptest,249.0625,,0.526,1,62.88,33.00
3276.51,steptest,249.1875,,0.526,1,62.94,34.29
3276.76,steptest,249.0625,,0.526,0,62.88,33.43
3277.01,steptest,249.0625,,0.526,0,62.88,33.21
3277.26,steptest,249.0625,,0.526,0,62.94,33.43
3277.51,steptest,248.9375,,0.526,0,62.88,33.65
3277.76,steptest,249.0000,,0.526,0,62.94,33.43
3278.01,steptest,249.0000,,0.526,0,62.94,33.21
3278.26,steptest,249.0000,,0.526,0,62.94,33.22
3278.51,steptest,248.9375,,0.526,1,62.94,33.65
3278.76,steptest,248.8125,,0.526,1,62.94,33.86
3279.01,steptest,248.8125,,0.526,1,62.94,33.22
3279.26,steptest,248.8750,,0.526,1,63.00,33.43
3279.51,steptest,248.7500,,0.526,1,62.94,33.43
3279.76,steptest,248.8125,,0.526,1,63.00,33.64
3280.01,steptest,248.8125,,0.526,1,63.00,33.43
3280.26,steptest,248.6875,,0.526,1,62.94,33.22
3280.51,steptest,248.7500,,0.526,1,63.00,33.65
3280.76,steptest,248.7500,,0.526,0,63.00,33.22
3281.01,steptest,248.7500,,0.526,0,63.00,33.22
3281.26,steptest,248.7500,,0.526,0,63.00,33.21
3281.51,steptest,248.8125,,0.526,0,63.06,33.64
3281.76,steptest,248.7500,,0.526,0,63.00,33.86
3282.01,steptest,248.7500,,0.526,0,63.00,33.01
3282.26,steptest,248.7500,,0.526,0,63.06,33.64
3282.51,steptest,248.8125,,0.526,1,63.13,33.64
3282.76,steptest,248.7500,,0.526,1,63.06,33.86
3283.01,steptest,248.7500,,0.526,1,63.06,34.07
3283.26,steptest,248.8125,,0.526,1,63.13,33.65
3283.51,steptest,248.6875,,0.526,1,63.06,33.64
3283.76,steptest,248.7500,,0.526,1,63.13,33.43
3284.01,steptest,248.7500,,0.526,1,63.13,33.22
3284.26,steptest,248.7500,,0.526,1,63.13,33.22
3284.51,steptest,248.7500,,0.526,1,63.06,34.07
3284.76,steptest,248.7500,,0.526,0,63.13,33.22
3285.01,steptest,248.7500,,0.526,0,63.13,33.65
3285.26,steptest,248.8125,,0.526,0,63.13,33.22
3285.51,steptest,248.8125,,0.526,0,63.13,33.21
3285.76,steptest,248.8125,,0.526,0,63.13,33.00
3286.01,steptest,248.8125,,0.526,0,63.13,33.43
3286.26,steptest,248.8750,,0.526,0,63.19,33.43
3286.51,steptest,248.8750,,0.526,1,63.19,33.22
3286.76,steptest,248.6250,,0.526,1,63.19,33.22
3287.01,steptest,248.6250,,0.526,1,63.19,33.65
3287.26,steptest,248.8750,,0.526,1,63.19,33.64
3287.51,steptest,248.8125,,0.526,1,63.19,33.43
3287.76,steptest,248.8125,,0.526,1,63.19,33.43
3288.01,steptest,248.8125,,0.526,1,63.19,33.86
3288.26,steptest,248.8125,,0.526,1,63.19,33.22
3288.51,steptest,248.8750,,0.526,1,63.19,33.22
3288.76,steptest,248.9375,,0.526,0,63.25,33.43
3289.01,steptest,248.9375,,0.526,0,63.25,33.86
3289.26,steptest,248.9375,,0.526,0,63.25,33.22
3289.51,steptest,249.0000,,0.526,0,63.25,33.43
3289.76,steptest,249.0625,,0.526,0,63.31,33.43
3290.01,steptest,249.0625,,0.526,0,63.31,33.65
3290.26,steptest,249.0625,,0.526,0,63.25,33.64
3290.51,steptest,249.0625,,0.526,1,63.25,33.43
3290.76,steptest,248.6875,,0.526,1,63.31,33.43
3291.01,steptest,248.6875,,0.526,1,63.31,32.79
3291.26,steptest,249.0625,,0.526,1,63.31,33.64
3291.51,steptest,249.0625,,0.526,1,63.31,33.64
3291.76,steptest,249.0625,,0.526,1,63.31,33.86
3292.01,steptest,249.0625,,0.526,1,63.31,33.43
3292.26,steptest,249.0625,,0.526,1,63.31,34.08
3292.51,steptest,249.1250,,0.526,1,63.31,33.22
3292.76,steptest,249.1875,,0.526,0,63.31,33.65
3293.01,steptest,249.1875,,0.526,0,63.31,33.22
3293.26,steptest,249.1875,,0.526,0,63.31,33.22
3293.51,steptest,249.2500,,0.526,0,63.31,33.22
3293.76,steptest,249.3750,,0.526,0,63.38,33.43
3294.01,steptest,249.3750,,0.526,0,63.38,33.86
3294.26,steptest,249.3125,,0.526,0,63.38,33.64
3294.51,steptest,249.3125,,0.526,1,63.38,33.64
3294.76,steptest,249.5625,,0.526,1,63.38,33.43
3295.01,steptest,249.5625,,0.526,1,63.38,33.65
3295.26,steptest,249.3125,,0.526,1,63.38,33.86
3295.51,steptest,249.3125,,0.526,1,63.38,33.00
3295.76,steptest,249.3125,,0.526,1,63.38,33.22
3296.01,steptest,249.3125,,0.526,1,63.38,33.43
3296.26,steptest,249.3750,,0.526,1,63.38,33.43
3296.51,steptest,249.4375,,0.526,1,63.38,33.64
3296.76,steptest,249.5625,,0.526,0,63.44,32.79
3297.01,steptest,249.5625,,0.526,0,63.44,33.01
3297.26,steptest,249.5625,,0.526,0,63.44,33.86
3297.51,steptest,249.5625,,0.526,0,63.44,33.22
3297.76,steptest,249.6875,,0.526,0,63.44,33.64
3298.01,steptest,249.6875,,0.526,0,63.44,33.64
3298.26,steptest,249.6875,,0.526,0,63.44,34.07
3298.51,steptest,249.6875,,0.526,1,63.44,33.43
3298.76,steptest,249.7500,,0.526,1,63.50,34.07
3299.01,steptest,249.7500,,0.526,1,63.50,33.65
3299.26,steptest,249.6875,,0.526,1,63.44,33.43
3299.51,steptest,249.7500,,0.526,1,63.50,33.64
3299.76,steptest,249.6875,,0.526,1,63.44,34.07
3300.01,steptest,249.6875,,0.526,1,63.44,33.43
3300.26,steptest,249.7500,,0.526,1,63.50,33.43
3300.51,steptest,249.8125,,0.526,1,63.50,33.64
3300.76,steptest,249.8750,,0.526,0,63.50,33.86
3301.01,steptest,249.8750,,0.526,0,63.50,33.22
3301.26,steptest,250.0000,,0.000,0,63.56,33.64
3301.51,steptest,250.0000,,0.000,0,63.56,33.21
3301.76,steptest,250.0000,,0.000,0,63.50,33.43
3302.01,steptest,250.0000,,0.000,0,63.50,33.64
3302.26,steptest,250.0625,,0.000,0,63.50,33.65
3302.51,steptest,250.1250,,0.000,0,63.56,33.43
3302.76,steptest,250.1250,,0.000,0,63.56,33.43
3303.01,steptest,250.1250,,0.000,0,63.56,33.86
3303.26,steptest,250.0625,,0.000,0,63.56,34.08
3303.51,steptest,250.0625,,0.000,0,63.63,33.65
3303.76,steptest,250.0625,,0.000,0,63.63,33.43
3304.01,steptest,250.0625,,0.000,0,63.63,33.43
3304.26,steptest,249.8750,,0.526,0,63.56,33.00
3304.51,steptest,249.9375,,0.526,0,63.63,33.44
3304.76,steptest,249.8125,,0.526,0,63.63,33.43
3305.01,steptest,249.8125,,0.526,0,63.63,34.07
3305.26,steptest,249.6875,,0.526,0,63.56,33.64
3305.51,steptest,249.7500,,0.526,0,63.63,34.07
3305.76,steptest,249.6250,,0.526,0,63.63,33.86
3306.01,steptest,249.6250,,0.526,0,63.63,33.64
3306.26,steptest,249.5625,,0.526,0,63.63,33.65
3306.51,steptest,249.4375,,0.526,1,63.63,33.65
3306.76,steptest,249.3125,,0.526,1,63.63,33.43
3307.01,steptest,249.3125,,0.526,1,63.63,33.65
3307.26,steptest,249.3125,,0.526,1,63.69,33.86
3307.51,steptest,249.2500,,0.526,1,63.69,34.08
3307.76,steptest,249.1875,,0.526,1,63.69,33.22
3308.01,steptest,249.1875,,0.526,1,63.69,33.43
3308.26,steptest,249.1250,,0.526,1,63.69,34.50
3308.51,steptest,249.0625,,0.526,1,63.69,33.65
3308.76,steptest,249.0625,,0.526,0,63.69,33.43
3309.01,steptest,249.0625,,0.526,0,63.69,33.01
3309.26,steptest,249.0000,,0.526,0,63.69,34.07
3309.51,steptest,249.0000,,0.526,0,63.69,33.43
3309.76,steptest,249.0000,,0.526,0,63.75,33.86
3310.01,steptest,249.0000,,0.526,0,63.75,33.64
3310.26,steptest,249.0000,,0.526,0,63.75,33.43
3310.51,steptest,248.9375,,0.526,1,63.81,33.22
3310.76,steptest,248.9375,,0.526,1,63.81,33.86
3311.01,steptest,248.9375,,0.526,1,63.81,33.86
3311.26,steptest,248.8125,,0.526,1,63.75,33.65
3311.51,steptest,248.8125,,0.526,1,63.75,33.65
3311.76,steptest,248.8750,,0.526,1,63.81,33.43
3312.01,steptest,248.8750,,0.526,1,63.81,33.22
3312.26,steptest,248.8125,,0.526,1,63.81,33.86
3312.51,steptest,248.8125,,0.526,1,63.81,33.43
3312.76,steptest,248.8750,,0.526,0,63.88,33.65
3313.01,steptest,248.8750,,0.526,0,63.88,33.65
3313.26,steptest,248.8125,,0.526,0,63.81,33.00
3313.51,steptest,248.8750,,0.526,0,63.88,33.43
3313.76,steptest,248.8125,,0.526,0,63.81,33.65
3314.01,steptest,248.8125,,0.526,0,63.81,33.65
3314.26,steptest,248.8125,,0.526,0,63.88,33.00
3314.51,steptest,248.8125,,0.526,1,63.88,33.43
3314.76,steptest,248.8125,,0.526,1,63.88,33.86
3315.01,steptest,248.8125,,0.526,1,63.88,33.43
3315.26,steptest,248.7500,,0.526,1,63.88,33.86
3315.51,steptest,248.8125,,0.526,1,63.94,33.22
3315.76,steptest,248.7500,,0.526,1,63.88,33.00
3316.01,steptest,248.7500,,0.526,1,63.88,33.44
3316.26,steptest,248.8125,,0.526,1,63.94,33.64
3316.51,steptest,248.8125,,0.526,1,63.94,33.64
3316.76,steptest,248.8125,,0.526,0,63.94,33.65
3317.01,steptest,248.8125,,0.526,0,63.94,33.64
3317.26,steptest,248.8750,,0.526,0,63.94,33.86
3317.51,steptest,248.9375,,0.526,0,64.00,33.64
3317.76,steptest,249.0000,,0.526,0,64.00,33.64
3318.01,steptest,249.0000,,0.526,0,64.00,33.64
3318.26,steptest,248.9375,,0.526,0,64.00,33.65
3318.51,steptest,248.9375,,0.526,1,64.00,33.86
3318.76,steptest,249.0000,,0.526,1,64.06,33.22
3319.01,steptest,249.0000,,0.526,1,64.06,34.07
3319.26,steptest,249.0000,,0.526,1,64.00,33.00
3319.51,steptest,248.9375,,0.526,1,64.00,33.86
3319.76,steptest,248.9375,,0.526,1,64.00,34.07
3320.01,steptest,248.9375,,0.526,1,64.00,33.65
3320.26,steptest,248.9375,,0.526,1,64.00,34.08
3320.51,steptest,249.0625,,0.526,1,64.06,33.65
3320.76,steptest,249.1250,,0.526,0,64.06,33.43
3321.01,steptest,249.1250,,0.526,0,64.06,34.08
3321.26,steptest,249.1875,,0.526,0,64.06,33.43
3321.51,steptest,249.1875,,0.526,0,64.06,33.43
3321.76,steptest,249.2500,,0.526,0,64.13,33.64
3322.01,steptest,249.2500,,0.526,0,64.13,33.43
3322.26,steptest,249.1875,,0.526,0,64.13,34.08
3322.51,steptest,249.2500,,0.526,1,64.13,33.43
3322.76,steptest,249.1875,,0.526,1,64.13,33.43
3323.01,steptest,249.1875,,0.526,1,64.13,33.43
3323.26,steptest,249.1875,,0.526,1,64.13,33.22
3323.51,steptest,249.1875,,0.526,1,64.13,33.64
3323.76,steptest,249.3125,,0.526,1,64.19,34.07
3324.01,steptest,249.3125,,0.526,1,64.19,33.22
3324.26,steptest,249.3125,,0.526,1,64.19,33.43
3324.51,steptest,249.3750,,0.526,1,64.19,33.86
3324.76,steptest,249.3750,,0.526,0,64.13,33.44
# step 235C up 1: duty 0.676, ceiling 250 C, 60 s
3325.01,steptest,249.3750,,0.676,0,64.13,33.43
3325.26,steptest,249.5000,,0.676,0,64.19,33.43
3325.51,steptest,249.5000,,0.676,0,64.19,32.79
3325.76,steptest,249.5000,,0.676,0,64.19,33.86
3326.01,steptest,249.5000,,0.676,0,64.19,33.23
3326.26,steptest,249.5000,,0.676,0,64.19,34.07
3326.51,steptest,249.5625,,0.676,1,64.19,33.65
3326.76,steptest,249.6875,,0.676,1,64.19,33.43
3327.01,steptest,249.6875,,0.676,1,64.19,33.65
3327.26,steptest,249.6250,,0.676,1,64.25,33.86
3327.51,steptest,249.5000,,0.676,1,64.19,33.65
3327.76,steptest,249.5625,,0.676,1,64.19,33.65
3328.01,steptest,249.5625,,0.676,1,64.19,33.22
3328.26,steptest,249.6875,,0.676,1,64.25,33.86
3328.51,steptest,249.6250,,0.676,1,64.19,33.65
3328.76,steptest,249.7500,,0.676,1,64.25,33.21
3329.01,steptest,249.7500,,0.676,1,64.25,33.21
3329.26,steptest,249.8125,,0.676,0,64.25,33.65
3329.51,steptest,249.8750,,0.676,0,64.25,33.65
3329.76,steptest,250.0625,,0.000,0,64.31,33.22
3330.01,steptest,250.0625,,0.000,0,64.31,33.64
3330.26,steptest,250.0000,,0.000,0,64.25,33.64
3330.51,steptest,250.0625,,0.000,0,64.25,33.86
3330.76,steptest,250.0625,,0.000,0,64.25,33.00
3331.01,steptest,250.0625,,0.000,0,64.25,34.29
3331.26,steptest,250.1250,,0.000,0,64.25,34.07
3331.51,steptest,250.0625,,0.000,0,64.25,33.64
3331.76,steptest,250.1250,,0.000,0,64.31,33.43
3332.01,steptest,250.1250,,0.000,0,64.31,33.43
3332.26,steptest,250.0625,,0.000,0,64.31,33.43
3332.51,steptest,250.1250,,0.000,0,64.38,33.43
3332.76,steptest,250.0000,,0.000,0,64.31,33.65
3333.01,steptest,250.0000,,0.000,0,64.31,33.86
3333.26,steptest,250.0000,,0.000,0,64.38,34.29
3333.51,steptest,249.9375,,0.676,0,64.38,33.43
3333.76,steptest,249.8750,,0.676,0,64.38,34.08
3334.01,steptest,249.8750,,0.676,0,64.38,33.00
3334.26,steptest,249.8750,,0.676,0,64.38,33.43
3334.51,steptest,249.6875,,0.676,1,64.38,33.65
3334.76,steptest,249.6250,,0.676,1,64.38,33.65
3335.01,steptest,249.6250,,0.676,1,64.38,34.07
3335.26,steptest,249.5625,,0.676,1,64.38,33.43
3335.51,steptest,249.5000,,0.676,1,64.38,33.86
3335.76,steptest,249.5625,,0.676,1,64.44,33.86
3336.01,steptest,249.5625,,0.676,1,64.44,33.87
3336.26,steptest,249.5000,,0.676,1,64.44,34.08
3336.51,steptest,249.4375,,0.676,1,64.38,33.43
3336.76,steptest,249.4375,,0.676,1,64.44,33.86
3337.01,steptest,249.4375,,0.676,1,64.44,33.85
3337.26,steptest,249.4375,,0.676,0,64.44,33.65
3337.51,steptest,249.5000,,0.676,0,64.44,33.86
3337.76,steptest,249.5000,,0.676,0,64.50,33.43
3338.01,steptest,249.5000,,0.676,0,64.50,33.86
3338.26,steptest,249.5000,,0.676,0,64.50,33.64
3338.51,steptest,249.5000,,0.676,1,64.50,33.43
3338.76,steptest,249.4375,,0.676,1,64.44,33.00
3339.01,steptest,249.4375,,0.676,1,64.44,33.64
3339.26,steptest,249.5000,,0.676,1,64.50,33.86
3339.51,steptest,249.5000,,0.676,1,64.50,34.08
3339.76,steptest,249.5625,,0.676,1,64.56,33.86
3340.01,steptest,249.5625,,0.676,1,64.56,33.86
3340.26,steptest,249.5625,,0.676,1,64.50,33.43
3340.51,steptest,249.5625,,0.676,1,64.50,33.64
3340.76,steptest,249.6875,,0.676,1,64.56,33.86
3341.01,steptest,249.6875,,0.676,1,64.56,33.64
3341.26,steptest,249.6875,,0.676,0,64.56,33.64
3341.51,steptest,249.7500,,0.676,0,64.56,34.29
3341.76,steptest,249.8125,,0.676,0,64.56,34.07
3342.01,steptest,249.8125,,0.676,0,64.56,33.64
3342.26,steptest,249.8750,,0.676,0,64.56,33.86
3342.51,steptest,249.8750,,0.676,1,64.56,33.86
3342.76,steptest,249.9375,,0.676,1,64.63,33.64
3343.01,steptest,249.9375,,0.676,1,64.63,33.43
3343.26,steptest,250.0000,,0.000,1,64.63,34.29
3343.51,steptest,250.0625,,0.000,1,64.63,33.65
3343.76,steptest,250.0625,,0.000,1,64.63,33.65
3344.01,steptest,250.0625,,0.000,1,64.63,34.08
3344.26,steptest,250.1250,,0.000,1,64.63,33.43
3344.51,steptest,250.2500,,0.000,1,64.69,34.07
3344.76,steptest,250.2500,,0.000,1,64.63,33.86
3345.01,steptest,250.2500,,0.000,1,64.63,33.86
3345.26,steptest,250.3125,,0.000,0,64.63,33.64
3345.51,steptest,250.5625,,0.000,0,64.75,33.64
3345.76,steptest,250.5625,,0.000,0,64.69,33.86
3346.01,steptest,250.5625,,0.000,0,64.69,33.86
3346.26,steptest,250.6875,,0.000,0,64.69,33.86
3346.51,steptest,250.7500,,0.000,0,64.75,33.64
3346.76,steptest,250.7500,,0.000,0,64.69,33.43
3347.01,steptest,250.7500,,0.000,0,64.69,33.00
3347.26,steptest,250.8125,,0.000,0,64.75,33.64
3347.51,steptest,250.8125,,0.000,0,64.75,33.65
3347.76,steptest,250.8125,,0.000,0,64.75,33.65
3348.01,steptest,250.8125,,0.000,0,64.75,33.86
3348.26,steptest,250.8125,,0.000,0,64.75,33.86
3348.51,steptest,250.6875,,0.000,0,64.75,34.71
3348.76,steptest,250.6875,,0.000,0,64.75,33.65
3349.01,steptest,250.6875,,0.000,0,64.75,33.64
3349.26,steptest,250.7500,,0.000,0,64.81,33.22
3349.51,steptest,250.6250,,0.000,0,64.81,33.86
3349.76,steptest,250.5625,,0.000,0,64.81,33.86
3350.01,steptest,250.5625,,0.000,0,64.81,33.43
3350.26,steptest,250.4375,,0.000,0,64.75,33.65
3350.51,steptest,250.4375,,0.000,0,64.81,33.86
3350.76,steptest,250.3750,,0.000,0,64.81,33.85
3351.01,steptest,250.3750,,0.000,0,64.81,33.65
3351.26,steptest,250.3125,,0.000,0,64.81,34.07
3351.51,steptest,250.1875,,0.000,0,64.81,33.65
3351.76,steptest,250.0625,,0.000,0,64.81,33.43
3352.01,steptest,250.0625,,0.000,0,64.81,33.65
3352.26,steptest,250.0625,,0.000,0,64.88,33.43
3352.51,steptest,249.9375,,0.676,0,64.88,33.64
3352.76,steptest,249.8125,,0.676,0,64.88,34.07
3353.01,steptest,249.8125,,0.676,0,64.88,33.65
3353.26,steptest,249.6875,,0.676,0,64.88,33.65
3353.51,steptest,249.6250,,0.676,0,64.88,33.43
3353.76,steptest,249.5000,,0.676,0,64.88,34.08
3354.01,steptest,249.5000,,0.676,0,64.88,33.64
3354.26,steptest,249.3750,,0.676,0,64.88,33.65
3354.51,steptest,249.2500,,0.676,1,64.88,33.65
3354.76,steptest,249.1250,,0.676,1,64.94,33.86
3355.01,steptest,249.1250,,0.676,1,64.94,33.86
3355.26,steptest,249.1250,,0.676,1,64.94,34.50
3355.51,steptest,248.9375,,0.676,1,64.94,33.86
3355.76,steptest,248.8750,,0.676,1,64.94,34.08
3356.01,steptest,248.8750,,0.676,1,64.94,33.86
3356.26,steptest,248.8125,,0.676,1,64.94,33.86
3356.51,steptest,248.6875,,0.676,1,64.94,34.07
3356.76,steptest,248.6875,,0.676,1,65.00,33.64
3357.01,steptest,248.6875,,0.676,1,65.00,33.86
3357.26,steptest,248.6250,,0.676,0,64.94,33.65
3357.51,steptest,248.6250,,0.676,0,65.00,34.07
3357.76,steptest,248.5625,,0.676,0,65.00,33.87

# --- aborted by hand at cold junction 63 C, plateau clamping on 250 ---
# heat step test ended, relay off
Traceback (most recent call last):
  File "<stdin>", line 1, in <module>
  File "heat_step_test.py", line 247, in main
  File "oven/hardware.py", line 166, in monotonic
KeyboardInterrupt: 
>>> 
>>> 
>>> 