# from ident-run.txt; duty is the COMMANDED duty, which the run log does not carry
elapsed_s,state,temp_c,target_c,duty,relay,cold_c,cpu_c
0.00,steptest,34.0000,,1.000,0,27.81,32.79
1.00,steptest,33.9375,,1.000,0,27.81,32.80
2.00,steptest,33.8750,,1.000,0,27.75,33.22
3.00,steptest,33.9375,,1.000,0,27.81,33.22
4.00,steptest,33.8750,,1.000,1,27.75,33.01
5.00,steptest,33.9375,,1.000,1,27.81,33.00
6.00,steptest,33.8750,,1.000,1,27.75,33.22
7.00,steptest,33.8750,,1.000,1,27.81,33.22
8.00,steptest,33.8125,,1.000,1,27.75,33.22
9.00,steptest,33.8125,,1.000,1,27.75,33.43
10.00,steptest,33.8750,,1.000,1,27.75,32.79
11.00,steptest,33.9375,,1.000,1,27.75,33.22
12.00,steptest,34.0625,,1.000,1,27.75,32.79
13.00,steptest,34.2500,,1.000,1,27.75,33.44
14.00,steptest,34.4375,,1.000,1,27.75,33.43
15.00,steptest,34.6250,,1.000,1,27.69,32.79
16.00,steptest,35.0000,,1.000,1,27.75,33.22
17.00,steptest,35.3125,,1.000,1,27.75,33.22
18.00,steptest,35.6875,,1.000,1,27.75,32.79
19.00,steptest,36.1875,,1.000,1,27.75,33.22
20.00,steptest,36.7500,,0.043,0,27.75,32.79
21.00,steptest,37.2500,,0.043,0,27.69,32.79
22.00,steptest,37.7500,,0.043,0,27.75,32.57
23.00,steptest,38.0625,,0.043,0,27.75,33.22
24.00,steptest,38.4375,,0.043,0,27.69,33.65
25.00,steptest,38.8750,,0.043,0,27.75,33.00
26.00,steptest,39.2500,,0.043,0,27.75,32.79
27.00,steptest,39.6250,,0.043,0,27.75,33.43
28.00,steptest,39.9375,,0.043,0,27.75,34.29
29.00,steptest,40.2500,,0.043,0,27.75,33.86
30.00,steptest,40.6875,,0.043,0,27.75,33.22
31.00,steptest,41.0000,,0.043,0,27.69,33.64
32.00,steptest,41.3125,,0.043,0,27.69,33.22
33.00,steptest,41.6250,,0.043,0,27.69,32.58
34.00,steptest,42.0000,,0.043,0,27.75,33.00
35.00,steptest,42.2500,,0.043,0,27.69,32.79
36.00,steptest,42.6250,,0.043,0,27.69,33.01
37.00,steptest,42.9375,,0.043,0,27.69,33.01
38.00,steptest,43.2500,,0.043,0,27.69,33.22
39.00,steptest,43.5625,,0.043,0,27.69,33.01
40.00,steptest,43.8750,,0.043,0,27.69,33.44
41.00,steptest,44.1250,,0.043,0,27.69,33.01
42.00,steptest,44.3750,,0.043,0,27.69,33.00
43.00,steptest,44.6250,,0.043,0,27.69,33.01
44.00,steptest,44.8750,,0.043,0,27.69,33.22
45.00,steptest,45.0625,,0.043,0,27.63,33.22
46.00,steptest,45.2500,,0.043,0,27.63,33.01
47.00,steptest,45.6250,,0.043,0,27.69,33.22
48.00,steptest,45.8125,,0.043,0,27.69,32.36
49.00,steptest,46.0000,,0.043,0,27.69,33.00
50.00,steptest,46.1875,,0.043,0,27.69,33.22
51.00,steptest,46.4375,,0.043,0,27.69,33.65
52.00,steptest,46.6250,,0.043,0,27.69,33.65
53.00,steptest,46.8125,,0.043,0,27.69,33.22
54.00,steptest,47.0000,,0.043,0,27.69,32.79
55.00,steptest,47.1250,,0.043,0,27.69,33.22
56.00,steptest,47.2500,,0.043,0,27.69,33.43
57.00,steptest,47.4375,,0.043,0,27.69,33.01
58.00,steptest,47.5625,,0.043,0,27.69,33.43
59.00,steptest,47.7500,,0.043,0,27.69,33.01
60.00,steptest,47.8750,,0.043,0,27.69,33.44
61.00,steptest,48.0000,,0.043,0,27.69,33.22
62.00,steptest,48.1250,,0.043,0,27.69,33.22
63.00,steptest,48.1875,,0.043,0,27.69,32.79
64.00,steptest,48.3750,,0.043,0,27.69,33.01
65.00,steptest,48.4375,,0.043,0,27.69,33.00
66.00,steptest,48.5000,,0.043,0,27.63,33.22
67.00,steptest,48.6250,,0.043,0,27.63,33.00
68.00,steptest,48.8125,,0.043,0,27.69,33.43
69.00,steptest,48.8125,,0.043,0,27.69,33.01
70.00,steptest,48.8750,,0.043,0,27.63,32.58
71.00,steptest,48.9375,,0.043,0,27.63,33.22
72.00,steptest,49.0625,,0.043,0,27.63,32.79
73.00,steptest,49.1250,,0.043,0,27.63,33.00
74.00,steptest,49.1875,,0.043,0,27.63,33.43
75.00,steptest,49.2500,,0.043,0,27.63,33.01
76.00,steptest,49.3125,,0.043,0,27.63,33.00
77.00,steptest,49.3750,,0.043,0,27.63,33.00
78.00,steptest,49.4375,,0.043,0,27.63,33.43
79.00,steptest,49.5625,,0.043,0,27.69,32.79
80.00,steptest,49.5000,,0.043,0,27.63,32.58
81.00,steptest,49.6250,,0.043,0,27.63,33.43
82.00,steptest,49.6875,,0.043,0,27.63,32.80
83.00,steptest,49.6875,,0.043,0,27.63,33.01
84.00,steptest,49.7500,,0.043,0,27.69,32.79
85.00,steptest,49.7500,,0.043,0,27.63,32.79
86.00,steptest,49.8125,,0.043,0,27.63,32.79
87.00,steptest,49.9375,,0.043,0,27.69,33.43
88.00,steptest,49.9375,,0.043,0,27.69,33.22
89.00,steptest,49.9375,,0.043,0,27.63,33.22
90.00,steptest,49.9375,,0.043,0,27.69,32.79
91.00,steptest,49.9375,,0.043,0,27.63,33.22
92.00,steptest,50.0000,,0.043,0,27.69,33.22
93.00,steptest,50.0625,,0.043,0,27.69,33.65
94.00,steptest,50.0625,,0.043,0,27.69,33.22
95.00,steptest,50.0625,,0.043,0,27.69,33.22
96.00,steptest,50.0625,,0.043,0,27.63,32.79
97.00,steptest,50.1250,,0.043,0,27.69,33.01
98.00,steptest,50.0625,,0.043,0,27.63,33.22
99.00,steptest,50.1250,,0.043,0,27.63,33.01
100.00,steptest,50.0625,,0.043,0,27.63,33.01
101.00,steptest,50.0625,,0.043,0,27.63,32.79
102.00,steptest,50.1250,,0.043,0,27.63,33.01
103.00,steptest,50.1250,,0.043,0,27.63,33.00
104.00,steptest,50.1250,,0.043,0,27.63,33.22
105.00,steptest,50.1250,,0.043,0,27.63,33.43
106.00,steptest,50.1875,,0.043,0,27.69,33.22
107.00,steptest,50.0625,,0.043,0,27.63,33.43
108.00,steptest,50.1250,,0.043,0,27.63,32.79
109.00,steptest,50.0625,,0.043,0,27.63,33.22
110.00,steptest,50.0625,,0.043,0,27.63,33.00
111.00,steptest,50.0625,,0.043,0,27.63,33.65
112.00,steptest,50.0625,,0.043,0,27.63,33.00
113.00,steptest,50.1250,,0.043,0,27.69,33.43
114.00,steptest,50.0000,,0.043,0,27.63,33.43
115.00,steptest,50.0000,,0.043,0,27.63,33.43
116.00,steptest,50.0625,,0.043,0,27.69,33.00
117.00,steptest,50.0625,,0.043,0,27.69,33.43
118.00,steptest,50.0625,,0.043,0,27.69,33.43
119.00,steptest,50.0625,,0.043,0,27.69,33.22
120.00,steptest,50.0000,,0.043,0,27.69,33.22
121.00,steptest,49.9375,,0.043,0,27.63,33.00
122.00,steptest,49.9375,,0.043,0,27.69,33.22
123.00,steptest,49.9375,,0.043,0,27.63,33.22
124.00,steptest,49.8750,,0.043,0,27.63,33.01
125.00,steptest,49.9375,,0.043,0,27.69,32.79
126.00,steptest,49.9375,,0.043,0,27.69,33.01
127.00,steptest,49.8125,,0.043,0,27.63,32.58
128.00,steptest,49.8750,,0.043,0,27.69,33.01
130.00,steptest,49.8125,,0.043,0,27.69,33.01
132.50,steptest,49.7500,,0.043,0,27.69,33.00
133.50,steptest,49.6875,,0.043,0,27.63,32.80
136.00,steptest,49.6875,,0.043,0,27.69,33.01
137.25,steptest,49.6250,,0.043,0,27.69,33.22
138.25,steptest,49.5000,,0.043,0,27.63,33.43
139.25,steptest,49.5000,,0.043,0,27.63,33.22
140.25,steptest,49.5625,,0.043,0,27.69,32.36
141.25,steptest,49.5000,,0.043,0,27.63,33.22
142.25,steptest,49.4375,,0.043,0,27.63,33.01
143.25,steptest,49.4375,,0.043,0,27.63,33.65
144.25,steptest,49.4375,,0.043,0,27.69,33.44
145.25,steptest,49.3125,,0.043,0,27.63,33.01
146.25,steptest,49.3750,,0.043,0,27.69,32.58
147.25,steptest,49.3750,,0.043,0,27.69,33.00
148.25,steptest,49.3125,,0.043,0,27.69,33.22
149.25,steptest,49.3125,,0.043,0,27.69,33.00
150.25,steptest,49.3125,,0.043,0,27.75,32.37
151.25,steptest,49.1875,,0.043,0,27.69,33.43
152.25,steptest,49.1875,,0.043,0,27.69,33.43
153.25,steptest,49.1875,,0.043,0,27.69,33.01
154.25,steptest,49.1250,,0.043,0,27.69,33.65
155.25,steptest,49.1250,,0.043,0,27.69,33.22
156.25,steptest,49.0625,,0.043,0,27.69,32.58
157.25,steptest,49.0000,,0.043,0,27.69,32.58
158.25,steptest,49.0000,,0.043,0,27.69,33.01
159.25,steptest,49.0000,,0.043,0,27.69,33.01
160.25,steptest,48.8750,,0.043,0,27.63,33.01
161.25,steptest,48.9375,,0.043,0,27.69,33.01
162.25,steptest,48.8750,,0.043,0,27.69,32.80
163.25,steptest,48.8125,,0.043,0,27.69,33.22
164.25,steptest,48.8125,,0.043,0,27.69,33.22
165.25,steptest,48.8125,,0.043,0,27.69,33.22
166.25,steptest,48.7500,,0.043,0,27.69,32.80
167.25,steptest,48.6875,,0.043,0,27.69,32.79
168.25,steptest,48.6875,,0.043,0,27.69,32.58
169.25,steptest,48.5625,,0.043,0,27.63,33.22
170.25,steptest,48.5625,,0.043,0,27.69,32.79
171.25,steptest,48.5625,,0.043,0,27.69,32.79
172.25,steptest,48.5625,,0.043,0,27.69,33.22
173.25,steptest,48.5000,,0.043,0,27.69,32.79
174.25,steptest,48.4375,,0.043,0,27.69,33.22
175.25,steptest,48.4375,,0.043,0,27.69,32.58
176.25,steptest,48.3750,,0.043,0,27.69,32.79
177.25,steptest,48.3750,,0.043,0,27.69,33.22
178.25,steptest,48.3125,,0.043,0,27.69,32.79
179.25,steptest,48.3750,,0.043,0,27.75,33.01
180.25,steptest,48.2500,,0.043,0,27.69,33.22
181.25,steptest,48.1875,,0.043,0,27.69,33.01
182.25,steptest,48.2500,,0.043,0,27.75,33.22
183.25,steptest,48.1875,,0.043,0,27.69,33.01
184.25,steptest,48.1875,,0.043,0,27.75,32.79
185.25,steptest,48.1250,,0.043,0,27.75,33.01
186.25,steptest,48.0625,,0.043,0,27.69,33.01
187.25,steptest,48.0625,,0.043,0,27.75,32.58
188.25,steptest,48.0000,,0.043,0,27.69,33.22
189.25,steptest,47.9375,,0.043,0,27.69,32.58
190.25,steptest,47.9375,,0.043,0,27.75,32.79
191.25,steptest,47.8750,,0.043,0,27.69,32.79
192.25,steptest,47.8125,,0.043,0,27.69,33.22
193.25,steptest,47.8750,,0.043,0,27.75,32.79
194.25,steptest,47.7500,,0.043,0,27.69,32.79
195.25,steptest,47.7500,,0.043,0,27.69,32.79
196.25,steptest,47.6875,,0.043,0,27.69,33.43
197.25,steptest,47.6875,,0.043,0,27.75,33.00
198.25,steptest,47.6875,,0.043,0,27.75,32.79
199.25,steptest,47.5625,,0.043,0,27.69,33.22
200.41,steptest,47.6250,,0.193,0,27.75,32.79
201.41,steptest,47.5000,,0.193,0,27.69,32.79
202.41,steptest,47.5000,,0.193,0,27.75,33.01
203.41,steptest,47.4375,,0.193,0,27.75,33.44
204.41,steptest,47.4375,,0.193,0,27.75,32.79
205.41,steptest,47.4375,,0.193,0,27.75,33.01
206.41,steptest,47.3750,,0.193,0,27.75,32.79
207.41,steptest,47.3125,,0.193,0,27.75,32.58
208.41,steptest,47.3125,,0.193,0,27.75,33.00
209.41,steptest,47.3125,,0.193,0,27.81,32.58
210.41,steptest,47.2500,,0.193,0,27.75,33.22
211.41,steptest,47.1875,,0.193,0,27.75,32.79
212.41,steptest,47.2500,,0.193,0,27.81,33.01
213.41,steptest,47.1250,,0.193,0,27.75,32.58
214.41,steptest,47.1250,,0.193,0,27.81,33.22
215.41,steptest,47.0625,,0.193,0,27.75,32.79
216.41,steptest,47.0625,,0.193,0,27.75,33.00
217.41,steptest,47.0625,,0.193,0,27.81,32.79
218.41,steptest,47.0000,,0.193,0,27.81,32.36
219.41,steptest,46.9375,,0.193,0,27.81,32.58
220.41,steptest,46.8750,,0.193,0,27.75,31.95
221.41,steptest,46.9375,,0.193,0,27.81,32.79
222.41,steptest,46.8750,,0.193,0,27.81,33.65
223.41,steptest,46.7500,,0.193,0,27.75,32.36
224.41,steptest,46.8125,,0.193,0,27.81,33.43
225.41,steptest,46.6875,,0.193,0,27.75,33.22
226.41,steptest,46.6875,,0.193,0,27.75,32.79
227.41,steptest,46.6875,,0.193,0,27.81,32.58
228.41,steptest,46.6250,,0.193,0,27.81,32.58
229.41,steptest,46.6250,,0.193,0,27.81,33.01
230.41,steptest,46.5000,,0.193,0,27.75,32.79
231.41,steptest,46.4375,,0.193,0,27.75,32.79
232.41,steptest,46.4375,,0.193,0,27.75,32.58
233.41,steptest,46.5000,,0.193,0,27.81,32.80
234.41,steptest,46.3750,,0.193,0,27.75,33.01
235.41,steptest,46.3750,,0.193,0,27.81,33.01
236.41,steptest,46.3750,,0.193,0,27.81,32.79
237.41,steptest,46.3125,,0.193,0,27.81,33.01
238.41,steptest,46.3125,,0.193,0,27.81,33.00
239.41,steptest,46.3125,,0.193,0,27.81,33.01
240.41,steptest,46.2500,,0.193,0,27.81,32.79
241.41,steptest,46.1875,,0.193,0,27.81,32.58
242.41,steptest,46.1250,,0.193,0,27.81,33.01
243.41,steptest,46.1250,,0.193,0,27.81,32.58
244.41,steptest,46.1250,,0.193,0,27.81,33.22
245.41,steptest,46.1250,,0.193,0,27.88,32.79
246.41,steptest,46.0000,,0.193,0,27.81,32.58
247.41,steptest,46.0000,,0.193,0,27.81,32.15
248.41,steptest,46.0000,,0.193,0,27.88,32.37
249.41,steptest,46.0000,,0.193,0,27.88,33.01
250.41,steptest,45.8750,,0.193,0,27.81,33.00
251.41,steptest,45.8750,,0.193,0,27.81,33.01
252.41,steptest,45.8125,,0.193,0,27.81,33.01
253.41,steptest,45.8750,,0.193,0,27.88,32.36
254.41,steptest,45.7500,,0.193,0,27.81,32.36
255.41,steptest,45.7500,,0.193,0,27.81,32.37
256.41,steptest,45.6875,,0.193,0,27.81,33.01
257.41,steptest,45.6250,,0.193,0,27.81,32.79
258.41,steptest,45.6250,,0.193,0,27.81,32.79
259.41,steptest,45.6250,,0.193,0,27.88,33.22
260.41,steptest,45.5625,,0.000,0,27.88,32.36
261.41,steptest,45.5000,,0.000,0,27.81,33.43
262.41,steptest,45.5625,,0.000,0,27.88,32.80
263.41,steptest,45.5000,,0.000,0,27.88,33.22
264.41,steptest,45.5000,,0.000,0,27.81,32.79
265.41,steptest,45.3125,,0.000,0,27.81,33.01
266.41,steptest,45.3750,,0.000,0,27.88,33.22
267.41,steptest,45.3750,,0.000,0,27.88,32.15
268.41,steptest,45.3750,,0.000,0,27.94,33.22
269.41,steptest,45.3125,,0.000,0,27.88,33.22
270.41,steptest,45.3125,,0.000,0,27.94,32.58
271.41,steptest,45.1875,,0.000,0,27.88,33.22
272.41,steptest,45.2500,,0.000,0,27.94,33.22
273.41,steptest,45.1875,,0.000,0,27.88,32.79
274.41,steptest,45.1250,,0.000,0,27.88,32.79
275.41,steptest,45.1250,,0.000,0,27.88,31.94
276.41,steptest,45.0625,,0.000,0,27.88,33.23
277.41,steptest,45.0000,,0.000,0,27.88,32.58
278.41,steptest,45.0000,,0.000,0,27.88,32.37
279.41,steptest,45.0000,,0.000,0,27.88,33.43
280.41,steptest,44.9375,,0.000,0,27.88,33.00
281.41,steptest,44.8750,,0.000,0,27.88,32.79
282.41,steptest,44.8750,,0.000,0,27.88,33.22
283.41,steptest,44.8125,,0.000,0,27.88,33.01
284.41,steptest,44.8125,,0.000,0,27.88,33.22
285.41,steptest,44.8125,,0.000,0,27.88,33.22
286.41,steptest,44.7500,,0.000,0,27.88,32.58
287.41,steptest,44.7500,,0.000,0,27.88,33.01
288.41,steptest,44.6250,,0.000,0,27.88,33.43
289.41,steptest,44.6250,,0.000,0,27.88,33.01
290.41,steptest,44.6250,,0.000,0,27.88,32.15
291.41,steptest,44.6250,,0.000,0,27.88,33.01
292.41,steptest,44.5625,,0.000,0,27.88,32.58
293.41,steptest,44.4375,,0.000,0,27.88,33.01
294.41,steptest,44.5000,,0.000,0,27.88,33.43
295.41,steptest,44.4375,,0.000,0,27.88,32.37
296.41,steptest,44.3750,,0.000,0,27.88,32.15
297.41,steptest,44.4375,,0.000,0,27.94,32.37
298.41,steptest,44.3750,,0.000,0,27.88,32.80
299.41,steptest,44.3125,,0.000,0,27.88,32.36
300.41,steptest,44.3750,,0.000,0,27.94,32.36
301.41,steptest,44.2500,,0.000,0,27.94,32.79
302.41,steptest,44.2500,,0.000,0,27.94,32.58
303.41,steptest,44.2500,,0.000,0,27.94,32.79
304.41,steptest,44.1875,,0.000,0,27.88,32.59
305.41,steptest,44.1250,,0.000,0,27.94,32.36
306.41,steptest,44.1875,,0.000,0,27.94,32.79
307.41,steptest,44.1875,,0.000,0,28.00,33.00
308.41,steptest,44.0625,,0.000,0,27.94,32.79
309.41,steptest,44.1250,,0.000,0,28.00,33.01
310.41,steptest,44.0625,,0.000,0,27.94,32.80
311.41,steptest,44.0000,,0.000,0,27.94,32.80
312.41,steptest,43.9375,,0.000,0,27.94,32.37
313.41,steptest,43.8750,,0.000,0,27.94,33.22
314.41,steptest,43.8750,,0.000,0,27.94,32.79
315.41,steptest,43.8750,,0.000,0,27.94,32.15
316.41,steptest,43.8125,,0.000,0,27.88,33.01
317.41,steptest,43.8750,,0.000,0,28.00,32.37
318.41,steptest,43.7500,,0.000,0,27.94,32.36
319.41,steptest,43.7500,,0.000,0,27.94,33.01
320.41,steptest,43.6875,,0.193,0,27.94,33.01
321.41,steptest,43.6875,,0.193,0,27.94,32.15
322.41,steptest,43.6875,,0.193,0,28.00,32.37
323.41,steptest,43.6250,,0.193,0,27.94,32.15
324.41,steptest,43.5625,,0.193,0,27.94,32.80
325.41,steptest,43.6250,,0.193,0,28.00,32.58
326.41,steptest,43.5000,,0.193,0,27.94,32.79
327.41,steptest,43.4375,,0.193,0,27.94,32.58
328.41,steptest,43.4375,,0.193,0,27.94,33.22
329.41,steptest,43.4375,,0.193,0,27.94,32.15
330.41,steptest,43.3750,,0.193,0,27.94,33.01
331.41,steptest,43.3750,,0.193,0,27.94,32.79
332.41,steptest,43.3125,,0.193,0,27.94,32.79
333.41,steptest,43.3125,,0.193,0,27.94,33.01
334.41,steptest,43.3125,,0.193,0,28.00,32.58
335.41,steptest,43.3125,,0.193,0,27.94,32.79
336.41,steptest,43.2500,,0.193,0,27.94,32.79
337.41,steptest,43.2500,,0.193,0,28.00,33.22
338.41,steptest,43.1875,,0.193,0,28.00,33.01
339.41,steptest,43.1250,,0.193,0,27.94,32.79
340.41,steptest,43.1250,,0.193,0,28.00,32.80
341.41,steptest,43.1250,,0.193,0,28.00,32.37
342.41,steptest,43.1250,,0.193,0,28.00,32.57
343.41,steptest,43.0625,,0.193,0,28.00,32.80
344.41,steptest,42.9375,,0.193,0,27.94,32.79
345.41,steptest,43.0000,,0.193,0,28.00,32.79
346.41,steptest,42.8750,,0.193,0,27.94,32.58
347.41,steptest,42.9375,,0.193,0,28.00,32.58
348.41,steptest,42.8750,,0.193,0,27.94,32.79
349.41,steptest,42.8750,,0.193,0,28.00,32.36
350.41,steptest,42.8750,,0.193,0,28.00,33.00
351.41,steptest,42.7500,,0.193,0,27.94,32.79
352.41,steptest,42.8125,,0.193,0,28.00,32.80
353.41,steptest,42.7500,,0.193,0,28.00,33.01
354.41,steptest,42.6875,,0.193,0,27.94,32.58
355.41,steptest,42.6875,,0.193,0,27.94,32.58
356.41,steptest,42.6875,,0.193,0,28.00,33.22
357.41,steptest,42.6875,,0.193,0,28.00,33.01
358.41,steptest,42.6250,,0.193,0,28.00,32.79
359.41,steptest,42.5625,,0.193,0,28.00,32.36
360.41,steptest,42.5625,,0.193,0,28.00,32.79
361.41,steptest,42.5000,,0.193,0,28.00,33.01
362.41,steptest,42.5000,,0.193,0,28.00,32.79
363.41,steptest,42.5000,,0.193,0,28.00,32.36
364.41,steptest,42.4375,,0.193,0,28.00,32.58
365.41,steptest,42.4375,,0.193,0,28.00,32.37
366.41,steptest,42.3750,,0.193,0,28.00,32.36
367.41,steptest,42.3750,,0.193,0,28.00,33.01
368.41,steptest,42.3125,,0.193,0,28.00,32.15
369.41,steptest,42.3125,,0.193,0,28.06,32.58
370.41,steptest,42.3125,,0.193,0,28.06,32.79
371.41,steptest,42.3125,,0.193,0,28.06,32.79
372.41,steptest,42.2500,,0.193,0,28.06,33.00
373.41,steptest,42.1875,,0.193,0,28.00,32.58
374.41,steptest,42.1250,,0.193,0,28.00,32.15
375.41,steptest,42.1250,,0.193,0,28.00,32.15
376.41,steptest,42.1875,,0.193,0,28.06,33.00
377.41,steptest,42.0625,,0.193,0,28.00,33.22
378.41,steptest,42.0625,,0.193,0,28.00,32.79
379.41,steptest,42.0625,,0.193,0,28.00,31.72
380.41,steptest,42.0625,,0.000,0,28.06,33.01
381.41,steptest,41.9375,,0.000,0,28.06,32.58
382.41,steptest,41.9375,,0.000,0,28.00,32.58
383.41,steptest,41.9375,,0.000,0,28.00,32.58
384.41,steptest,41.8750,,0.000,0,28.00,32.58
385.41,steptest,41.8750,,0.000,0,28.00,32.16
386.41,steptest,41.8125,,0.000,0,28.00,32.15
387.41,steptest,41.8125,,0.000,0,28.00,33.22
388.41,steptest,41.7500,,0.000,0,28.00,33.01
389.41,steptest,41.6875,,0.000,0,28.00,32.58
390.41,steptest,41.6875,,0.000,0,28.00,32.37
391.41,steptest,41.7500,,0.000,0,28.06,32.37
392.41,steptest,41.6875,,0.000,0,28.06,32.79
393.41,steptest,41.6250,,0.000,0,28.00,32.59
394.41,steptest,41.6875,,0.000,0,28.06,32.79
395.41,steptest,41.6250,,0.000,0,28.06,33.01
396.41,steptest,41.5625,,0.000,0,28.06,32.58
397.41,steptest,41.5625,,0.000,0,28.06,32.58
398.41,steptest,41.5000,,0.000,0,28.00,33.01
399.41,steptest,41.5625,,0.000,0,28.06,33.01
400.41,steptest,41.4375,,0.000,0,28.00,32.79
401.41,steptest,41.4375,,0.000,0,28.06,32.37
402.41,steptest,41.4375,,0.000,0,28.06,32.80
403.41,steptest,41.3125,,0.000,0,28.00,32.80
404.41,steptest,41.3750,,0.000,0,28.06,32.58
405.41,steptest,41.3125,,0.000,0,28.00,33.22
406.41,steptest,41.3125,,0.000,0,28.06,32.80
407.41,steptest,41.2500,,0.000,0,28.00,33.23
408.41,steptest,41.3125,,0.000,0,28.06,32.80
409.41,steptest,41.1875,,0.000,0,28.00,32.80
410.41,steptest,41.1250,,0.000,0,28.00,32.58
411.41,steptest,41.1250,,0.000,0,28.00,33.01
412.41,steptest,41.1250,,0.000,0,28.00,32.79
413.41,steptest,41.1250,,0.000,0,28.00,32.37
414.41,steptest,41.0625,,0.000,0,28.00,33.01
415.41,steptest,41.0625,,0.000,0,28.00,32.37
416.41,steptest,41.0000,,0.000,0,28.06,32.58
417.41,steptest,41.0625,,0.000,0,28.13,32.58
418.41,steptest,41.0000,,0.000,0,28.06,32.79
419.41,steptest,40.9375,,0.000,0,28.00,32.37
420.41,steptest,40.9375,,0.000,0,28.06,33.01
421.41,steptest,40.9375,,0.000,0,28.06,32.37
422.41,steptest,40.9375,,0.000,0,28.06,32.36
423.41,steptest,40.8750,,0.000,0,28.06,32.58
424.41,steptest,40.8750,,0.000,0,28.06,32.57
425.41,steptest,40.8125,,0.000,0,28.06,32.80
426.41,steptest,40.8125,,0.000,0,28.06,32.80
427.41,steptest,40.7500,,0.000,0,28.06,32.79
428.41,steptest,40.7500,,0.000,0,28.06,32.79
429.41,steptest,40.7500,,0.000,0,28.06,33.00
430.41,steptest,40.6875,,0.000,0,28.06,33.01
431.41,steptest,40.6875,,0.000,0,28.06,33.22
432.41,steptest,40.6250,,0.000,0,28.06,32.79
433.41,steptest,40.6250,,0.000,0,28.06,31.94
434.41,steptest,40.5625,,0.000,0,28.06,33.22
435.41,steptest,40.5625,,0.000,0,28.06,32.15
436.41,steptest,40.5625,,0.000,0,28.06,33.01
437.41,steptest,40.5000,,0.000,0,28.00,33.01
438.41,steptest,40.5000,,0.000,0,28.06,32.58
439.41,steptest,40.4375,,0.000,0,28.06,32.37
440.57,steptest,40.3750,,0.193,0,28.00,33.01
441.57,steptest,40.3125,,0.193,0,28.00,32.58
442.57,steptest,40.3750,,0.193,0,28.06,33.01
443.57,steptest,40.3750,,0.193,0,28.06,32.58
444.57,steptest,40.3750,,0.193,0,28.00,33.23
445.57,steptest,40.3750,,0.193,0,28.06,32.36
446.57,steptest,40.3125,,0.193,0,28.06,32.36
447.57,steptest,40.2500,,0.193,0,28.06,32.37
448.57,steptest,40.2500,,0.193,0,28.06,32.15
449.57,steptest,40.1875,,0.193,0,28.06,32.79
450.57,steptest,40.1875,,0.193,0,28.06,31.94
451.57,steptest,40.1875,,0.193,0,28.06,32.15
452.57,steptest,40.1875,,0.193,0,28.06,32.58
453.57,steptest,40.1250,,0.193,0,28.06,32.80
454.57,steptest,40.1250,,0.193,0,28.06,32.36
455.57,steptest,40.0625,,0.193,0,28.06,32.16
456.57,steptest,40.0625,,0.193,0,28.06,32.37
457.57,steptest,40.0000,,0.193,0,28.06,32.37
458.57,steptest,39.9375,,0.193,0,28.13,33.01
459.57,steptest,39.8750,,0.193,0,28.00,32.80
460.57,steptest,39.8750,,0.193,0,28.00,32.58
461.57,steptest,39.9375,,0.193,0,28.06,32.79
462.57,steptest,40.0000,,0.193,0,28.13,32.37
463.57,steptest,39.8750,,0.193,0,28.06,32.57
464.57,steptest,39.8750,,0.193,0,28.06,32.57
465.57,steptest,39.8125,,0.193,0,28.06,32.58
466.57,steptest,39.8125,,0.193,0,28.06,33.01
467.57,steptest,39.7500,,0.193,0,28.06,31.94
468.57,steptest,39.7500,,0.193,0,28.06,33.00
469.57,steptest,39.7500,,0.193,0,28.06,32.80
470.57,steptest,39.7500,,0.193,0,28.06,33.01
471.57,steptest,39.6875,,0.193,0,28.06,32.79
472.57,steptest,39.6250,,0.193,0,28.00,32.80
473.57,steptest,39.6250,,0.193,0,28.06,33.44
474.57,steptest,39.6250,,0.193,0,28.06,32.79
475.57,steptest,39.5625,,0.193,0,28.06,32.58
476.57,steptest,39.5000,,0.193,0,28.00,32.58
477.57,steptest,39.5625,,0.193,0,28.06,32.58
478.57,steptest,39.5625,,0.193,0,28.06,32.58
479.57,steptest,39.4375,,0.193,0,28.00,32.16
480.57,steptest,39.5000,,0.193,0,28.06,32.58
481.57,steptest,39.5000,,0.193,0,28.13,32.58
482.57,steptest,39.4375,,0.193,0,28.06,33.01
483.57,steptest,39.3750,,0.193,0,28.06,32.58
484.57,steptest,39.3750,,0.193,0,28.06,32.79
485.57,steptest,39.3750,,0.193,0,28.06,32.58
486.57,steptest,39.3750,,0.193,0,28.06,32.37
487.57,steptest,39.3125,,0.193,0,28.06,32.79
488.57,steptest,39.3125,,0.193,0,28.06,33.01
489.57,steptest,39.3125,,0.193,0,28.13,32.79
490.57,steptest,39.2500,,0.193,0,28.06,32.37
491.57,steptest,39.2500,,0.193,0,28.06,32.79
492.57,steptest,39.1875,,0.193,0,28.06,32.79
493.57,steptest,39.1875,,0.193,0,28.06,32.79
494.57,steptest,39.1250,,0.193,0,28.00,32.37
495.57,steptest,39.1250,,0.193,0,28.06,32.79
496.57,steptest,39.1250,,0.193,0,28.06,32.58
497.57,steptest,39.1250,,0.193,0,28.06,31.94
498.57,steptest,39.0625,,0.193,0,28.06,32.58
499.57,steptest,39.0625,,0.193,0,28.06,32.79
500.57,steptest,39.0000,,0.000,0,28.06,32.37
501.57,steptest,39.0625,,0.000,0,28.13,32.58
502.57,steptest,38.8750,,0.000,0,28.00,33.01
503.57,steptest,38.9375,,0.000,0,28.06,32.58
504.57,steptest,38.8750,,0.000,0,28.00,31.94
505.57,steptest,38.8750,,0.000,0,28.06,32.58
506.57,steptest,38.8750,,0.000,0,28.06,32.58
507.57,steptest,38.8125,,0.000,0,28.00,32.80
508.57,steptest,38.8125,,0.000,0,28.06,32.37
509.57,steptest,38.7500,,0.000,0,28.00,32.79
510.57,steptest,38.7500,,0.000,0,28.06,32.79
511.57,steptest,38.7500,,0.000,0,28.06,32.37
512.57,steptest,38.7500,,0.000,0,28.06,32.15
513.57,steptest,38.7500,,0.000,0,28.06,32.58
514.57,steptest,38.7500,,0.000,0,28.06,32.58
515.57,steptest,38.6875,,0.000,0,28.06,32.79
516.57,steptest,38.6875,,0.000,0,28.06,32.37
517.57,steptest,38.6250,,0.000,0,28.00,32.37
518.57,steptest,38.6250,,0.000,0,28.06,32.79
519.57,steptest,38.6250,,0.000,0,28.06,32.58
520.57,steptest,38.5625,,0.000,0,28.06,32.58
521.57,steptest,38.5625,,0.000,0,28.06,32.58
522.57,steptest,38.5625,,0.000,0,28.06,32.79
523.57,steptest,38.5000,,0.000,0,28.06,32.58
524.57,steptest,38.4375,,0.000,0,28.00,32.79
525.57,steptest,38.5000,,0.000,0,28.06,32.37
526.57,steptest,38.4375,,0.000,0,28.06,33.01
527.57,steptest,38.4375,,0.000,0,28.06,32.15
528.57,steptest,38.4375,,0.000,0,28.06,32.58
529.57,steptest,38.3750,,0.000,0,28.06,32.79
530.57,steptest,38.3750,,0.000,0,28.06,32.79
531.57,steptest,38.3750,,0.000,0,28.06,33.01
532.57,steptest,38.3125,,0.000,0,28.00,32.58
533.57,steptest,38.3125,,0.000,0,28.06,32.37
534.57,steptest,38.2500,,0.000,0,28.00,32.37
535.57,steptest,38.1875,,0.000,0,28.00,32.37
536.57,steptest,38.1875,,0.000,0,28.00,33.00
537.57,steptest,38.1250,,0.000,0,28.00,31.94
538.57,steptest,38.1250,,0.000,0,28.00,32.37
539.57,steptest,38.1875,,0.000,0,28.06,32.79
540.57,steptest,38.0625,,0.000,0,28.00,32.37
541.57,steptest,38.0625,,0.000,0,28.00,32.80
542.57,steptest,38.0625,,0.000,0,28.00,32.58
543.57,steptest,38.0625,,0.000,0,28.00,32.58
544.57,steptest,38.0625,,0.000,0,28.00,32.37
545.57,steptest,38.0625,,0.000,0,28.06,33.01
546.57,steptest,38.0625,,0.000,0,28.06,32.58
547.57,steptest,37.9375,,0.000,0,28.00,32.58
548.57,steptest,37.9375,,0.000,0,28.00,32.58
549.57,steptest,38.0000,,0.000,0,28.06,32.58
550.57,steptest,37.9375,,0.000,0,28.06,32.58
551.57,steptest,37.9375,,0.000,0,28.06,32.58
552.57,steptest,37.9375,,0.000,0,28.06,32.15
553.57,steptest,37.9375,,0.000,0,28.06,32.58
554.57,steptest,37.8750,,0.000,0,28.06,32.79
555.57,steptest,37.8125,,0.000,0,28.00,32.36
556.57,steptest,37.7500,,0.000,0,28.00,32.59
557.57,steptest,37.8125,,0.000,0,28.06,32.80
558.57,steptest,37.7500,,0.000,0,28.00,32.36
559.57,steptest,37.6875,,0.000,0,28.00,31.95
560.57,steptest,37.7500,,1.000,1,28.06,32.58
561.57,steptest,37.6875,,1.000,1,28.00,33.01
562.57,steptest,37.7500,,1.000,1,28.06,32.58
563.57,steptest,37.6250,,1.000,1,28.00,31.94
564.57,steptest,37.6875,,1.000,1,28.00,32.17
565.57,steptest,37.6875,,1.000,1,28.00,32.80
566.57,steptest,37.6875,,1.000,1,28.00,32.79
567.57,steptest,37.7500,,1.000,1,28.00,32.58
568.57,steptest,37.8750,,1.000,1,28.00,32.80
569.57,steptest,38.0625,,1.000,1,28.00,32.80
570.57,steptest,38.3125,,1.000,1,28.00,32.79
571.57,steptest,38.5000,,1.000,1,28.00,32.79
572.57,steptest,38.8750,,1.000,1,28.00,32.79
573.57,steptest,39.2500,,1.000,1,28.06,32.80
574.57,steptest,39.6250,,1.000,1,28.00,32.36
575.57,steptest,40.2500,,1.000,1,28.06,32.15
576.57,steptest,40.6875,,1.000,1,28.00,32.58
577.57,steptest,41.3125,,1.000,1,28.06,32.58
578.57,steptest,42.1250,,1.000,1,28.00,33.01
579.57,steptest,43.0625,,1.000,1,28.00,32.58
580.57,steptest,43.8750,,1.000,1,28.06,32.36
581.57,steptest,44.6875,,1.000,1,28.00,32.37
582.57,steptest,45.5625,,1.000,1,28.00,32.37
583.57,steptest,46.5000,,1.000,1,28.00,33.01
584.57,steptest,47.5625,,1.000,1,28.00,32.16
585.57,steptest,49.0000,,1.000,1,28.06,33.01
586.57,steptest,50.1250,,1.000,1,28.06,32.59
587.57,steptest,51.3750,,1.000,1,28.06,32.80
588.57,steptest,52.5625,,1.000,1,28.00,33.23
589.57,steptest,53.8125,,1.000,1,28.00,32.58
590.57,steptest,55.1875,,1.000,1,28.00,32.79
591.57,steptest,57.2500,,1.000,1,27.94,32.15
592.57,steptest,58.6875,,1.000,1,28.00,31.95
593.57,steptest,60.1875,,1.000,1,28.00,32.37
594.57,steptest,61.6250,,1.000,1,28.00,32.80
595.57,steptest,63.1875,,1.000,1,28.00,32.37
596.57,steptest,65.2500,,1.000,1,28.06,32.80
597.57,steptest,66.8125,,1.000,1,28.06,32.37
598.57,steptest,68.3750,,1.000,1,28.00,32.80
599.57,steptest,70.0625,,1.000,1,28.00,32.58
600.57,steptest,71.8125,,1.000,1,28.06,32.58
601.57,steptest,73.3750,,1.000,1,28.00,32.79
602.57,steptest,75.5000,,0.079,1,28.00,32.15
603.57,steptest,77.2500,,0.079,1,28.06,32.36
604.57,steptest,79.4375,,0.079,0,28.06,32.79
605.57,steptest,80.9375,,0.079,0,28.00,32.36
606.57,steptest,82.5625,,0.079,0,28.00,33.01
607.57,steptest,83.6250,,0.079,0,28.06,32.58
608.57,steptest,84.6250,,0.079,0,28.06,32.37
609.57,steptest,85.5000,,0.079,0,28.06,32.58
610.57,steptest,86.3750,,0.079,0,28.06,32.58
611.57,steptest,87.0625,,0.079,0,28.06,32.58
612.57,steptest,87.9375,,0.079,0,28.06,32.58
613.57,steptest,88.5625,,0.079,0,28.06,32.16
614.57,steptest,89.1250,,0.079,0,28.06,32.37
615.57,steptest,89.6875,,0.079,0,28.13,31.93
616.57,steptest,90.1875,,0.079,0,28.06,32.58
617.57,steptest,90.7500,,0.079,0,28.06,32.36
618.57,steptest,91.1875,,0.079,0,28.13,32.15
619.57,steptest,91.5625,,0.079,0,28.13,32.80
620.57,steptest,91.8125,,0.079,0,28.13,32.79
621.57,steptest,92.1875,,0.079,0,28.13,32.58
622.57,steptest,92.3125,,0.079,0,28.06,33.01
623.57,steptest,92.6875,,0.079,0,28.13,32.37
624.57,steptest,92.8750,,0.079,0,28.13,32.58
625.57,steptest,93.0000,,0.079,0,28.13,31.94
626.57,steptest,93.1250,,0.079,0,28.06,32.58
627.57,steptest,93.3125,,0.079,0,28.06,32.37
628.57,steptest,93.4375,,0.079,0,28.13,32.15
629.57,steptest,93.5625,,0.079,0,28.13,32.79
630.57,steptest,93.6250,,0.079,0,28.13,32.37
631.57,steptest,93.6875,,0.079,0,28.13,33.01
632.57,steptest,93.7500,,0.079,0,28.13,32.16
633.57,steptest,93.8125,,0.079,0,28.19,32.16
634.57,steptest,93.7500,,0.079,0,28.13,32.37
635.57,steptest,93.8125,,0.079,0,28.19,32.80
636.57,steptest,93.8125,,0.079,0,28.19,31.73
637.57,steptest,93.8125,,0.079,0,28.19,32.17
638.57,steptest,93.7500,,0.079,0,28.19,32.80
639.57,steptest,93.7500,,0.079,0,28.19,32.79
640.57,steptest,93.6875,,0.079,0,28.19,33.22
641.57,steptest,93.6250,,0.079,0,28.19,31.94
642.57,steptest,93.5625,,0.079,0,28.25,32.58
643.57,steptest,93.5000,,0.079,0,28.25,32.58
644.57,steptest,93.3750,,0.079,0,28.25,32.80
645.57,steptest,93.2500,,0.079,0,28.25,32.58
646.57,steptest,93.1875,,0.079,0,28.25,33.01
647.57,steptest,93.0625,,0.079,0,28.25,32.16
648.57,steptest,93.0000,,0.079,0,28.31,33.01
649.57,steptest,92.9375,,0.079,0,28.31,32.58
650.57,steptest,92.7500,,0.079,0,28.31,32.80
651.57,steptest,92.5625,,0.079,0,28.31,33.01
652.57,steptest,92.3750,,0.079,0,28.31,32.58
653.57,steptest,92.3125,,0.079,0,28.31,32.80
654.57,steptest,92.0625,,0.079,0,28.31,32.79
655.57,steptest,91.9375,,0.079,0,28.31,32.16
656.57,steptest,91.8125,,0.079,0,28.31,32.80
657.57,steptest,91.6250,,0.079,0,28.31,32.15
658.57,steptest,91.5000,,0.079,0,28.31,32.58
659.57,steptest,91.3125,,0.079,0,28.31,32.58
660.57,steptest,91.2500,,0.079,0,28.38,32.15
661.57,steptest,90.9375,,0.079,0,28.31,32.58
662.57,steptest,90.8750,,0.079,0,28.38,32.58
663.57,steptest,90.7500,,0.079,0,28.44,32.15
664.57,steptest,90.5000,,0.079,0,28.38,32.58
665.57,steptest,90.3750,,0.079,0,28.38,32.37
666.57,steptest,90.1875,,0.079,0,28.44,32.79
667.57,steptest,90.0000,,0.079,0,28.44,32.80
668.57,steptest,89.7500,,0.079,0,28.44,33.01
669.57,steptest,89.6875,,0.079,0,28.50,32.79
670.57,steptest,89.5625,,0.079,0,28.50,32.15
671.57,steptest,89.3125,,0.079,0,28.50,32.58
672.57,steptest,89.1250,,0.079,0,28.50,32.58
673.57,steptest,89.0000,,0.079,0,28.50,32.80
674.57,steptest,88.8750,,0.079,0,28.56,32.16
675.57,steptest,88.6250,,0.079,0,28.50,32.59
676.57,steptest,88.5000,,0.079,0,28.56,32.58
677.57,steptest,88.2500,,0.079,0,28.56,32.79
678.57,steptest,88.0625,,0.079,0,28.56,32.37
679.57,steptest,87.8750,,0.079,0,28.56,32.16
680.57,steptest,87.7500,,0.079,0,28.56,32.15
681.57,steptest,87.5625,,0.079,0,28.56,32.80
682.57,steptest,87.3750,,0.079,0,28.63,32.15
683.57,steptest,87.1875,,0.079,0,28.63,32.37
684.57,steptest,87.0625,,0.079,0,28.63,33.22
685.57,steptest,86.8750,,0.079,0,28.63,32.15
686.57,steptest,86.6875,,0.079,0,28.63,32.37
687.57,steptest,86.5000,,0.079,0,28.63,32.79
688.57,steptest,86.3125,,0.079,0,28.63,32.80
689.57,steptest,86.1875,,0.079,0,28.69,32.36
690.57,steptest,86.0000,,0.079,0,28.69,31.94
691.57,steptest,85.8125,,0.079,0,28.69,32.58
692.57,steptest,85.6250,,0.079,0,28.69,32.58
693.57,steptest,85.5000,,0.079,0,28.69,32.58
694.57,steptest,85.3125,,0.079,0,28.69,32.58
695.57,steptest,85.1875,,0.079,0,28.75,32.58
696.57,steptest,85.0000,,0.079,0,28.75,32.36
697.57,steptest,84.8750,,0.079,0,28.75,32.15
698.57,steptest,84.6875,,0.079,0,28.75,32.58
699.57,steptest,84.5000,,0.079,0,28.75,32.79
700.57,steptest,84.3750,,0.079,0,28.75,32.58
701.57,steptest,84.2500,,0.079,0,28.81,33.01
702.57,steptest,84.0625,,0.079,0,28.81,32.79
703.57,steptest,83.9375,,0.079,0,28.88,32.58
704.57,steptest,83.7500,,0.079,0,28.88,32.58
705.57,steptest,83.5625,,0.079,0,28.88,32.15
706.57,steptest,83.4375,,0.079,0,28.88,32.37
707.57,steptest,83.3125,,0.079,0,28.94,31.94
708.57,steptest,83.1250,,0.079,0,28.88,31.94
709.57,steptest,82.9375,,0.079,0,28.88,32.58
710.57,steptest,82.8125,,0.079,0,28.94,33.01
711.57,steptest,82.6250,,0.079,0,28.94,32.15
712.57,steptest,82.5000,,0.079,0,28.94,32.80
713.57,steptest,82.3125,,0.079,0,28.94,33.01
714.57,steptest,82.1875,,0.079,0,28.94,32.58
715.57,steptest,81.9375,,0.079,0,28.94,31.94
716.57,steptest,81.8750,,0.079,0,29.00,32.58
717.57,steptest,81.6250,,0.079,0,28.94,32.36
718.57,steptest,81.5625,,0.079,0,29.00,32.58
719.57,steptest,81.4375,,0.079,0,29.00,32.17
720.57,steptest,81.1875,,0.079,0,29.00,32.80
721.57,steptest,81.1250,,0.079,0,29.06,32.37
722.57,steptest,80.9375,,0.079,0,29.00,32.16
723.57,steptest,80.8125,,0.079,0,29.06,32.58
724.57,steptest,80.6875,,0.079,0,29.06,32.37
725.57,steptest,80.6250,,0.079,0,29.13,32.58
726.57,steptest,80.5000,,0.079,0,29.06,32.15
727.57,steptest,80.2500,,0.079,0,29.13,32.79
728.57,steptest,80.1875,,0.079,0,29.19,32.58
729.57,steptest,80.0000,,0.079,0,29.19,32.80
730.57,steptest,79.8750,,0.079,0,29.19,32.37
731.57,steptest,79.6875,,0.079,0,29.19,32.79
732.57,steptest,79.5625,,0.079,0,29.19,33.44
733.57,steptest,79.4375,,0.079,0,29.25,32.58
734.57,steptest,79.2500,,0.079,0,29.19,32.80
735.57,steptest,79.1250,,0.079,0,29.19,32.58
736.57,steptest,79.0625,,0.079,0,29.25,32.15
737.57,steptest,78.8750,,0.079,0,29.25,31.73
738.57,steptest,78.7500,,0.079,0,29.25,32.80
739.57,steptest,78.6250,,0.079,0,29.25,32.79
740.57,steptest,78.5625,,0.079,0,29.31,32.58
741.57,steptest,78.3750,,0.079,0,29.31,32.15
742.57,steptest,78.1875,,0.079,0,29.31,32.58
743.57,steptest,78.1250,,0.079,0,29.31,33.22
744.57,steptest,78.0000,,0.079,0,29.38,32.80
745.57,steptest,77.8125,,0.079,0,29.31,31.94
746.57,steptest,77.6875,,0.079,0,29.31,32.79
747.57,steptest,77.6250,,0.079,0,29.38,32.80
748.57,steptest,77.4375,,0.079,0,29.38,32.58
749.57,steptest,77.3125,,0.079,0,29.38,32.15
750.57,steptest,77.2500,,0.079,0,29.38,32.58
751.57,steptest,77.0625,,0.079,0,29.38,32.58
752.57,steptest,76.8750,,0.079,0,29.38,32.36
753.57,steptest,76.8750,,0.079,0,29.44,33.22
754.57,steptest,76.7500,,0.079,0,29.44,32.58
755.57,steptest,76.6250,,0.079,0,29.50,32.59
756.57,steptest,76.5000,,0.079,0,29.50,31.94
757.57,steptest,76.3125,,0.079,0,29.44,32.58
758.57,steptest,76.2500,,0.079,0,29.50,33.01
759.57,steptest,76.1250,,0.079,0,29.50,32.37
760.57,steptest,76.0000,,0.079,0,29.50,33.01
761.57,steptest,75.8750,,0.079,0,29.50,32.58
762.57,steptest,75.8125,,0.079,0,29.50,32.58
763.57,steptest,75.6875,,0.079,0,29.56,33.44
764.57,steptest,75.5625,,0.079,0,29.56,32.58
765.57,steptest,75.4375,,0.079,0,29.56,32.58
766.57,steptest,75.3750,,0.079,0,29.63,32.79
767.57,steptest,75.2500,,0.079,0,29.63,31.94
768.57,steptest,75.1875,,0.079,0,29.63,32.37
769.57,steptest,75.0000,,0.079,0,29.63,31.94
770.57,steptest,74.8750,,0.079,0,29.63,32.37
771.57,steptest,74.8750,,0.079,0,29.69,32.79
772.57,steptest,74.7500,,0.079,0,29.69,32.80
773.57,steptest,74.6250,,0.079,0,29.69,32.59
774.57,steptest,74.5000,,0.079,0,29.69,33.01
775.57,steptest,74.3750,,0.079,0,29.69,32.15
776.57,steptest,74.2500,,0.079,0,29.69,31.94
777.57,steptest,74.1875,,0.079,0,29.75,32.37
778.57,steptest,74.1250,,0.079,0,29.75,32.15
779.57,steptest,73.9375,,0.079,0,29.75,31.94
780.57,steptest,73.8125,,0.079,0,29.75,32.38
781.57,steptest,73.7500,,0.079,0,29.75,32.37
782.57,steptest,73.6250,,0.229,0,29.75,32.37
783.57,steptest,73.5000,,0.229,0,29.75,32.58
784.57,steptest,73.3750,,0.229,1,29.75,32.59
785.57,steptest,73.3125,,0.229,0,29.75,32.37
786.57,steptest,73.1875,,0.229,0,29.75,32.58
787.57,steptest,73.1250,,0.229,0,29.81,32.37
788.57,steptest,73.0000,,0.229,1,29.81,32.80
789.57,steptest,73.0000,,0.229,0,29.88,32.37
790.57,steptest,72.8125,,0.229,0,29.81,32.37
791.57,steptest,72.7500,,0.229,0,29.88,32.58
792.57,steptest,72.6875,,0.229,1,29.88,32.80
793.57,steptest,72.6875,,0.229,0,29.94,32.80
794.57,steptest,72.5000,,0.229,0,29.88,32.58
795.57,steptest,72.5000,,0.229,0,29.88,32.37
796.57,steptest,72.4375,,0.229,1,29.94,32.81
797.57,steptest,72.3750,,0.229,0,29.94,33.23
798.57,steptest,72.3750,,0.229,0,29.94,32.58
799.57,steptest,72.3750,,0.229,0,30.00,32.80
800.57,steptest,72.3125,,0.229,1,29.94,32.37
801.57,steptest,72.3125,,0.229,0,30.00,32.37
802.57,steptest,72.2500,,0.229,0,30.00,32.58
803.57,steptest,72.2500,,0.229,0,30.00,32.58
804.57,steptest,72.2500,,0.229,1,30.00,32.58
805.57,steptest,72.2500,,0.229,0,30.00,32.79
806.57,steptest,72.2500,,0.229,0,30.00,32.79
807.57,steptest,72.2500,,0.229,0,30.00,31.94
808.57,steptest,72.2500,,0.229,1,30.00,32.36
809.57,steptest,72.3750,,0.229,0,30.06,32.37
810.57,steptest,72.4375,,0.229,0,30.06,32.15
811.57,steptest,72.5000,,0.229,0,30.06,31.94
812.57,steptest,72.5000,,0.229,1,30.06,32.36
813.57,steptest,72.6250,,0.229,0,30.13,33.01
814.57,steptest,72.6875,,0.229,0,30.13,33.22
815.57,steptest,72.7500,,0.229,0,30.13,32.37
816.57,steptest,72.7500,,0.229,1,30.13,33.01
817.57,steptest,72.8750,,0.229,0,30.13,32.59
818.57,steptest,73.0000,,0.229,0,30.19,32.15
819.57,steptest,73.0625,,0.229,0,30.13,32.16
820.57,steptest,73.1875,,0.229,1,30.19,33.01
821.57,steptest,73.3750,,0.229,0,30.25,32.79
822.57,steptest,73.5000,,0.229,0,30.25,32.37
823.57,steptest,73.6250,,0.229,0,30.25,33.01
824.57,steptest,73.6875,,0.229,1,30.19,32.80
825.57,steptest,73.8750,,0.229,0,30.25,32.37
826.57,steptest,74.0000,,0.229,0,30.25,32.58
827.57,steptest,74.1250,,0.229,0,30.25,32.58
828.57,steptest,74.3125,,0.229,1,30.31,32.80
829.57,steptest,74.4375,,0.229,0,30.31,32.58
830.57,steptest,74.6250,,0.229,0,30.31,32.16
831.57,steptest,74.7500,,0.229,0,30.31,33.01
832.57,steptest,74.8750,,0.229,1,30.31,32.58
833.57,steptest,75.0625,,0.229,0,30.38,32.37
834.57,steptest,75.3125,,0.229,0,30.38,32.58
835.57,steptest,75.4375,,0.229,0,30.38,32.58
836.57,steptest,75.6250,,0.229,1,30.38,32.58
837.57,steptest,75.7500,,0.229,0,30.31,32.58
838.57,steptest,76.0625,,0.229,0,30.38,32.58
839.57,steptest,76.2500,,0.229,0,30.38,32.58
840.57,steptest,76.3750,,0.229,1,30.38,32.58
841.57,steptest,76.6875,,0.229,0,30.44,31.94
842.57,steptest,76.8125,,0.000,0,30.38,32.80
843.73,steptest,77.1250,,0.000,0,30.44,32.36
844.73,steptest,77.2500,,0.000,0,30.44,32.58
845.73,steptest,77.4375,,0.000,0,30.44,32.37
846.73,steptest,77.6250,,0.000,0,30.44,32.58
847.73,steptest,77.7500,,0.000,0,30.44,31.95
848.73,steptest,78.0000,,0.000,0,30.50,32.37
849.73,steptest,78.1250,,0.000,0,30.50,32.79
850.73,steptest,78.3125,,0.000,0,30.56,32.37
851.73,steptest,78.4375,,0.000,0,30.50,32.80
852.73,steptest,78.5625,,0.000,0,30.56,32.79
853.73,steptest,78.7500,,0.000,0,30.56,32.58
854.73,steptest,78.8750,,0.000,0,30.56,32.58
855.73,steptest,79.0625,,0.000,0,30.63,32.58
856.73,steptest,79.1250,,0.000,0,30.63,32.37
857.73,steptest,79.1875,,0.000,0,30.63,32.58
858.73,steptest,79.3750,,0.000,0,30.63,33.01
859.73,steptest,79.4375,,0.000,0,30.63,32.58
860.73,steptest,79.5000,,0.000,0,30.63,33.01
861.73,steptest,79.6250,,0.000,0,30.69,32.15
862.73,steptest,79.6875,,0.000,0,30.69,32.57
863.73,steptest,79.7500,,0.000,0,30.63,32.80
864.73,steptest,79.7500,,0.000,0,30.63,32.36
865.73,steptest,79.8750,,0.000,0,30.69,32.58
866.73,steptest,79.8750,,0.000,0,30.69,32.15
867.73,steptest,79.9375,,0.000,0,30.69,33.01
868.73,steptest,80.0000,,0.000,0,30.69,32.80
869.73,steptest,80.0625,,0.000,0,30.69,32.58
870.73,steptest,80.0000,,0.000,0,30.69,32.15
871.73,steptest,80.0625,,0.000,0,30.75,32.37
872.73,steptest,80.0625,,0.000,0,30.75,32.15
873.73,steptest,80.0625,,0.000,0,30.75,32.15
874.73,steptest,80.0625,,0.000,0,30.75,31.94
875.73,steptest,80.1250,,0.000,0,30.75,32.80
876.73,steptest,80.0625,,0.000,0,30.75,32.79
877.73,steptest,80.1250,,0.000,0,30.81,32.79
878.73,steptest,80.1250,,0.000,0,30.81,32.58
879.73,steptest,80.1250,,0.000,0,30.81,32.37
880.73,steptest,80.1250,,0.000,0,30.81,32.80
881.73,steptest,80.1250,,0.000,0,30.88,32.15
882.73,steptest,80.1250,,0.000,0,30.88,32.37
883.73,steptest,80.0625,,0.000,0,30.88,32.36
884.73,steptest,80.0625,,0.000,0,30.94,32.58
885.73,steptest,80.0000,,0.000,0,30.94,32.58
886.73,steptest,80.0000,,0.000,0,30.94,32.58
887.73,steptest,80.0000,,0.000,0,30.94,32.58
888.73,steptest,79.9375,,0.000,0,30.94,32.15
889.73,steptest,79.8750,,0.000,0,30.94,32.37
890.73,steptest,79.8750,,0.000,0,31.00,32.58
891.73,steptest,79.8750,,0.000,0,31.00,32.37
892.73,steptest,79.8125,,0.000,0,30.94,32.58
893.73,steptest,79.6875,,0.000,0,31.00,32.36
894.73,steptest,79.6875,,0.000,0,31.00,32.79
895.73,steptest,79.6250,,0.000,0,31.00,32.58
896.73,steptest,79.6250,,0.000,0,31.06,31.94
897.73,steptest,79.5000,,0.000,0,31.00,32.80
898.73,steptest,79.5000,,0.000,0,31.06,32.37
899.73,steptest,79.3125,,0.000,0,31.00,32.58
900.73,steptest,79.3750,,0.000,0,31.06,32.58
901.73,steptest,79.3125,,0.000,0,31.06,32.58
902.73,steptest,79.1875,,0.229,0,31.06,33.01
903.73,steptest,79.1250,,0.229,0,31.06,32.80
904.73,steptest,79.0625,,0.229,1,31.06,33.01
905.73,steptest,79.0000,,0.229,0,31.13,31.94
906.73,steptest,79.0000,,0.229,0,31.13,33.01
907.73,steptest,78.8750,,0.229,0,31.06,32.37
908.73,steptest,78.9375,,0.229,1,31.19,31.94
909.73,steptest,78.8125,,0.229,0,31.13,32.36
910.73,steptest,78.7500,,0.229,0,31.13,32.79
911.73,steptest,78.7500,,0.229,0,31.19,32.81
912.73,steptest,78.6875,,0.229,1,31.19,32.80
913.73,steptest,78.6875,,0.229,0,31.19,32.79
914.73,steptest,78.7500,,0.229,0,31.25,32.37
915.73,steptest,78.6875,,0.229,0,31.25,32.58
916.73,steptest,78.6250,,0.229,1,31.19,33.00
917.73,steptest,78.6875,,0.229,0,31.25,32.37
918.73,steptest,78.6250,,0.229,0,31.25,32.37
919.73,steptest,78.7500,,0.229,0,31.31,32.58
920.73,steptest,78.8125,,0.229,1,31.31,32.15
921.73,steptest,78.7500,,0.229,0,31.31,31.94
922.73,steptest,78.8125,,0.229,0,31.31,31.94
923.73,steptest,78.8125,,0.229,0,31.31,32.58
924.73,steptest,78.8125,,0.229,1,31.31,33.01
925.73,steptest,78.9375,,0.229,0,31.38,32.15
926.73,steptest,79.0000,,0.229,0,31.38,32.37
927.73,steptest,79.0625,,0.229,0,31.38,32.58
928.73,steptest,79.0625,,0.229,1,31.38,32.58
929.73,steptest,79.1875,,0.229,0,31.38,32.58
930.73,steptest,79.2500,,0.229,0,31.38,32.79
931.73,steptest,79.3125,,0.229,0,31.31,33.00
932.73,steptest,79.4375,,0.229,1,31.38,32.80
933.73,steptest,79.5625,,0.229,0,31.44,32.58
934.73,steptest,79.6875,,0.229,0,31.44,32.37
935.73,steptest,79.7500,,0.229,0,31.44,32.58
936.73,steptest,79.8125,,0.229,1,31.38,32.58
937.73,steptest,80.0000,,0.229,0,31.44,32.79
938.73,steptest,80.0625,,0.229,0,31.44,32.80
939.73,steptest,80.3125,,0.229,0,31.50,32.15
940.73,steptest,80.3125,,0.229,1,31.44,33.43
941.73,steptest,80.5000,,0.229,0,31.50,32.80
942.73,steptest,80.6875,,0.229,0,31.50,32.58
943.73,steptest,80.8125,,0.229,0,31.50,32.37
944.73,steptest,81.0000,,0.229,1,31.50,33.01
945.73,steptest,81.1875,,0.229,0,31.50,32.58
946.73,steptest,81.3750,,0.229,0,31.56,31.94
947.73,steptest,81.5625,,0.229,0,31.56,32.16
948.73,steptest,81.6875,,0.229,1,31.56,32.15
949.73,steptest,81.8125,,0.229,0,31.56,32.79
950.73,steptest,82.0625,,0.229,0,31.56,32.58
951.73,steptest,82.1875,,0.229,0,31.56,32.58
952.73,steptest,82.3750,,0.229,1,31.56,32.80
953.73,steptest,82.5000,,0.229,0,31.56,32.58
954.73,steptest,82.6875,,0.229,0,31.56,33.22
955.73,steptest,82.9375,,0.229,0,31.63,32.58
956.73,steptest,83.1250,,0.229,1,31.63,32.80
957.73,steptest,83.3125,,0.229,0,31.63,32.37
958.73,steptest,83.5625,,0.229,0,31.63,32.37
959.73,steptest,83.7500,,0.229,0,31.63,31.95
960.73,steptest,83.9375,,0.229,1,31.63,32.80
961.73,steptest,84.1875,,0.229,0,31.63,32.37
962.73,steptest,84.3750,,0.000,0,31.63,33.44
963.89,steptest,84.6250,,0.000,0,31.63,32.80
964.89,steptest,84.7500,,0.000,0,31.69,32.37
965.89,steptest,85.0625,,0.000,0,31.69,32.36
966.89,steptest,85.1875,,0.000,0,31.69,32.80
967.89,steptest,85.3750,,0.000,0,31.69,32.58
968.89,steptest,85.6250,,0.000,0,31.75,32.15
969.89,steptest,85.7500,,0.000,0,31.75,32.36
970.89,steptest,85.8750,,0.000,0,31.75,32.80
971.89,steptest,86.0000,,0.000,0,31.75,32.79
972.89,steptest,86.1875,,0.000,0,31.81,32.37
973.89,steptest,86.2500,,0.000,0,31.81,33.01
974.89,steptest,86.3750,,0.000,0,31.81,32.37
975.89,steptest,86.5000,,0.000,0,31.81,32.80
976.89,steptest,86.6250,,0.000,0,31.81,32.58
977.89,steptest,86.6875,,0.000,0,31.81,33.01
978.89,steptest,86.8125,,0.000,0,31.88,32.80
979.89,steptest,86.8750,,0.000,0,31.88,31.94
980.89,steptest,86.9375,,0.000,0,31.88,32.17
981.89,steptest,87.0000,,0.000,0,31.88,31.94
982.89,steptest,87.1250,,0.000,0,31.94,32.58
983.89,steptest,87.0625,,0.000,0,31.88,32.36
984.89,steptest,87.0625,,0.000,0,31.88,32.37
985.89,steptest,87.1875,,0.000,0,31.94,32.37
986.89,steptest,87.1875,,0.000,0,31.94,32.58
987.89,steptest,87.1875,,0.000,0,31.94,32.15
988.89,steptest,87.1875,,0.000,0,31.94,33.00
989.89,steptest,87.2500,,0.000,0,31.94,32.36
990.89,steptest,87.1875,,0.000,0,31.94,32.37
991.89,steptest,87.2500,,0.000,0,32.00,32.79
992.89,steptest,87.1875,,0.000,0,31.94,32.58
993.89,steptest,87.2500,,0.000,0,32.00,32.58
994.89,steptest,87.2500,,0.000,0,32.06,32.38
995.89,steptest,87.1875,,0.000,0,32.00,32.37
996.89,steptest,87.1875,,0.000,0,32.00,32.58
997.89,steptest,87.1250,,0.000,0,32.00,32.37
998.89,steptest,87.1250,,0.000,0,32.06,32.58
999.89,steptest,87.0625,,0.000,0,32.06,33.23
1000.89,steptest,87.0625,,0.000,0,32.06,32.58
1001.89,steptest,87.0000,,0.000,0,32.06,32.37
1002.89,steptest,87.0000,,0.000,0,32.13,32.37
1003.89,steptest,86.8750,,0.000,0,32.06,32.58
1004.89,steptest,86.9375,,0.000,0,32.13,33.01
1005.89,steptest,86.8125,,0.000,0,32.13,32.15
1006.89,steptest,86.8125,,0.000,0,32.19,32.79
1007.89,steptest,86.7500,,0.000,0,32.19,32.58
1008.89,steptest,86.6250,,0.000,0,32.13,33.01
1009.89,steptest,86.5000,,0.000,0,32.13,32.15
1010.89,steptest,86.6250,,0.000,0,32.25,32.37
1011.89,steptest,86.3750,,0.000,0,32.13,32.58
1012.89,steptest,86.4375,,0.000,0,32.25,32.37
1013.89,steptest,86.3125,,0.000,0,32.19,32.37
1014.89,steptest,86.1875,,0.000,0,32.25,32.37
1015.89,steptest,86.1250,,0.000,0,32.19,33.01
1016.89,steptest,86.0000,,0.000,0,32.19,33.22
1017.89,steptest,86.0000,,0.000,0,32.25,33.22
1018.89,steptest,85.8750,,0.000,0,32.25,32.80
1019.89,steptest,85.8750,,0.000,0,32.31,32.58
1020.89,steptest,85.7500,,0.000,0,32.25,32.58
1021.89,steptest,85.6875,,0.000,0,32.31,32.58
1022.89,steptest,85.6250,,0.229,0,32.31,33.01
1023.89,steptest,85.5000,,0.229,0,32.31,32.58
1024.89,steptest,85.5000,,0.229,1,32.38,33.01
1025.89,steptest,85.3750,,0.229,0,32.31,32.79
1026.89,steptest,85.3125,,0.229,0,32.31,32.58
1027.89,steptest,85.2500,,0.229,0,32.31,32.58
1028.89,steptest,85.1250,,0.229,1,32.38,32.16
1029.89,steptest,85.0625,,0.229,0,32.38,32.37
1030.89,steptest,85.0000,,0.229,0,32.38,33.01
1031.89,steptest,84.9375,,0.229,0,32.38,32.58
1032.89,steptest,84.9375,,0.229,1,32.44,31.94
1033.89,steptest,84.8750,,0.229,0,32.44,32.58
1034.89,steptest,84.8125,,0.229,0,32.44,32.37
1035.89,steptest,84.8125,,0.229,0,32.44,32.79
1036.89,steptest,84.7500,,0.229,1,32.44,31.94
1037.89,steptest,84.6875,,0.229,0,32.44,32.37
1038.89,steptest,84.7500,,0.229,0,32.50,32.37
1039.89,steptest,84.7500,,0.229,0,32.50,31.94
1040.89,steptest,84.7500,,0.229,1,32.50,32.58
1041.89,steptest,84.7500,,0.229,0,32.50,33.01
1042.89,steptest,84.7500,,0.229,0,32.50,32.58
1043.89,steptest,84.7500,,0.229,0,32.50,31.94
1044.89,steptest,84.8750,,0.229,1,32.56,33.44
1045.89,steptest,84.8750,,0.229,0,32.56,32.79
1046.89,steptest,84.9375,,0.229,0,32.56,32.58
1047.89,steptest,85.0000,,0.229,0,32.56,33.01
1048.89,steptest,85.0000,,0.229,1,32.56,32.16
1049.89,steptest,85.1250,,0.229,0,32.63,32.15
1050.89,steptest,85.1250,,0.229,0,32.56,31.94
1051.89,steptest,85.2500,,0.229,0,32.63,32.80
1052.89,steptest,85.3125,,0.229,1,32.63,32.79
1053.89,steptest,85.4375,,0.229,0,32.56,33.01
1054.89,steptest,85.5000,,0.229,0,32.63,32.58
1055.89,steptest,85.6875,,0.229,0,32.69,32.58
1056.89,steptest,85.6875,,0.229,1,32.63,32.37
1057.89,steptest,85.8750,,0.229,0,32.69,32.79
1058.89,steptest,85.9375,,0.229,0,32.69,32.58
1059.89,steptest,86.0625,,0.229,0,32.69,32.58
1060.89,steptest,86.2500,,0.229,1,32.69,32.58
1061.89,steptest,86.3125,,0.229,0,32.69,32.79
1062.89,steptest,86.4375,,0.229,0,32.69,32.37
1063.89,steptest,86.6250,,0.229,0,32.75,32.58
1064.89,steptest,86.6875,,0.229,1,32.69,33.01
1065.89,steptest,86.8125,,0.229,0,32.69,32.15
1066.89,steptest,87.0625,,0.229,0,32.75,32.58
1067.89,steptest,87.2500,,0.229,0,32.75,31.93
1068.89,steptest,87.3750,,0.229,1,32.81,33.01
1069.89,steptest,87.5625,,0.229,0,32.81,31.94
1070.89,steptest,87.7500,,0.229,0,32.81,32.37
1071.89,steptest,87.9375,,0.229,0,32.81,32.15
1072.89,steptest,88.0625,,0.229,1,32.81,32.79
1073.89,steptest,88.3125,,0.229,0,32.88,32.58
1074.89,steptest,88.4375,,0.229,0,32.88,32.58
1075.89,steptest,88.6250,,0.229,0,32.88,32.36
1076.89,steptest,88.7500,,0.229,1,32.81,32.58
1077.89,steptest,89.0625,,0.229,0,32.94,32.58
1078.89,steptest,89.1250,,0.229,0,32.88,32.58
1079.89,steptest,89.3125,,0.229,0,32.81,33.01
1080.89,steptest,89.5625,,0.229,1,32.88,32.79
1081.89,steptest,89.7500,,0.229,0,32.88,32.37
1082.89,steptest,89.9375,,0.000,0,32.88,32.79
1083.89,steptest,90.1875,,0.000,0,32.94,32.37
1084.89,steptest,90.3125,,0.000,0,32.88,33.01
1085.89,steptest,90.5000,,0.000,0,32.94,32.58
1086.89,steptest,90.6875,,0.000,0,32.94,32.15
1087.89,steptest,90.8125,,0.000,0,32.94,33.01
1088.89,steptest,90.9375,,0.000,0,32.94,32.79
1089.89,steptest,91.1250,,0.000,0,32.94,33.00
1090.89,steptest,91.1875,,0.000,0,32.94,32.58
1091.89,steptest,91.3750,,0.000,0,33.00,32.79
1092.89,steptest,91.5000,,0.000,0,33.06,32.58
1093.89,steptest,91.5625,,0.000,0,33.00,32.79
1094.89,steptest,91.7500,,0.000,0,33.00,33.01
1095.89,steptest,91.7500,,0.000,0,33.00,32.15
1096.89,steptest,91.9375,,0.000,0,33.06,32.36
1097.89,steptest,92.0000,,0.000,0,33.06,33.01
1098.89,steptest,92.1250,,0.000,0,33.13,32.15
1099.89,steptest,92.1875,,0.000,0,33.13,32.58
1100.89,steptest,92.1875,,0.000,0,33.13,32.58
1101.89,steptest,92.2500,,0.000,0,33.13,32.15
1102.89,steptest,92.3125,,0.000,0,33.13,32.79
1103.89,steptest,92.3125,,0.000,0,33.19,32.37
1104.89,steptest,92.3750,,0.000,0,33.19,32.79
1105.89,steptest,92.3750,,0.000,0,33.19,32.15
1106.89,steptest,92.3750,,0.000,0,33.19,32.79
1107.89,steptest,92.3750,,0.000,0,33.19,32.79
1108.89,steptest,92.3750,,0.000,0,33.19,33.01
1109.89,steptest,92.3750,,0.000,0,33.19,32.58
1110.89,steptest,92.3750,,0.000,0,33.25,32.58
1111.89,steptest,92.3125,,0.000,0,33.19,32.80
1112.89,steptest,92.3750,,0.000,0,33.25,33.01
1113.89,steptest,92.2500,,0.000,0,33.19,32.58
1114.89,steptest,92.2500,,0.000,0,33.25,32.37
1115.89,steptest,92.1875,,0.000,0,33.19,32.80
1116.89,steptest,92.1875,,0.000,0,33.25,33.65
1117.89,steptest,92.1875,,0.000,0,33.25,33.01
1118.89,steptest,92.0625,,0.000,0,33.25,32.58
1119.89,steptest,92.0000,,0.000,0,33.25,32.58
1120.89,steptest,92.0000,,0.000,0,33.25,32.58
1121.89,steptest,91.9375,,0.000,0,33.31,32.80
1122.89,steptest,91.8750,,0.000,0,33.31,32.79
1123.89,steptest,91.8125,,0.000,0,33.31,32.58
1124.89,steptest,91.7500,,0.000,0,33.31,32.79
1125.89,steptest,91.7500,,0.000,0,33.38,32.58
1126.89,steptest,91.6875,,0.000,0,33.38,32.80
1127.89,steptest,91.5625,,0.000,0,33.38,32.58
1128.89,steptest,91.5000,,0.000,0,33.38,32.80
1129.89,steptest,91.4375,,0.000,0,33.38,32.58
1130.89,steptest,91.4375,,0.000,0,33.44,32.57
1131.89,steptest,91.2500,,0.000,0,33.44,32.79
1132.89,steptest,91.1875,,0.000,0,33.44,32.17
1133.89,steptest,91.1250,,0.000,0,33.44,32.58
1134.89,steptest,91.0000,,0.000,0,33.44,32.58
1135.89,steptest,90.9375,,0.000,0,33.44,32.80
1136.89,steptest,90.8750,,0.000,0,33.50,32.58
1137.89,steptest,90.8125,,0.000,0,33.50,32.79
1138.89,steptest,90.6250,,0.000,0,33.44,32.58
1139.89,steptest,90.6250,,0.000,0,33.50,32.58
1140.89,steptest,90.5000,,0.000,0,33.50,32.15
1141.89,steptest,90.4375,,0.000,0,33.56,32.80
1142.89,steptest,90.3125,,1.000,0,33.50,32.36
1143.89,steptest,90.2500,,1.000,0,33.56,32.80
1144.89,steptest,90.1250,,1.000,1,33.56,32.36
1145.89,steptest,89.9375,,1.000,1,33.50,32.79
1146.89,steptest,89.9375,,1.000,1,33.56,32.58
1147.89,steptest,89.8750,,1.000,1,33.56,32.58
1148.89,steptest,89.8750,,1.000,1,33.56,32.37
1149.89,steptest,89.8750,,1.000,1,33.56,32.80
1150.89,steptest,89.9375,,1.000,1,33.56,32.15
1151.89,steptest,90.1250,,1.000,1,33.56,32.37
1152.89,steptest,90.3750,,1.000,1,33.63,32.15
1153.89,steptest,90.6250,,1.000,1,33.63,33.45
1154.89,steptest,91.0625,,1.000,1,33.63,31.95
1155.89,steptest,91.5625,,1.000,1,33.69,31.94
1156.89,steptest,92.0000,,1.000,1,33.69,32.58
1157.89,steptest,92.6250,,1.000,1,33.69,32.58
1158.89,steptest,93.5625,,1.000,1,33.69,32.16
1159.89,steptest,94.2500,,1.000,1,33.69,32.58
1160.89,steptest,95.0000,,1.000,1,33.69,32.15
1161.89,steptest,95.8750,,1.000,1,33.75,33.01
1162.89,steptest,96.7500,,1.000,1,33.75,32.58
1163.89,steptest,97.6875,,1.000,1,33.75,32.58
1164.89,steptest,98.9375,,1.000,1,33.75,32.58
1165.89,steptest,99.9375,,1.000,1,33.75,31.94
1166.89,steptest,101.1250,,1.000,1,33.81,32.59
1167.89,steptest,102.1250,,1.000,1,33.75,32.79
1168.89,steptest,103.3125,,1.000,1,33.81,32.37
1169.89,steptest,104.5000,,1.000,1,33.81,32.58
1170.89,steptest,105.7500,,1.000,1,33.81,32.37
1171.89,steptest,107.6875,,1.000,1,33.81,32.58
1172.89,steptest,108.8750,,1.000,1,33.81,32.80
1173.89,steptest,110.3125,,1.000,1,33.88,32.79
1174.89,steptest,112.0000,,1.000,1,33.88,32.58
1175.89,steptest,113.3125,,1.000,1,33.81,32.15
1176.89,steptest,114.7500,,1.000,1,33.88,32.15
1177.89,steptest,116.1250,,1.000,1,33.88,32.79
1178.89,steptest,117.6250,,1.000,1,33.94,32.37
1179.89,steptest,119.0625,,1.000,1,33.94,32.37
1180.89,steptest,120.5000,,1.000,1,33.94,32.58
1181.89,steptest,122.3125,,1.000,1,33.94,32.58
1182.89,steptest,123.7500,,1.000,1,33.94,32.80
1183.89,steptest,125.2500,,1.000,1,34.00,32.37
1184.89,steptest,127.3125,,1.000,1,33.94,32.58
1185.89,steptest,128.8750,,1.000,1,34.00,32.37
1186.89,steptest,130.4375,,1.000,1,34.06,32.58
1187.89,steptest,131.8750,,1.000,1,34.06,32.15
1188.89,steptest,133.3750,,0.213,1,34.06,32.80
1189.89,steptest,134.7500,,0.213,0,34.06,32.80
1190.89,steptest,136.1250,,0.213,0,34.06,32.37
1191.89,steptest,137.4375,,0.213,0,34.13,32.37
1192.89,steptest,138.1875,,0.213,1,34.13,32.80
1193.89,steptest,139.0625,,0.213,0,34.19,32.80
1194.89,steptest,139.8125,,0.213,0,34.19,33.01
1195.89,steptest,140.4375,,0.213,0,34.19,32.79
1196.89,steptest,140.9375,,0.213,1,34.19,32.79
1197.89,steptest,141.6875,,0.213,0,34.19,32.58
1198.89,steptest,142.2500,,0.213,0,34.19,33.45
1199.89,steptest,142.6250,,0.213,0,34.25,32.79
1200.89,steptest,143.0000,,0.213,1,34.25,32.79
1201.89,steptest,143.4375,,0.213,0,34.25,31.73
1202.89,steptest,143.8125,,0.213,0,34.31,32.79
1203.89,steptest,144.1250,,0.213,0,34.31,32.58
1204.89,steptest,144.3125,,0.213,1,34.31,32.58
1205.89,steptest,144.6250,,0.213,0,34.38,33.01
1206.89,steptest,144.8125,,0.213,0,34.38,32.36
1207.89,steptest,145.0625,,0.213,0,34.38,32.58
1208.89,steptest,145.1250,,0.213,1,34.38,32.15
1209.89,steptest,145.3125,,0.213,0,34.38,32.37
1210.89,steptest,145.5000,,0.213,0,34.38,32.58
1211.89,steptest,145.6875,,0.213,0,34.44,33.01
1212.89,steptest,145.7500,,0.213,1,34.44,32.58
1213.89,steptest,145.8750,,0.213,0,34.50,32.58
1214.89,steptest,146.0000,,0.213,0,34.50,32.37
1215.89,steptest,146.0625,,0.213,0,34.50,33.01
1216.89,steptest,146.1250,,0.213,1,34.56,32.58
1217.89,steptest,146.1250,,0.213,0,34.56,32.79
1218.89,steptest,146.2500,,0.213,0,34.63,33.01
1219.89,steptest,146.1875,,0.213,0,34.56,32.37
1220.89,steptest,146.2500,,0.213,1,34.63,32.80
1221.89,steptest,146.3125,,0.213,0,34.69,32.37
1222.89,steptest,146.3125,,0.213,0,34.69,32.15
1223.89,steptest,146.2500,,0.213,0,34.63,32.80
1224.89,steptest,146.5000,,0.213,1,34.75,33.01
1225.89,steptest,146.3125,,0.213,0,34.75,32.58
1226.89,steptest,146.2500,,0.213,0,34.69,33.01
1227.89,steptest,146.3125,,0.213,0,34.81,32.79
1228.89,steptest,146.1875,,0.213,1,34.81,32.37
1229.89,steptest,146.1875,,0.213,0,34.81,32.79
1230.89,steptest,146.2500,,0.213,0,34.88,33.22
1231.89,steptest,146.1875,,0.213,0,34.88,32.37
1232.89,steptest,146.0625,,0.213,1,34.81,32.36
1233.89,steptest,146.0000,,0.213,0,34.88,32.58
1234.89,steptest,146.0000,,0.213,0,34.88,32.80
1235.89,steptest,146.0000,,0.213,0,34.94,32.58
1236.89,steptest,145.8750,,0.213,1,34.94,32.79
1237.89,steptest,145.9375,,0.213,0,35.00,33.23
1238.89,steptest,145.8750,,0.213,0,35.00,32.36
1239.89,steptest,145.8125,,0.213,0,35.06,32.37
1240.89,steptest,145.8125,,0.213,1,35.06,32.80
1241.89,steptest,145.6875,,0.213,0,35.06,32.58
1242.89,steptest,145.6250,,0.213,0,35.06,32.79
1243.89,steptest,145.5625,,0.213,0,35.06,32.58
1244.89,steptest,145.5625,,0.213,1,35.13,32.79
1245.89,steptest,145.5625,,0.213,0,35.19,32.58
1246.89,steptest,145.5000,,0.213,0,35.19,32.58
1247.89,steptest,145.5000,,0.213,0,35.25,32.79
1248.89,steptest,145.3125,,0.213,1,35.19,32.80
1249.89,steptest,145.3125,,0.213,0,35.25,32.58
1250.89,steptest,145.2500,,0.213,0,35.25,33.66
1251.89,steptest,145.2500,,0.213,0,35.31,32.58
1252.89,steptest,145.2500,,0.213,1,35.38,31.94
1253.89,steptest,145.1875,,0.213,0,35.38,32.15
1254.89,steptest,145.0625,,0.213,0,35.38,33.22
1255.89,steptest,145.0000,,0.213,0,35.38,32.58
1256.89,steptest,145.0000,,0.213,1,35.44,33.22
1257.89,steptest,144.9375,,0.213,0,35.44,32.58
1258.89,steptest,144.8750,,0.213,0,35.44,32.37
1259.89,steptest,144.9375,,0.213,0,35.50,32.59
1260.89,steptest,144.8125,,0.213,1,35.50,32.37
1261.89,steptest,144.8750,,0.213,0,35.50,32.58
1262.89,steptest,144.7500,,0.213,0,35.50,32.58
1263.89,steptest,144.6875,,0.213,0,35.56,33.44
1264.89,steptest,144.6875,,0.213,1,35.56,32.58
1265.89,steptest,144.6875,,0.213,0,35.63,32.79
1266.89,steptest,144.6250,,0.213,0,35.63,32.36
1267.89,steptest,144.5625,,0.213,0,35.63,32.15
1268.89,steptest,144.4375,,0.213,1,35.63,32.58
1269.89,steptest,144.5000,,0.213,0,35.69,33.01
1270.89,steptest,144.5000,,0.213,0,35.75,32.58
1271.89,steptest,144.5000,,0.213,0,35.75,33.23
1272.89,steptest,144.4375,,0.213,1,35.81,32.80
1273.89,steptest,144.3750,,0.213,0,35.81,32.37
1274.89,steptest,144.3750,,0.213,0,35.81,32.36
1275.89,steptest,144.3125,,0.213,0,35.81,32.15
1276.89,steptest,144.3750,,0.213,1,35.88,32.58
1277.89,steptest,144.3125,,0.213,0,35.94,32.36
1278.89,steptest,144.3125,,0.213,0,35.94,32.58
1279.89,steptest,144.3125,,0.213,0,35.94,32.58
1280.89,steptest,144.5625,,0.213,1,36.00,32.59
1281.89,steptest,144.2500,,0.213,0,36.00,32.58
1282.89,steptest,144.3125,,0.213,0,36.06,32.79
1283.89,steptest,144.2500,,0.213,0,36.06,32.79
1284.89,steptest,144.2500,,0.213,1,36.13,33.01
1285.89,steptest,144.2500,,0.213,0,36.13,32.79
1286.89,steptest,144.2500,,0.213,0,36.19,32.15
1287.89,steptest,144.1875,,0.213,0,36.25,32.37
1288.89,steptest,144.1875,,0.213,1,36.25,33.01
1289.89,steptest,144.1250,,0.213,0,36.19,33.22
1290.89,steptest,144.2500,,0.213,0,36.31,32.36
1291.89,steptest,144.1875,,0.213,0,36.31,33.01
1292.89,steptest,144.1250,,0.213,1,36.31,32.58
1293.89,steptest,144.1250,,0.213,0,36.31,32.59
1294.89,steptest,144.1250,,0.213,0,36.31,33.01
1295.89,steptest,144.1250,,0.213,0,36.38,32.37
1296.89,steptest,144.1250,,0.213,1,36.38,32.79
1297.89,steptest,144.1875,,0.213,0,36.44,32.37
1298.89,steptest,144.1250,,0.213,0,36.44,33.01
1299.89,steptest,144.1875,,0.213,0,36.50,32.37
1300.89,steptest,144.0625,,0.213,1,36.50,32.15
1301.89,steptest,144.0625,,0.213,0,36.50,32.15
1302.89,steptest,144.1250,,0.213,0,36.56,32.79
1303.89,steptest,144.1250,,0.213,0,36.56,31.95
1304.89,steptest,144.1250,,0.213,1,36.63,33.22
1305.89,steptest,144.1250,,0.213,0,36.63,32.58
1306.89,steptest,144.1250,,0.213,0,36.63,32.79
1307.89,steptest,144.1250,,0.213,0,36.69,32.79
1308.89,steptest,144.1250,,0.213,1,36.69,32.36
1309.89,steptest,144.1250,,0.213,0,36.75,32.79
1310.89,steptest,144.1250,,0.213,0,36.75,33.01
1311.89,steptest,144.1875,,0.213,0,36.81,32.37
1312.89,steptest,144.1250,,0.213,1,36.81,33.01
1313.89,steptest,144.1250,,0.213,0,36.88,32.37
1314.89,steptest,144.1875,,0.213,0,36.88,32.58
1315.89,steptest,144.1250,,0.213,0,36.81,32.59
1316.89,steptest,144.1875,,0.213,1,36.94,32.58
1317.89,steptest,144.2500,,0.213,0,36.94,32.37
1318.89,steptest,144.2500,,0.213,0,37.00,32.36
1319.89,steptest,144.2500,,0.213,0,37.00,32.37
1320.89,steptest,144.1875,,0.213,1,37.00,32.37
1321.89,steptest,144.2500,,0.213,0,37.06,32.58
1322.89,steptest,144.3125,,0.213,0,37.13,32.79
1323.89,steptest,144.3125,,0.213,0,37.13,32.79
1324.89,steptest,144.3125,,0.213,1,37.19,32.58
1325.89,steptest,144.2500,,0.213,0,37.13,32.79
1326.89,steptest,144.3125,,0.213,0,37.19,32.58
1327.89,steptest,144.3125,,0.213,0,37.19,32.79
1328.89,steptest,144.3750,,0.213,1,37.25,32.79
1329.89,steptest,144.3750,,0.213,0,37.25,32.79
1330.89,steptest,144.3750,,0.213,0,37.25,32.79
1331.89,steptest,144.3750,,0.213,0,37.31,33.01
1332.89,steptest,144.3750,,0.213,1,37.31,33.01
1333.89,steptest,144.4375,,0.213,0,37.38,32.36
1334.89,steptest,144.4375,,0.213,0,37.38,32.58
1335.89,steptest,144.4375,,0.213,0,37.38,32.58
1336.89,steptest,144.5000,,0.213,1,37.44,32.58
1337.89,steptest,144.5625,,0.213,0,37.50,32.58
1338.89,steptest,144.5625,,0.213,0,37.50,32.36
1339.89,steptest,144.5625,,0.213,0,37.50,32.36
1340.89,steptest,144.5625,,0.213,1,37.56,33.01
1341.89,steptest,144.6250,,0.213,0,37.63,32.15
1342.89,steptest,144.6250,,0.213,0,37.63,32.36
1343.89,steptest,144.6250,,0.213,0,37.63,32.79
1344.89,steptest,144.6875,,0.213,1,37.69,32.79
1345.89,steptest,144.6875,,0.213,0,37.69,32.58
1346.89,steptest,144.6875,,0.213,0,37.69,33.01
1347.89,steptest,144.7500,,0.213,0,37.75,32.80
1348.89,steptest,144.8125,,0.213,1,37.81,32.58
1349.89,steptest,144.8125,,0.213,0,37.81,32.58
1350.89,steptest,144.8750,,0.213,0,37.88,32.37
1351.89,steptest,144.8750,,0.213,0,37.88,32.36
1352.89,steptest,144.8750,,0.213,1,37.94,33.22
1353.89,steptest,144.9375,,0.213,0,37.94,32.79
1354.89,steptest,144.9375,,0.213,0,37.94,32.80
1355.89,steptest,145.0000,,0.213,0,38.00,32.79
1356.89,steptest,145.0000,,0.213,1,38.00,32.58
1357.89,steptest,145.0625,,0.213,0,38.06,33.01
1358.89,steptest,145.0000,,0.213,0,38.00,32.58
1359.89,steptest,145.0000,,0.213,0,38.00,32.79
1360.89,steptest,145.0625,,0.213,1,38.06,32.80
1361.89,steptest,145.0625,,0.213,0,38.06,32.58
1362.89,steptest,145.1250,,0.213,0,38.13,32.37
1363.89,steptest,145.1875,,0.213,0,38.13,32.79
1364.89,steptest,145.1875,,0.213,1,38.19,32.37
1365.89,steptest,145.2500,,0.213,0,38.19,33.01
1366.89,steptest,145.2500,,0.213,0,38.19,32.80
1367.89,steptest,145.3125,,0.213,0,38.25,32.58
1368.89,steptest,145.3750,,0.363,1,38.31,32.37
1369.89,steptest,145.3750,,0.363,1,38.31,33.01
1370.89,steptest,145.4375,,0.363,0,38.31,33.44
1371.89,steptest,145.5000,,0.363,0,38.38,32.37
1372.89,steptest,145.5000,,0.363,1,38.38,32.80
1373.89,steptest,145.6875,,0.363,1,38.44,32.79
1374.89,steptest,145.8125,,0.363,0,38.44,32.79
1375.89,steptest,145.8750,,0.363,0,38.44,32.58
1376.89,steptest,146.0000,,0.363,1,38.56,32.58
1377.89,steptest,146.1250,,0.363,1,38.56,33.01
1378.89,steptest,146.2500,,0.363,0,38.56,32.79
1379.89,steptest,146.4375,,0.363,0,38.63,32.80
1380.89,steptest,146.5000,,0.363,1,38.69,33.22
1381.89,steptest,146.6875,,0.363,1,38.69,32.80
1382.89,steptest,146.8125,,0.363,0,38.69,32.59
1383.89,steptest,146.9375,,0.363,0,38.69,33.01
1384.89,steptest,147.1250,,0.363,1,38.69,33.01
1385.89,steptest,147.2500,,0.363,1,38.75,32.58
1386.89,steptest,147.4375,,0.363,0,38.75,32.79
1387.89,steptest,147.5625,,0.363,0,38.81,32.58
1388.89,steptest,147.9375,,0.363,1,38.81,32.79
1389.89,steptest,147.9375,,0.363,1,38.88,32.58
1390.89,steptest,148.0625,,0.363,0,38.88,33.01
1391.89,steptest,148.2500,,0.363,0,38.88,32.79
1392.89,steptest,148.3750,,0.363,1,38.88,32.58
1393.89,steptest,148.6250,,0.363,1,38.94,32.58
1394.89,steptest,148.8125,,0.363,0,38.94,32.79
1395.89,steptest,149.0625,,0.363,0,39.00,32.80
1396.89,steptest,149.1875,,0.363,1,39.00,33.23
1397.89,steptest,149.4375,,0.363,1,39.06,32.58
1398.89,steptest,149.7500,,0.363,0,39.13,32.80
1399.89,steptest,149.8750,,0.363,0,39.13,32.58
1400.89,steptest,150.0625,,0.363,1,39.19,32.15
1401.89,steptest,150.2500,,0.363,1,39.19,33.01
1402.89,steptest,150.5000,,0.363,0,39.19,32.36
1403.89,steptest,150.7500,,0.363,0,39.25,32.79
1404.89,steptest,150.8750,,0.363,1,39.25,33.01
1405.89,steptest,151.0625,,0.363,1,39.31,32.80
1406.89,steptest,151.2500,,0.363,0,39.31,32.58
1407.89,steptest,151.5000,,0.363,0,39.31,32.58
1408.89,steptest,151.8125,,0.363,1,39.44,32.80
1409.89,steptest,151.8750,,0.363,1,39.44,32.80
1410.89,steptest,152.1250,,0.363,0,39.38,33.01
1411.89,steptest,152.3750,,0.363,0,39.44,32.59
1412.89,steptest,152.5625,,0.363,1,39.44,32.80
1413.89,steptest,152.8750,,0.363,1,39.56,32.58
1414.89,steptest,153.0625,,0.363,0,39.56,33.22
1415.89,steptest,153.2500,,0.363,0,39.56,32.36
1416.89,steptest,153.3750,,0.363,1,39.56,32.58
1417.89,steptest,153.6250,,0.363,1,39.63,33.01
1418.89,steptest,153.7500,,0.363,0,39.56,32.58
1419.89,steptest,154.0000,,0.363,0,39.63,33.23
1420.89,steptest,154.1250,,0.363,1,39.63,32.80
1421.89,steptest,154.3750,,0.363,1,39.69,33.01
1422.89,steptest,154.5000,,0.363,0,39.69,32.15
1423.89,steptest,154.8750,,0.363,0,39.75,32.58
1424.89,steptest,155.0000,,0.363,1,39.69,33.22
1425.89,steptest,155.2500,,0.363,1,39.81,33.22
1426.89,steptest,155.5000,,0.363,0,39.75,33.65
1427.89,steptest,155.6875,,0.363,0,39.81,32.36
1428.89,steptest,155.8125,,0.063,0,39.81,32.58
1429.89,steptest,155.9375,,0.063,0,39.88,32.79
1430.89,steptest,156.0000,,0.063,0,39.88,33.01
1431.89,steptest,156.0625,,0.063,0,39.88,32.80
1432.89,steptest,156.1250,,0.063,0,39.94,32.15
1433.89,steptest,156.1250,,0.063,0,39.94,32.80
1434.89,steptest,156.1250,,0.063,0,40.00,32.79
1435.89,steptest,156.0625,,0.063,0,40.00,32.79
1436.89,steptest,156.0625,,0.063,0,40.06,32.79
1437.89,steptest,156.0625,,0.063,0,40.13,32.58
1438.89,steptest,155.9375,,0.063,0,40.06,33.01
1439.89,steptest,155.8125,,0.063,0,40.13,32.58
1440.89,steptest,155.6875,,0.063,0,40.13,32.58
1441.89,steptest,155.6250,,0.063,0,40.19,33.01
1442.89,steptest,155.5625,,0.063,0,40.25,33.01
1443.89,steptest,155.3750,,0.063,0,40.25,32.58
1444.89,steptest,155.1875,,0.063,0,40.25,32.79
1445.89,steptest,155.0625,,0.063,0,40.25,32.37
1446.89,steptest,154.9375,,0.063,0,40.31,32.15
1447.89,steptest,154.7500,,0.063,0,40.31,33.01
1448.89,steptest,154.5625,,0.063,0,40.38,33.01
1449.89,steptest,154.4375,,0.063,0,40.44,33.00
1450.89,steptest,154.1250,,0.063,0,40.38,32.36
1451.89,steptest,154.0000,,0.063,0,40.44,32.79
1452.89,steptest,153.8750,,0.063,0,40.50,32.58
1453.89,steptest,153.6250,,0.063,0,40.50,32.36
1454.89,steptest,153.3750,,0.063,0,40.56,32.79
1455.89,steptest,153.0625,,0.063,0,40.50,32.79
1456.89,steptest,152.8125,,0.063,0,40.56,32.58
1457.89,steptest,152.5625,,0.063,0,40.56,32.79
1458.89,steptest,152.4375,,0.063,0,40.63,32.58
1459.89,steptest,152.3125,,0.063,0,40.69,32.58
1460.89,steptest,152.0625,,0.063,0,40.75,33.22
1461.89,steptest,151.6875,,0.063,0,40.69,32.36
1462.89,steptest,151.5000,,0.063,0,40.75,33.00
1463.89,steptest,151.2500,,0.063,0,40.75,32.79
1464.89,steptest,151.0625,,0.063,0,40.81,32.79
1465.89,steptest,150.8125,,0.063,0,40.81,32.36
1466.89,steptest,150.5000,,0.063,0,40.81,33.01
1467.89,steptest,150.2500,,0.063,0,40.88,32.79
1468.89,steptest,150.0625,,0.063,0,40.94,32.57
1469.89,steptest,149.8125,,0.063,0,40.88,33.01
1470.89,steptest,149.5000,,0.063,0,40.94,33.01
1471.89,steptest,149.1875,,0.063,0,41.00,32.15
1472.89,steptest,148.8750,,0.063,0,41.00,33.01
1473.89,steptest,148.7500,,0.063,0,41.06,32.58
1474.89,steptest,148.3750,,0.063,0,41.00,33.01
1475.89,steptest,148.1875,,0.063,0,41.13,32.79
1476.89,steptest,147.9375,,0.063,0,41.13,32.79
1477.89,steptest,147.5625,,0.063,0,41.06,32.79
1478.89,steptest,147.3125,,0.063,0,41.13,32.58
1479.89,steptest,147.0625,,0.063,0,41.13,32.58
1480.89,steptest,146.8125,,0.063,0,41.13,32.58
1481.89,steptest,146.5000,,0.063,0,41.19,32.79
1482.89,steptest,146.3125,,0.063,0,41.25,33.01
1483.89,steptest,146.0625,,0.063,0,41.25,33.01
1484.89,steptest,145.8125,,0.063,0,41.31,32.58
1485.89,steptest,145.5625,,0.063,0,41.31,33.01
1486.89,steptest,145.1875,,0.063,0,41.31,33.22
1487.89,steptest,144.8750,,0.063,0,41.31,32.58
1489.05,steptest,144.6875,,0.363,1,41.38,32.79
1490.05,steptest,144.3750,,0.363,1,41.38,32.79
1491.05,steptest,144.1250,,0.363,0,41.38,32.58
1492.05,steptest,143.9375,,0.363,0,41.44,33.22
1493.05,steptest,143.6875,,0.363,1,41.44,33.01
1494.05,steptest,143.5000,,0.363,1,41.50,32.58
1495.05,steptest,143.3125,,0.363,0,41.50,32.79
1496.05,steptest,143.0625,,0.363,0,41.50,32.58
1497.05,steptest,143.4375,,0.363,1,41.56,32.36
1498.05,steptest,142.7500,,0.363,1,41.56,33.00
1499.05,steptest,142.6250,,0.363,0,41.63,32.36
1500.05,steptest,142.5000,,0.363,0,41.63,32.57
1501.05,steptest,142.3750,,0.363,1,41.69,32.79
1502.05,steptest,142.2500,,0.363,1,41.69,32.80
1503.05,steptest,142.2500,,0.363,0,41.75,32.79
1504.05,steptest,142.0625,,0.363,0,41.69,33.01
1505.05,steptest,142.0000,,0.363,1,41.69,32.80
1506.05,steptest,142.0625,,0.363,1,41.81,33.01
1507.05,steptest,141.9375,,0.363,0,41.75,32.36
1508.05,steptest,141.9375,,0.363,0,41.75,32.36
1509.05,steptest,142.0000,,0.363,1,41.81,32.37
1510.05,steptest,142.0000,,0.363,1,41.81,33.01
1511.05,steptest,142.0625,,0.363,0,41.88,32.79
1512.05,steptest,142.0625,,0.363,0,41.88,32.80
1513.05,steptest,141.7500,,0.363,1,41.94,32.58
1514.05,steptest,142.1875,,0.363,1,41.94,33.01
1515.05,steptest,142.2500,,0.363,0,41.94,32.37
1516.05,steptest,142.3125,,0.363,0,41.94,33.01
1517.05,steptest,142.3750,,0.363,1,42.00,33.01
1518.05,steptest,142.5000,,0.363,1,42.00,32.58
1519.05,steptest,142.6250,,0.363,0,42.00,32.58
1520.05,steptest,142.7500,,0.363,0,42.06,32.79
1521.05,steptest,142.8750,,0.363,1,42.06,32.37
1522.05,steptest,143.0000,,0.363,1,42.13,32.80
1523.05,steptest,143.0625,,0.363,0,42.06,32.36
1524.05,steptest,143.2500,,0.363,0,42.13,33.01
1525.05,steptest,143.3750,,0.363,1,42.13,32.80
1526.05,steptest,143.5625,,0.363,1,42.13,33.01
1527.05,steptest,143.7500,,0.363,0,42.25,32.58
1528.05,steptest,143.8750,,0.363,0,42.19,32.37
1529.05,steptest,144.1250,,0.363,1,42.25,32.58
1530.05,steptest,144.3125,,0.363,1,42.25,33.22
1531.05,steptest,144.5000,,0.363,0,42.25,33.00
1532.05,steptest,144.7500,,0.363,0,42.31,33.22
1533.05,steptest,144.8750,,0.363,1,42.31,31.94
1534.05,steptest,145.1250,,0.363,1,42.38,32.37
1535.05,steptest,145.3125,,0.363,0,42.38,32.36
1536.05,steptest,145.5625,,0.363,0,42.44,33.22
1537.05,steptest,145.6250,,0.363,1,42.38,32.80
1538.05,steptest,145.8750,,0.363,1,42.38,33.43
1539.05,steptest,146.1250,,0.363,0,42.44,32.79
1540.05,steptest,146.3750,,0.363,0,42.44,32.79
1541.05,steptest,146.5000,,0.363,1,42.44,33.01
1542.05,steptest,146.8125,,0.363,1,42.50,32.58
1543.05,steptest,147.0000,,0.363,0,42.50,33.01
1544.05,steptest,147.3125,,0.363,0,42.56,32.79
1545.05,steptest,147.5000,,0.363,1,42.56,32.79
1546.05,steptest,147.6875,,0.363,1,42.56,32.58
1547.05,steptest,147.9375,,0.363,0,42.56,32.37
1548.05,steptest,148.1875,,0.363,0,42.56,32.80
1549.05,steptest,148.4375,,0.063,0,42.63,32.36
1550.05,steptest,148.5625,,0.063,0,42.63,32.58
1551.05,steptest,148.6875,,0.063,0,42.63,32.79
1552.05,steptest,148.8750,,0.063,0,42.69,32.79
1553.05,steptest,148.9375,,0.063,0,42.69,33.44
1554.05,steptest,149.0000,,0.063,0,42.75,33.00
1555.05,steptest,149.1250,,0.063,0,42.81,33.44
1556.05,steptest,149.0625,,0.063,0,42.75,32.58
1557.05,steptest,149.1250,,0.063,0,42.81,32.58
1558.05,steptest,149.1875,,0.063,0,42.88,33.01
1559.05,steptest,149.1875,,0.063,0,42.88,33.65
1560.05,steptest,149.1250,,0.063,0,42.88,32.58
1561.05,steptest,149.1875,,0.063,0,42.94,32.58
1562.05,steptest,149.0625,,0.063,0,42.88,32.58
1563.05,steptest,148.9375,,0.063,0,42.88,32.37
1564.05,steptest,149.0000,,0.063,0,43.00,33.01
1565.05,steptest,148.8750,,0.063,0,43.00,33.43
1566.05,steptest,148.7500,,0.063,0,42.94,32.59
1567.05,steptest,148.6875,,0.063,0,43.00,33.00
1568.05,steptest,148.5625,,0.063,0,43.00,32.36
1569.05,steptest,148.3750,,0.063,0,43.00,33.00
1570.05,steptest,148.3750,,0.063,0,43.13,32.79
1571.05,steptest,148.2500,,0.063,0,43.13,33.01
1572.05,steptest,148.1250,,0.063,0,43.13,32.79
1573.05,steptest,147.9375,,0.063,0,43.06,32.79
1574.05,steptest,147.8125,,0.063,0,43.13,32.79
1575.05,steptest,147.6250,,0.063,0,43.13,33.00
1576.05,steptest,147.4375,,0.063,0,43.13,32.15
1577.05,steptest,147.3125,,0.063,0,43.19,32.79
1578.05,steptest,147.1875,,0.063,0,43.19,33.44
1579.05,steptest,147.0000,,0.063,0,43.19,32.36
1580.05,steptest,146.7500,,0.063,0,43.19,32.79
1581.05,steptest,146.6250,,0.063,0,43.19,32.58
1582.05,steptest,146.5625,,0.063,0,43.25,33.22
1583.05,steptest,146.1250,,0.063,0,43.25,33.65
1584.05,steptest,146.0625,,0.063,0,43.31,33.22
1585.05,steptest,145.8125,,0.063,0,43.31,33.01
1586.05,steptest,145.6250,,0.063,0,43.31,32.58
1587.05,steptest,145.5000,,0.063,0,43.38,33.01
1588.05,steptest,145.1875,,0.063,0,43.38,32.79
1589.05,steptest,145.0625,,0.063,0,43.44,33.01
1590.05,steptest,144.8750,,0.063,0,43.44,32.58
1591.05,steptest,144.6875,,0.063,0,43.44,33.01
1592.05,steptest,144.4375,,0.063,0,43.44,32.58
1593.05,steptest,144.1250,,0.063,0,43.44,32.58
1594.05,steptest,143.9375,,0.063,0,43.44,32.80
1595.05,steptest,143.6875,,0.063,0,43.44,32.80
1596.05,steptest,143.5625,,0.063,0,43.50,33.23
1597.05,steptest,143.3125,,0.063,0,43.50,33.22
1598.05,steptest,143.1250,,0.063,0,43.56,33.22
1599.05,steptest,142.8750,,0.063,0,43.56,33.01
1600.05,steptest,142.6875,,0.063,0,43.56,33.43
1601.05,steptest,142.5000,,0.063,0,43.56,32.58
1602.05,steptest,142.0625,,0.063,0,43.56,33.22
1603.05,steptest,141.9375,,0.063,0,43.63,33.44
1604.05,steptest,141.6875,,0.063,0,43.63,33.01
1605.05,steptest,141.5625,,0.063,0,43.69,32.80
1606.05,steptest,141.1250,,0.063,0,43.63,33.01
1607.05,steptest,141.0000,,0.063,0,43.69,32.58
1608.05,steptest,140.7500,,0.063,0,43.69,32.79
1609.05,steptest,140.5000,,0.363,1,43.69,33.01
1610.05,steptest,140.3125,,0.363,1,43.69,33.22
1611.05,steptest,140.0625,,0.363,0,43.69,32.58
1612.05,steptest,139.9375,,0.363,0,43.75,32.80
1613.05,steptest,139.6875,,0.363,1,43.75,33.01
1614.05,steptest,139.5000,,0.363,1,43.75,32.79
1615.05,steptest,139.3750,,0.363,0,43.81,33.01
1616.05,steptest,139.1875,,0.363,0,43.81,32.58
1617.05,steptest,139.0625,,0.363,1,43.81,32.79
1618.05,steptest,139.0000,,0.363,1,43.88,32.57
1619.05,steptest,138.8125,,0.363,0,43.81,32.37
1620.05,steptest,138.8125,,0.363,0,43.88,32.58
1621.05,steptest,138.6875,,0.363,1,43.94,32.58
1622.05,steptest,138.6250,,0.363,1,43.94,33.22
1623.05,steptest,138.5000,,0.363,0,43.94,32.58
1624.05,steptest,138.4375,,0.363,0,43.94,32.58
1625.05,steptest,138.3750,,0.363,1,43.94,33.01
1626.05,steptest,138.4375,,0.363,1,44.00,33.01
1627.05,steptest,138.4375,,0.363,0,44.00,33.22
1628.05,steptest,138.4375,,0.363,0,44.00,32.79
1629.05,steptest,138.6250,,0.363,1,44.00,32.37
1630.05,steptest,138.5000,,0.363,1,44.06,32.36
1631.05,steptest,138.5625,,0.363,0,44.06,32.79
1632.05,steptest,138.5000,,0.363,0,44.00,32.79
1633.05,steptest,138.6250,,0.363,1,44.13,32.79
1634.05,steptest,138.7500,,0.363,1,44.13,33.22
1635.05,steptest,138.8125,,0.363,0,44.13,32.58
1636.05,steptest,138.9375,,0.363,0,44.13,32.79
1637.05,steptest,138.9375,,0.363,1,44.06,32.58
1638.05,steptest,139.0625,,0.363,1,44.13,32.79
1639.05,steptest,139.2500,,0.363,0,44.13,33.65
1640.05,steptest,139.3750,,0.363,0,44.19,32.36
1641.05,steptest,139.6250,,0.363,1,44.25,33.65
1642.05,steptest,139.6875,,0.363,1,44.19,32.58
1643.05,steptest,139.8750,,0.363,0,44.19,32.79
1644.05,steptest,140.0625,,0.363,0,44.25,32.59
1645.05,steptest,140.1250,,0.363,1,44.19,33.01
1646.05,steptest,140.3750,,0.363,1,44.25,32.79
1647.05,steptest,140.5625,,0.363,0,44.25,33.22
1648.05,steptest,140.8125,,0.363,0,44.31,33.00
1649.05,steptest,140.9375,,0.363,1,44.31,32.58
1650.05,steptest,141.1250,,0.363,1,44.31,33.22
1651.05,steptest,141.3750,,0.363,0,44.38,32.36
1652.05,steptest,141.5625,,0.363,0,44.31,32.57
1653.05,steptest,141.7500,,0.363,1,44.31,32.58
1654.05,steptest,142.0000,,0.363,1,44.44,33.01
1655.05,steptest,142.1875,,0.363,0,44.38,33.22
1656.05,steptest,142.4375,,0.363,0,44.38,33.22
1657.05,steptest,142.6875,,0.363,1,44.44,32.79
1658.05,steptest,142.8750,,0.363,1,44.44,33.01
1659.05,steptest,143.1250,,0.363,0,44.44,32.79
1660.05,steptest,143.5000,,0.363,0,44.50,32.79
1661.05,steptest,143.6250,,0.363,1,44.44,32.58
1662.05,steptest,143.9375,,0.363,1,44.50,33.00
1663.05,steptest,144.1250,,0.363,0,44.50,32.79
1664.05,steptest,144.4375,,0.363,0,44.56,33.01
1665.05,steptest,144.6250,,0.363,1,44.50,32.58
1666.05,steptest,144.8125,,0.363,1,44.50,33.01
1667.05,steptest,145.1250,,0.363,0,44.56,32.79
1668.05,steptest,145.3750,,0.363,0,44.56,32.58
1669.05,steptest,145.5625,,0.063,0,44.56,32.58
1670.05,steptest,145.7500,,0.063,0,44.56,33.22
1671.05,steptest,146.0000,,0.063,0,44.63,33.22
1672.05,steptest,146.0625,,0.063,0,44.63,32.79
1673.05,steptest,146.1875,,0.063,0,44.63,32.58
1674.05,steptest,146.1875,,0.063,0,44.63,32.79
1675.05,steptest,146.3125,,0.063,0,44.63,33.01
1676.05,steptest,146.4375,,0.063,0,44.69,33.01
1677.05,steptest,146.5000,,0.063,0,44.69,33.01
1678.05,steptest,146.5000,,0.063,0,44.75,32.58
1679.05,steptest,146.5000,,0.063,0,44.69,32.58
1680.05,steptest,146.5000,,0.063,0,44.69,32.58
1681.05,steptest,146.5000,,0.063,0,44.75,32.36
1682.05,steptest,146.4375,,0.063,0,44.75,33.01
1683.05,steptest,146.4375,,0.063,0,44.81,32.58
1684.05,steptest,146.3125,,0.063,0,44.75,33.01
1685.05,steptest,146.3125,,0.063,0,44.75,33.22
1686.05,steptest,146.2500,,0.063,0,44.81,32.58
1687.05,steptest,146.1875,,0.063,0,44.81,33.01
1688.05,steptest,146.0625,,0.063,0,44.81,33.22
1689.05,steptest,146.0625,,0.063,0,44.88,32.79
1690.05,steptest,145.9375,,0.063,0,44.88,32.58
1691.05,steptest,145.8125,,0.063,0,44.88,32.79
1692.05,steptest,145.6875,,0.063,0,44.88,32.79
1693.05,steptest,145.5625,,0.063,0,44.88,32.79
1694.05,steptest,145.3750,,0.063,0,44.88,32.79
1695.05,steptest,145.2500,,0.063,0,44.88,33.22
1696.05,steptest,145.1875,,0.063,0,44.94,32.79
1697.05,steptest,145.0625,,0.063,0,44.94,32.79
1698.05,steptest,144.8750,,0.063,0,45.00,33.01
1699.05,steptest,144.6875,,0.063,0,45.00,32.79
1700.05,steptest,144.5000,,0.063,0,45.00,32.58
1701.05,steptest,144.3125,,0.063,0,45.00,32.79
1702.05,steptest,144.1875,,0.063,0,45.00,33.01
1703.05,steptest,144.0625,,0.063,0,45.06,32.79
1704.05,steptest,143.7500,,0.063,0,45.00,32.58
1705.05,steptest,143.6250,,0.063,0,45.06,32.79
1706.05,steptest,143.4375,,0.063,0,45.06,32.79
1707.05,steptest,143.2500,,0.063,0,45.06,33.01
1708.05,steptest,143.0625,,0.063,0,45.06,32.16
1709.05,steptest,142.9375,,0.063,0,45.13,33.01
1710.05,steptest,142.7500,,0.063,0,45.13,32.80
1711.05,steptest,142.5000,,0.063,0,45.13,33.22
1712.05,steptest,142.3125,,0.063,0,45.13,33.01
1713.05,steptest,142.0625,,0.063,0,45.13,33.22
1714.05,steptest,142.0000,,0.063,0,45.19,33.22
1715.05,steptest,141.6875,,0.063,0,45.19,32.79
1716.05,steptest,141.5000,,0.063,0,45.19,32.79
1717.05,steptest,141.3125,,0.063,0,45.25,32.58
1718.05,steptest,141.0625,,0.063,0,45.25,33.22
1719.05,steptest,140.8125,,0.063,0,45.19,32.79
1720.05,steptest,140.6250,,0.063,0,45.25,33.01
1721.05,steptest,140.4375,,0.063,0,45.25,33.01
1722.05,steptest,140.1875,,0.063,0,45.25,33.01
1723.05,steptest,140.0625,,0.063,0,45.31,33.01
1724.05,steptest,139.7500,,0.063,0,45.25,32.37
1725.05,steptest,139.5625,,0.063,0,45.31,33.01
1726.05,steptest,139.3750,,0.063,0,45.31,33.22
1727.05,steptest,139.1875,,0.063,0,45.31,33.01
1728.05,steptest,138.8125,,0.063,0,45.31,32.58
1729.05,steptest,138.6875,,1.000,1,45.31,33.22
1730.05,steptest,138.5000,,1.000,1,45.31,32.58
1731.05,steptest,138.2500,,1.000,1,45.31,32.37
1732.05,steptest,138.1875,,1.000,1,45.38,33.01
1733.05,steptest,138.0000,,1.000,1,45.38,33.43
1734.05,steptest,138.0000,,1.000,1,45.38,32.36
1735.05,steptest,138.0625,,1.000,1,45.44,32.58
1736.05,steptest,138.0000,,1.000,1,45.38,33.43
1737.05,steptest,138.1875,,1.000,1,45.44,33.01
1738.05,steptest,138.5000,,1.000,1,45.44,33.01
1739.05,steptest,138.6250,,1.000,1,45.44,33.00
1740.05,steptest,139.3125,,1.000,1,45.44,33.02
1741.05,steptest,139.7500,,1.000,1,45.44,33.01
1742.05,steptest,140.3125,,1.000,1,45.50,32.37
1743.05,steptest,140.8750,,1.000,1,45.50,33.00
1744.05,steptest,141.5000,,1.000,1,45.50,32.79
1745.05,steptest,142.3750,,1.000,1,45.50,33.01
1746.05,steptest,143.0625,,1.000,1,45.50,32.58
1747.05,steptest,143.9375,,1.000,1,45.56,33.22
1748.05,steptest,144.7500,,1.000,1,45.56,33.01
1749.05,steptest,145.6250,,1.000,1,45.56,32.58
1750.05,steptest,146.7500,,1.000,1,45.56,33.22
1751.05,steptest,147.6250,,1.000,1,45.56,32.58
1752.05,steptest,148.6250,,1.000,1,45.56,32.78
1753.05,steptest,149.6250,,1.000,1,45.56,32.80
1754.05,steptest,150.7500,,1.000,1,45.63,33.65
1755.05,steptest,152.0000,,1.000,1,45.63,33.22
1756.05,steptest,153.0625,,1.000,1,45.56,33.01
1757.05,steptest,154.1875,,1.000,1,45.63,32.79
1758.05,steptest,155.3750,,1.000,1,45.69,33.00
1759.05,steptest,156.4375,,1.000,1,45.69,33.22
1760.05,steptest,157.8750,,1.000,1,45.63,32.80
1761.05,steptest,159.3750,,1.000,1,45.69,32.80
1762.05,steptest,160.6250,,1.000,1,45.69,32.80
1763.05,steptest,162.1250,,1.000,1,45.75,33.01
1764.05,steptest,163.3125,,1.000,1,45.69,33.22
1765.05,steptest,164.5625,,1.000,1,45.75,32.79
1766.05,steptest,165.7500,,1.000,1,45.75,33.01
1767.05,steptest,167.0000,,1.000,1,45.75,32.58
1768.05,steptest,168.5625,,1.000,1,45.81,33.22
1769.05,steptest,169.7500,,1.000,1,45.75,33.01
1770.05,steptest,171.0000,,1.000,1,45.81,32.79
1771.05,steptest,172.2500,,1.000,1,45.81,32.36
1772.05,steptest,173.7500,,1.000,1,45.81,32.58
1773.05,steptest,175.0625,,1.000,1,45.88,32.79
1774.05,steptest,176.3125,,1.000,1,45.88,33.22
1775.05,steptest,177.5000,,1.000,1,45.88,33.01
1776.05,steptest,178.7500,,1.000,1,45.88,32.58
1777.05,steptest,180.3125,,1.000,1,45.94,33.22
1778.05,steptest,181.5625,,0.433,1,45.94,32.79
1779.21,steptest,183.0000,,0.433,1,45.94,33.23
1780.21,steptest,184.5000,,0.433,1,45.94,33.01
1781.21,steptest,185.6875,,0.433,1,45.94,33.22
1782.21,steptest,186.9375,,0.433,1,46.00,33.01
1783.21,steptest,188.1250,,0.433,0,46.00,32.79
1784.21,steptest,189.0625,,0.433,0,46.00,33.22
1785.21,steptest,189.8125,,0.433,1,46.00,32.37
1786.21,steptest,190.3750,,0.433,1,46.00,33.01
1787.21,steptest,191.0625,,0.433,0,46.06,33.00
1788.21,steptest,191.7500,,0.433,0,46.13,32.80
1789.21,steptest,192.0625,,0.433,1,46.06,33.22
1790.21,steptest,192.5625,,0.433,1,46.13,33.01
1791.21,steptest,192.9375,,0.433,0,46.13,32.79
1792.21,steptest,193.4375,,0.433,0,46.13,33.01
1793.21,steptest,193.4375,,0.433,1,46.13,33.01
1794.21,steptest,193.9375,,0.433,1,46.13,33.22
1795.21,steptest,194.3125,,0.433,0,46.19,33.44
1796.21,steptest,194.6875,,0.433,0,46.25,32.79
1797.21,steptest,194.8125,,0.433,1,46.25,32.58
1798.21,steptest,195.0000,,0.433,1,46.31,33.22
1799.21,steptest,195.1875,,0.433,0,46.25,33.22
1800.21,steptest,195.4375,,0.433,0,46.31,33.01
1801.21,steptest,195.5000,,0.433,1,46.31,32.80
1802.21,steptest,195.6875,,0.433,1,46.38,33.01
1803.21,steptest,195.8125,,0.433,0,46.38,33.44
1804.21,steptest,196.0000,,0.433,0,46.38,33.22
1805.21,steptest,196.1250,,0.433,1,46.44,32.58
1806.21,steptest,196.1250,,0.433,1,46.44,33.22
1807.21,steptest,196.2500,,0.433,0,46.44,33.43
1808.21,steptest,196.3125,,0.433,0,46.44,33.01
1809.21,steptest,196.3750,,0.433,1,46.50,33.22
1810.21,steptest,196.5000,,0.433,1,46.56,32.36
1811.21,steptest,196.6250,,0.433,0,46.56,33.22
1812.21,steptest,196.7500,,0.433,0,46.56,33.22
1813.21,steptest,196.7500,,0.433,1,46.63,33.01
1814.21,steptest,196.7500,,0.433,1,46.63,32.80
1815.21,steptest,196.9375,,0.433,0,46.63,32.58
1816.21,steptest,197.0625,,0.433,0,46.69,33.22
1817.21,steptest,197.0000,,0.433,1,46.69,33.01
1818.21,steptest,197.0000,,0.433,1,46.69,33.01
1819.21,steptest,197.0625,,0.433,0,46.69,33.23
1820.21,steptest,197.1875,,0.433,0,46.75,32.79
1821.21,steptest,197.1250,,0.433,1,46.75,32.79
1822.21,steptest,197.1875,,0.433,1,46.81,32.58
1823.21,steptest,197.2500,,0.433,0,46.75,33.44
1824.21,steptest,197.4375,,0.433,0,46.88,32.79
1825.21,steptest,197.3750,,0.433,1,46.88,33.44
1826.21,steptest,197.3750,,0.433,1,46.88,33.01
1827.21,steptest,197.5625,,0.433,0,46.94,32.58
1828.21,steptest,197.6250,,0.433,0,47.00,33.01
1829.21,steptest,197.6250,,0.433,1,47.00,32.79
1830.21,steptest,197.6250,,0.433,1,47.00,33.00
1831.21,steptest,197.6875,,0.433,0,47.00,33.22
1832.21,steptest,197.8125,,0.433,0,47.06,33.01
1833.21,steptest,197.7500,,0.433,1,47.06,33.01
1834.21,steptest,197.7500,,0.433,1,47.06,33.86
1835.21,steptest,197.8750,,0.433,0,47.13,33.01
1836.21,steptest,198.0000,,0.433,0,47.19,33.01
1837.21,steptest,198.0000,,0.433,1,47.19,32.36
1838.21,steptest,198.0000,,0.433,1,47.25,32.59
1839.21,steptest,198.1250,,0.433,0,47.25,33.01
1840.21,steptest,198.1875,,0.433,0,47.25,33.22
1841.21,steptest,198.1875,,0.433,1,47.25,33.00
1842.21,steptest,198.1875,,0.433,1,47.25,33.22
1843.21,steptest,198.3125,,0.433,0,47.38,32.79
1844.21,steptest,198.4375,,0.433,0,47.38,32.79
1845.21,steptest,198.3750,,0.433,1,47.38,33.22
1846.21,steptest,198.3750,,0.433,1,47.38,33.01
1847.21,steptest,198.5625,,0.433,0,47.44,32.79
1848.21,steptest,198.6250,,0.433,0,47.44,33.01
1849.21,steptest,198.6875,,0.433,1,47.50,33.01
1850.21,steptest,198.6250,,0.433,1,47.50,32.79
1851.21,steptest,198.7500,,0.433,0,47.56,32.79
1852.21,steptest,198.8125,,0.433,0,47.56,33.21
1853.21,steptest,198.8125,,0.433,1,47.56,32.79
1854.21,steptest,198.9375,,0.433,1,47.63,33.01
1855.21,steptest,199.0000,,0.433,0,47.63,32.58
1856.21,steptest,199.0625,,0.433,0,47.63,33.22
1857.21,steptest,199.1250,,0.433,1,47.69,32.79
1858.21,steptest,199.1250,,0.433,1,47.69,33.01
1859.21,steptest,199.2500,,0.433,0,47.75,32.79
1860.21,steptest,199.3125,,0.433,0,47.75,32.79
1861.21,steptest,199.3750,,0.433,1,47.81,33.22
1862.21,steptest,199.3750,,0.433,1,47.81,33.22
1863.21,steptest,199.4375,,0.433,0,47.81,33.00
1864.21,steptest,199.6250,,0.433,0,47.88,32.58
1865.21,steptest,199.6875,,0.433,1,47.94,33.01
1866.21,steptest,199.7500,,0.433,1,48.00,33.01
1867.21,steptest,199.8125,,0.433,0,48.00,33.22
1868.21,steptest,199.9375,,0.433,0,48.06,33.01
1869.21,steptest,199.9375,,0.433,1,48.06,33.01
1870.21,steptest,200.0000,,0.433,1,48.06,32.79
1871.21,steptest,200.0625,,0.433,0,48.13,33.01
1872.21,steptest,200.1250,,0.433,0,48.13,33.01
1873.21,steptest,200.0625,,0.433,1,48.13,33.22
1874.21,steptest,200.1250,,0.433,1,48.19,33.44
1875.21,steptest,200.3750,,0.433,0,48.25,33.22
1876.21,steptest,200.3750,,0.433,0,48.19,33.01
1877.21,steptest,200.4375,,0.433,1,48.25,32.58
1878.21,steptest,200.5000,,0.433,1,48.25,32.80
1879.21,steptest,200.6250,,0.433,0,48.31,33.00
1880.21,steptest,200.7500,,0.433,0,48.31,32.79
1881.21,steptest,200.7500,,0.433,1,48.31,32.80
1882.21,steptest,200.7500,,0.433,1,48.31,33.65
1883.21,steptest,200.9375,,0.433,0,48.38,32.79
1884.21,steptest,201.0000,,0.433,0,48.38,32.79
1885.21,steptest,201.0625,,0.433,1,48.44,33.22
1886.21,steptest,201.1250,,0.433,1,48.44,33.01
1887.21,steptest,201.1875,,0.433,0,48.44,33.01
1888.21,steptest,201.3125,,0.433,0,48.50,33.01
1889.21,steptest,201.3125,,0.433,1,48.50,33.01
1890.21,steptest,201.3750,,0.433,1,48.50,32.79
1891.21,steptest,201.5000,,0.433,0,48.56,33.43
1892.21,steptest,201.6250,,0.433,0,48.63,33.22
1893.21,steptest,201.7500,,0.433,1,48.69,32.58
1894.21,steptest,201.7500,,0.433,1,48.69,33.22
1895.21,steptest,201.9375,,0.433,0,48.75,33.22
1896.21,steptest,202.0000,,0.433,0,48.75,33.65
1897.21,steptest,202.0000,,0.433,1,48.75,33.22
1898.21,steptest,202.1250,,0.433,1,48.88,32.80
1899.21,steptest,202.2500,,0.433,0,48.88,33.22
1900.21,steptest,202.3750,,0.433,0,48.88,33.22
1901.21,steptest,202.3750,,0.433,1,48.88,33.22
1902.21,steptest,202.5000,,0.433,1,48.94,33.22
1903.21,steptest,202.6250,,0.433,0,49.00,33.01
1904.21,steptest,202.7500,,0.433,0,49.00,33.01
1905.21,steptest,202.6875,,0.433,1,49.00,33.43
1906.21,steptest,202.8125,,0.433,1,49.06,33.01
1907.21,steptest,202.9375,,0.433,0,49.06,32.58
1908.21,steptest,203.0625,,0.433,0,49.13,33.43
1909.21,steptest,203.0625,,0.433,1,49.13,33.22
1910.21,steptest,203.1875,,0.433,1,49.19,33.44
1911.21,steptest,203.3125,,0.433,0,49.19,33.01
1912.21,steptest,203.4375,,0.433,0,49.25,32.79
1913.21,steptest,203.3750,,0.433,1,49.19,32.37
1914.21,steptest,203.5625,,0.433,1,49.31,33.65
1915.21,steptest,203.6875,,0.433,0,49.31,33.00
1916.21,steptest,203.6875,,0.433,0,49.31,32.36
1917.21,steptest,203.8125,,0.433,1,49.38,33.00
1918.21,steptest,203.8750,,0.433,1,49.44,32.79
1919.21,steptest,204.0000,,0.433,0,49.44,33.22
1920.21,steptest,204.0625,,0.433,0,49.44,32.58
1921.21,steptest,204.1250,,0.433,1,49.50,33.01
1922.21,steptest,204.1875,,0.433,1,49.56,33.01
1923.21,steptest,204.4375,,0.433,0,49.50,33.01
1924.21,steptest,204.4375,,0.433,0,49.56,32.79
1925.21,steptest,204.5000,,0.433,1,49.63,33.01
1926.21,steptest,204.5625,,0.433,1,49.63,33.22
1927.21,steptest,204.7500,,0.433,0,49.69,33.22
1928.21,steptest,204.8750,,0.433,0,49.75,33.02
1929.21,steptest,205.1875,,0.433,1,49.81,33.00
1930.21,steptest,205.0000,,0.433,1,49.81,33.44
1931.21,steptest,205.1875,,0.433,0,49.88,32.58
1932.21,steptest,205.2500,,0.433,0,49.88,32.79
1933.21,steptest,205.3750,,0.433,1,49.88,33.22
1934.21,steptest,205.3125,,0.433,1,49.88,33.22
1935.21,steptest,205.5000,,0.433,0,49.94,32.80
1936.21,steptest,205.5000,,0.433,0,49.94,33.00
1937.21,steptest,205.5625,,0.433,1,50.00,33.22
1938.21,steptest,205.6875,,0.433,1,50.06,33.01
1939.21,steptest,205.8125,,0.433,0,50.06,33.01
1940.21,steptest,205.9375,,0.433,0,50.13,33.00
1941.21,steptest,205.9375,,0.433,1,50.13,33.65
1942.21,steptest,206.0000,,0.433,1,50.13,32.58
1943.21,steptest,206.1250,,0.433,0,50.13,33.22
1944.21,steptest,206.2500,,0.433,0,50.19,33.22
1945.21,steptest,206.3125,,0.433,1,50.25,33.01
1946.21,steptest,206.4375,,0.433,1,50.31,33.22
1947.21,steptest,206.5000,,0.433,0,50.25,32.58
1948.21,steptest,206.6250,,0.433,0,50.31,33.00
1949.21,steptest,206.7500,,0.433,1,50.44,33.01
1950.21,steptest,206.7500,,0.433,1,50.44,32.58
1951.21,steptest,206.8750,,0.433,0,50.44,33.00
1952.21,steptest,206.9375,,0.433,0,50.44,32.80
1953.21,steptest,207.0625,,0.433,1,50.50,33.43
1954.21,steptest,207.0625,,0.433,1,50.50,33.00
1955.21,steptest,207.2500,,0.433,0,50.63,33.64
1956.21,steptest,207.3750,,0.433,0,50.63,33.43
1957.21,steptest,207.3750,,0.433,1,50.63,33.00
1958.21,steptest,207.4375,,0.583,1,50.63,33.43
1959.21,steptest,207.6250,,0.583,0,50.75,33.43
1960.21,steptest,207.6875,,0.583,0,50.75,33.22
1961.21,steptest,207.8125,,0.583,1,50.81,33.44
1962.21,steptest,207.7500,,0.583,1,50.75,32.37
1963.21,steptest,208.0000,,0.583,1,50.88,32.58
1964.21,steptest,208.1875,,0.583,0,50.88,33.01
1965.21,steptest,208.3125,,0.583,1,50.88,32.37
1966.21,steptest,208.5000,,0.583,1,50.94,33.22
1967.21,steptest,208.6875,,0.583,1,50.94,32.79
1968.21,steptest,209.0000,,0.583,0,51.00,32.79
1969.21,steptest,209.1875,,0.583,1,50.94,32.80
1970.21,steptest,209.3750,,0.583,1,50.94,33.22
1971.21,steptest,209.7500,,0.583,1,51.06,33.44
1972.21,steptest,210.0625,,0.583,0,51.00,32.79
1973.21,steptest,210.3125,,0.583,1,51.06,33.01
1974.21,steptest,210.5625,,0.583,1,51.06,33.22
1975.21,steptest,210.8750,,0.583,1,51.06,33.22
1976.21,steptest,211.3125,,0.583,0,51.13,33.01
1977.21,steptest,211.5625,,0.583,1,51.13,33.22
1978.21,steptest,211.8750,,0.583,1,51.19,32.80
1979.21,steptest,212.3125,,0.583,1,51.25,32.58
1980.21,steptest,212.6875,,0.583,0,51.31,33.01
1981.21,steptest,212.9375,,0.583,1,51.25,32.58
1982.21,steptest,213.1875,,0.583,1,51.38,32.58
1983.21,steptest,213.6250,,0.583,1,51.38,33.01
1984.21,steptest,214.1250,,0.583,0,51.44,32.57
1985.21,steptest,214.4375,,0.583,1,51.44,33.00
1986.21,steptest,214.7500,,0.583,1,51.50,33.22
1987.21,steptest,215.2500,,0.000,1,51.56,33.22
1988.21,steptest,215.6875,,0.000,0,51.56,33.43
1989.21,steptest,216.0000,,0.000,0,51.63,32.79
1990.21,steptest,216.1250,,0.000,0,51.63,33.00
1991.21,steptest,216.1875,,0.000,0,51.69,33.00
1992.21,steptest,216.2500,,0.000,0,51.69,33.87
1993.21,steptest,216.1250,,0.000,0,51.75,33.00
1994.21,steptest,216.0000,,0.000,0,51.75,33.43
1995.21,steptest,215.8125,,0.000,0,51.75,33.00
1996.21,steptest,215.7500,,0.000,0,51.81,32.59
1997.21,steptest,215.5000,,0.000,0,51.81,32.79
1998.21,steptest,215.2500,,0.000,0,51.88,32.79
1999.21,steptest,215.0000,,0.000,0,51.94,33.01
2000.21,steptest,214.8125,,0.583,0,52.00,33.00
2001.21,steptest,214.3750,,0.583,1,51.94,32.36
2002.21,steptest,214.1250,,0.583,1,52.00,32.57
2003.21,steptest,213.9375,,0.583,1,52.00,32.79
2004.21,steptest,213.8125,,0.583,0,52.06,33.01
2005.21,steptest,213.7500,,0.583,1,52.13,33.43
2006.21,steptest,213.6250,,0.583,1,52.13,32.58
2007.21,steptest,213.6875,,0.583,1,52.19,33.22
2008.21,steptest,213.6875,,0.583,0,52.19,33.00
2009.21,steptest,213.6250,,0.583,1,52.19,33.44
2010.21,steptest,213.7500,,0.583,1,52.25,32.58
2011.21,steptest,213.8125,,0.583,1,52.31,33.01
2012.21,steptest,213.9375,,0.583,0,52.31,33.22
2013.21,steptest,214.0625,,0.583,1,52.31,33.22
2014.21,steptest,214.2500,,0.583,1,52.38,33.43
2015.21,steptest,214.4375,,0.583,1,52.44,33.22
2016.21,steptest,214.6875,,0.583,0,52.50,32.57
2017.21,steptest,214.8750,,0.583,1,52.50,33.22
2018.21,steptest,215.0625,,0.000,1,52.50,33.65
2019.37,steptest,215.4375,,0.000,0,52.56,32.58
2020.37,steptest,215.6875,,0.000,0,52.56,32.79
2021.37,steptest,215.8750,,0.000,0,52.63,33.00
2022.37,steptest,215.9375,,0.000,0,52.63,33.22
2023.37,steptest,215.9375,,0.000,0,52.69,32.79
2024.37,steptest,215.8750,,0.000,0,52.75,33.22
2025.37,steptest,215.6875,,0.000,0,52.75,33.22
2026.37,steptest,215.6250,,0.000,0,52.81,33.00
2027.37,steptest,215.4375,,0.000,0,52.88,33.22
2028.37,steptest,215.1875,,0.000,0,52.88,33.23
2029.37,steptest,214.8750,,0.283,0,52.88,33.23
2030.37,steptest,214.7500,,0.283,0,52.94,33.44
2031.37,steptest,214.4375,,0.283,0,52.94,33.22
2032.37,steptest,214.1250,,0.283,0,53.00,32.79
2033.37,steptest,213.8750,,0.283,1,53.06,33.22
2034.37,steptest,213.6250,,0.283,0,53.06,32.79
2035.37,steptest,213.3125,,0.283,0,53.06,33.43
2036.37,steptest,213.0625,,0.283,0,53.13,33.01
2037.37,steptest,212.7500,,0.283,1,53.13,33.01
2038.37,steptest,212.5625,,0.283,0,53.19,33.43
2039.37,steptest,212.3750,,0.283,0,53.19,33.22
2040.37,steptest,212.1250,,0.283,0,53.19,33.01
2041.37,steptest,211.8750,,0.283,1,53.25,33.22
2042.37,steptest,211.6875,,0.283,0,53.31,32.79
2043.37,steptest,211.5625,,0.283,0,53.38,33.00
2044.37,steptest,211.3125,,0.283,0,53.38,33.22
2045.37,steptest,211.0625,,0.283,1,53.38,33.22
2046.37,steptest,210.8750,,0.283,0,53.38,33.22
2047.37,steptest,210.7500,,0.283,0,53.44,33.65
2048.37,steptest,210.5625,,0.283,0,53.50,32.58
2049.37,steptest,210.3750,,0.283,1,53.50,33.23
2050.37,steptest,210.1875,,0.283,0,53.50,33.22
2051.37,steptest,210.0625,,0.283,0,53.56,33.01
2052.37,steptest,209.9375,,0.283,0,53.63,33.22
2053.37,steptest,209.7500,,0.283,1,53.69,33.22
2054.37,steptest,209.5625,,0.283,0,53.63,33.00
2055.37,steptest,209.5000,,0.283,0,53.69,33.65
2056.37,steptest,209.3125,,0.283,0,53.75,33.00
2057.37,steptest,209.1250,,0.283,1,53.75,33.44
2058.37,steptest,209.0000,,0.283,0,53.81,33.22
2059.37,steptest,208.9375,,0.283,0,53.88,33.43
2060.37,steptest,208.8125,,0.283,0,53.88,33.86
2061.37,steptest,208.6250,,0.283,1,53.88,33.01
2062.37,steptest,208.5625,,0.283,0,53.94,33.22
2063.37,steptest,208.4375,,0.283,0,53.94,33.43
2064.37,steptest,208.3125,,0.283,0,53.94,32.79
2065.37,steptest,208.1875,,0.283,1,54.00,33.44
2066.37,steptest,208.0000,,0.283,0,54.00,32.80
2067.37,steptest,207.8125,,0.283,0,54.00,33.22
2068.37,steptest,207.8125,,0.283,0,54.06,33.22
2069.37,steptest,207.6250,,0.283,1,54.06,33.43
2070.37,steptest,207.5625,,0.283,0,54.13,33.22
2071.37,steptest,207.4375,,0.283,0,54.13,33.01
2072.37,steptest,207.3750,,0.283,0,54.19,33.22
2073.37,steptest,207.2500,,0.283,1,54.19,33.65
2074.37,steptest,207.1250,,0.283,0,54.25,33.01
2075.37,steptest,207.1875,,0.283,0,54.31,33.43
2076.37,steptest,206.9375,,0.283,0,54.25,33.01
2077.37,steptest,206.9375,,0.283,1,54.38,32.58
2078.37,steptest,206.8125,,0.583,0,54.38,33.22
2079.37,steptest,206.6875,,0.583,0,54.38,33.22
2080.37,steptest,206.6875,,0.583,0,54.44,33.22
2081.37,steptest,206.5625,,0.583,1,54.50,32.79
2082.37,steptest,206.5000,,0.583,1,54.50,33.43
2083.37,steptest,206.5000,,0.583,1,54.56,32.79
2084.37,steptest,206.5625,,0.583,0,54.56,33.43
2085.37,steptest,206.5625,,0.583,1,54.56,33.43
2086.37,steptest,206.6875,,0.583,1,54.63,32.58
2087.37,steptest,206.8125,,0.583,1,54.63,33.00
2088.37,steptest,207.0000,,0.583,0,54.69,33.43
2089.37,steptest,207.1250,,0.583,1,54.69,32.79
2090.37,steptest,207.3125,,0.583,1,54.69,33.01
2091.37,steptest,207.5625,,0.583,1,54.75,33.00
2092.37,steptest,207.8750,,0.583,0,54.81,33.22
2093.37,steptest,208.1250,,0.583,1,54.81,33.22
2094.37,steptest,208.3125,,0.583,1,54.81,33.43
2095.37,steptest,208.6250,,0.583,1,54.88,32.80
2096.37,steptest,208.9375,,0.583,0,54.88,33.01
2097.37,steptest,209.5000,,0.583,1,54.94,33.86
2098.37,steptest,209.5625,,0.583,1,54.94,33.01
2099.37,steptest,209.8750,,0.583,1,55.00,33.22
2100.37,steptest,210.3125,,0.583,0,55.00,33.64
2101.37,steptest,210.5000,,0.583,1,54.94,33.21
2102.37,steptest,210.8750,,0.583,1,55.00,33.00
2103.37,steptest,211.2500,,0.583,1,55.06,33.01
2104.37,steptest,211.7500,,0.583,0,55.06,33.01
2105.37,steptest,212.0625,,0.583,1,55.06,32.79
2106.37,steptest,212.4375,,0.583,1,55.13,33.22
2107.37,steptest,212.8125,,0.583,1,55.19,32.79
2108.37,steptest,213.3125,,0.583,0,55.19,32.79
2109.37,steptest,213.6875,,0.583,1,55.25,32.80
2110.37,steptest,213.9375,,0.583,1,55.25,33.22
2111.37,steptest,214.4375,,0.583,1,55.31,33.22
2112.37,steptest,214.9375,,0.583,0,55.31,33.22
2113.37,steptest,215.1875,,0.000,0,55.31,33.65
2114.37,steptest,215.4375,,0.000,0,55.38,33.22
2115.37,steptest,215.5625,,0.000,0,55.38,34.08
2116.37,steptest,215.5625,,0.000,0,55.38,32.79
2117.37,steptest,215.6250,,0.000,0,55.44,33.44
2118.37,steptest,215.5625,,0.000,0,55.44,33.22
2119.37,steptest,215.3750,,0.000,0,55.44,33.22
2120.37,steptest,215.3125,,0.000,0,55.50,33.22
2121.37,steptest,215.1875,,0.000,0,55.56,33.01
2122.37,steptest,215.0000,,0.000,0,55.56,33.01
2123.37,steptest,214.7500,,0.583,0,55.56,33.22
2124.37,steptest,214.5000,,0.583,0,55.56,33.22
2125.37,steptest,214.2500,,0.583,1,55.56,32.79
2126.37,steptest,214.0625,,0.583,1,55.63,33.22
2127.37,steptest,213.8750,,0.583,1,55.63,33.22
2128.37,steptest,213.8125,,0.583,0,55.69,32.58
2129.37,steptest,213.7500,,0.583,1,55.69,33.43
2130.37,steptest,213.6250,,0.583,1,55.69,32.79
2131.37,steptest,213.6875,,0.583,1,55.75,33.44
2132.37,steptest,213.7500,,0.583,0,55.75,33.01
2133.37,steptest,213.8750,,0.583,1,55.81,33.22
2134.37,steptest,213.8750,,0.583,1,55.81,33.65
2135.37,steptest,214.0625,,0.583,1,55.88,32.57
2136.37,steptest,214.2500,,0.583,0,55.88,33.22
2137.37,steptest,214.3750,,0.583,1,55.88,33.65
2138.37,steptest,214.5625,,0.283,1,55.94,33.43
2139.37,steptest,214.6875,,0.283,1,55.94,33.22
2140.37,steptest,215.0000,,0.000,0,56.00,33.01
2141.37,steptest,215.2500,,0.000,0,56.00,33.22
2142.37,steptest,215.4375,,0.000,0,56.06,33.22
2143.37,steptest,215.4375,,0.000,0,56.06,32.79
2144.37,steptest,215.3125,,0.000,0,56.06,33.01
2145.37,steptest,215.3125,,0.000,0,56.13,32.79
2146.37,steptest,215.1875,,0.000,0,56.19,33.44
2147.37,steptest,214.9375,,0.283,0,56.13,33.21
2148.37,steptest,214.8125,,0.283,0,56.19,33.01
2149.37,steptest,214.5625,,0.283,1,56.19,33.65
2150.37,steptest,214.5000,,0.283,0,56.25,33.43
2151.37,steptest,214.3125,,0.283,0,56.25,33.65
2152.37,steptest,214.1250,,0.283,0,56.25,33.01
2153.37,steptest,214.0000,,0.283,1,56.31,33.43
2154.37,steptest,213.8125,,0.283,0,56.31,33.00
2155.37,steptest,213.6250,,0.283,0,56.31,33.43
2156.37,steptest,213.5625,,0.283,0,56.38,33.65
2157.37,steptest,213.3750,,0.283,1,56.38,32.79
2158.37,steptest,213.1875,,0.283,0,56.38,33.22
2159.37,steptest,213.0625,,0.283,0,56.38,33.22
2160.37,steptest,213.0000,,0.283,0,56.44,33.44
2161.37,steptest,212.8125,,0.283,1,56.44,33.43
2162.37,steptest,212.7500,,0.283,0,56.50,33.43
2163.37,steptest,212.6250,,0.283,0,56.50,33.22
2164.37,steptest,212.4375,,0.283,0,56.50,32.79
2165.37,steptest,212.2500,,0.283,1,56.50,33.01
2166.37,steptest,212.3125,,0.283,0,56.63,33.00
2167.37,steptest,212.1250,,0.283,0,56.63,32.79
2168.37,steptest,212.0000,,0.283,0,56.56,32.79
2169.37,steptest,211.9375,,0.283,1,56.69,32.58
2170.37,steptest,211.6875,,0.283,0,56.63,33.01
2171.37,steptest,211.7500,,0.283,0,56.75,33.43
2172.37,steptest,211.5000,,0.283,0,56.69,33.43
2173.37,steptest,211.4375,,0.283,1,56.75,33.65
2174.37,steptest,211.3750,,0.283,0,56.81,33.01
2175.37,steptest,211.2500,,0.283,0,56.81,33.65
2176.37,steptest,211.1875,,0.283,0,56.81,33.00
2177.37,steptest,210.9375,,0.283,1,56.81,32.79
2178.37,steptest,210.9375,,0.283,0,56.88,33.44
2179.37,steptest,210.8125,,0.283,0,56.88,33.43
2180.37,steptest,210.8125,,0.283,0,56.94,33.00
2181.37,steptest,210.6250,,0.283,1,56.94,33.22
2182.37,steptest,210.6250,,0.283,0,57.00,33.22
2183.37,steptest,210.5625,,0.283,0,57.00,33.65
2184.37,steptest,210.4375,,0.283,0,57.00,33.22
2185.37,steptest,210.2500,,0.283,1,57.00,33.01
2186.37,steptest,210.1875,,0.283,0,57.06,33.22
2187.37,steptest,210.1250,,0.283,0,57.06,32.79
2188.37,steptest,210.0000,,0.283,0,57.06,33.22
2189.37,steptest,209.9375,,0.283,1,57.13,33.01
2190.37,steptest,209.8125,,0.283,0,57.13,33.22
2191.37,steptest,209.8125,,0.283,0,57.19,33.43
2192.37,steptest,209.6250,,0.283,0,57.13,33.01
2193.37,steptest,209.5625,,0.283,1,57.19,33.44
2194.37,steptest,209.5000,,0.283,0,57.19,33.65
2195.37,steptest,209.4375,,0.283,0,57.25,33.64
2196.37,steptest,209.3750,,0.283,0,57.25,33.44
2197.37,steptest,209.1875,,0.283,1,57.25,33.22
2198.37,steptest,209.1250,,0.583,0,57.25,33.43
2199.37,steptest,209.0000,,0.583,0,57.25,33.43
2200.37,steptest,209.0000,,0.583,0,57.31,33.86
2201.37,steptest,208.8750,,0.583,1,57.31,33.00
2202.37,steptest,208.8125,,0.583,1,57.38,33.22
2203.37,steptest,208.8750,,0.583,1,57.44,33.43
2204.37,steptest,208.9375,,0.583,0,57.44,33.00
2205.37,steptest,209.0000,,0.583,1,57.44,32.58
2206.37,steptest,209.0625,,0.583,1,57.50,33.00
2207.37,steptest,209.1875,,0.583,1,57.50,33.44
2208.37,steptest,209.3750,,0.583,0,57.50,33.22
2209.37,steptest,209.5000,,0.583,1,57.50,33.22
2210.37,steptest,209.6875,,0.583,1,57.56,33.64
2211.37,steptest,209.8750,,0.583,1,57.56,33.22
2212.37,steptest,210.2500,,0.583,0,57.63,33.43
2213.37,steptest,210.5000,,0.583,1,57.63,33.43
2214.37,steptest,210.7500,,0.583,1,57.69,33.43
2215.37,steptest,211.0625,,0.583,1,57.69,32.79
2216.37,steptest,211.3125,,0.583,0,57.69,33.86
2217.37,steptest,211.6250,,0.583,1,57.69,33.22
2218.37,steptest,211.8750,,0.583,1,57.69,33.65
2219.37,steptest,212.2500,,0.583,1,57.75,33.43
2220.37,steptest,212.6250,,0.583,0,57.69,32.80
2221.37,steptest,212.9375,,0.583,1,57.75,32.79
2222.37,steptest,213.2500,,0.583,1,57.75,33.44
2223.37,steptest,213.6250,,0.583,1,57.81,33.22
2224.37,steptest,214.1250,,0.583,0,57.81,33.65
2225.37,steptest,214.3750,,0.583,1,57.81,33.43
2226.37,steptest,214.7500,,0.583,1,57.88,33.22
2227.37,steptest,215.1875,,0.000,1,57.88,33.01
2228.37,steptest,215.6250,,0.000,0,57.88,33.43
2229.37,steptest,216.0000,,0.000,0,57.94,32.79
2230.37,steptest,216.1875,,0.000,0,57.94,33.22
2231.37,steptest,216.3125,,0.000,0,58.00,33.00
2232.37,steptest,216.3750,,0.000,0,58.00,33.01
2233.37,steptest,216.3125,,0.000,0,58.00,33.00
2234.37,steptest,216.3750,,0.000,0,58.06,33.65
2235.37,steptest,216.1875,,0.000,0,58.06,33.43
2236.37,steptest,216.1250,,0.000,0,58.13,33.43
2237.37,steptest,216.0000,,0.000,0,58.13,33.21
2238.37,steptest,215.7500,,0.000,0,58.13,33.22
2239.37,steptest,215.5625,,0.000,0,58.13,33.22
2240.37,steptest,215.3125,,0.000,0,58.13,33.22
2241.37,steptest,215.1250,,0.000,0,58.19,33.64
2242.37,steptest,214.8125,,0.583,0,58.25,32.79
2243.37,steptest,214.6250,,0.583,0,58.25,33.00
2244.37,steptest,214.3125,,0.583,0,58.25,33.64
2245.37,steptest,213.9375,,0.583,1,58.25,33.01
2246.37,steptest,213.7500,,0.583,1,58.31,33.65
2247.37,steptest,213.5000,,0.583,1,58.31,33.22
2248.37,steptest,213.2500,,0.583,0,58.31,33.86
2249.37,steptest,213.0625,,0.583,1,58.31,33.22
2250.37,steptest,213.0000,,0.583,1,58.38,33.22
2251.37,steptest,212.9375,,0.583,1,58.38,33.22
2252.37,steptest,212.9375,,0.583,0,58.38,33.43
2253.37,steptest,213.0625,,0.583,1,58.44,33.86
2254.37,steptest,212.9375,,0.583,1,58.38,33.65
2255.37,steptest,213.0625,,0.583,1,58.44,32.79
2256.37,steptest,213.3125,,0.583,0,58.50,33.22
2257.37,steptest,213.3125,,0.583,1,58.44,33.00
2258.37,steptest,213.4375,,0.283,1,58.50,33.43
2259.53,steptest,213.7500,,0.283,0,58.50,32.79
2260.53,steptest,213.9375,,0.283,0,58.50,33.22
2261.53,steptest,214.0000,,0.283,1,58.50,33.43
2262.53,steptest,214.3125,,0.283,0,58.63,33.22
2263.53,steptest,214.5000,,0.283,0,58.63,33.00
2264.53,steptest,214.5625,,0.283,0,58.63,33.01
2265.53,steptest,214.5625,,0.283,1,58.63,33.64
2266.53,steptest,214.6250,,0.283,0,58.63,33.00
2267.53,steptest,214.6875,,0.283,0,58.69,33.65
2268.53,steptest,214.7500,,0.283,0,58.69,33.01
2269.53,steptest,214.6875,,0.283,1,58.69,33.44
2270.53,steptest,214.7500,,0.283,0,58.75,33.86
2271.53,steptest,214.7500,,0.283,0,58.75,33.65
2272.53,steptest,214.7500,,0.283,0,58.81,33.65
2273.53,steptest,214.8125,,0.283,1,58.81,33.43
2274.53,steptest,214.7500,,0.283,0,58.81,33.43
2275.53,steptest,214.6875,,0.283,0,58.81,33.22
2276.53,steptest,214.6250,,0.283,0,58.81,33.43
2277.53,steptest,214.6250,,0.283,1,58.88,33.44
2278.53,steptest,214.5625,,0.283,0,58.88,33.65
2279.53,steptest,214.5000,,0.283,0,58.88,33.01
2280.53,steptest,214.4375,,0.283,0,58.88,33.65
2281.53,steptest,214.3750,,0.283,1,58.94,33.01
2282.53,steptest,214.3750,,0.283,0,58.94,33.43
2283.53,steptest,214.2500,,0.283,0,58.94,33.65
2284.53,steptest,214.3125,,0.283,0,59.00,33.64
2285.53,steptest,214.0625,,0.283,1,58.94,33.01
2286.53,steptest,214.1250,,0.283,0,59.00,33.01
2287.53,steptest,214.0625,,0.283,0,59.06,33.22
2288.53,steptest,214.0000,,0.283,0,59.06,33.65
2289.53,steptest,213.8750,,0.283,1,59.06,33.22
2290.53,steptest,213.8125,,0.283,0,59.06,33.22
2291.53,steptest,213.7500,,0.283,0,59.06,33.01
2292.53,steptest,213.6875,,0.283,0,59.13,33.22
2293.53,steptest,213.5625,,0.283,1,59.13,33.66
2294.53,steptest,213.5000,,0.283,0,59.13,33.43
2295.53,steptest,213.4375,,0.283,0,59.19,33.00
2296.53,steptest,213.3750,,0.283,0,59.19,33.65
2297.53,steptest,213.3125,,0.283,1,59.25,33.22
2298.53,steptest,213.1875,,0.283,0,59.19,33.65
2299.53,steptest,213.0625,,0.283,0,59.19,33.86
2300.53,steptest,213.0000,,0.283,0,59.19,33.86
2301.53,steptest,212.8750,,0.283,1,59.25,33.86
2302.53,steptest,212.8750,,0.283,0,59.31,33.65
2303.53,steptest,212.8125,,0.283,0,59.31,33.65
2304.53,steptest,212.6875,,0.283,0,59.31,33.43
2305.53,steptest,212.6250,,0.283,1,59.38,33.22
2306.53,steptest,212.4375,,0.283,0,59.31,33.00
2307.53,steptest,212.4375,,0.283,0,59.31,33.43
2308.53,steptest,212.4375,,0.283,0,59.44,33.22
2309.53,steptest,212.2500,,0.283,1,59.38,33.22
2310.53,steptest,212.1250,,0.283,0,59.38,33.43
2311.53,steptest,212.0625,,0.283,0,59.38,33.00
2312.53,steptest,212.0000,,0.283,0,59.44,33.01
2313.53,steptest,211.8750,,0.283,1,59.44,33.65
2314.53,steptest,211.8125,,0.283,0,59.44,33.43
2315.53,steptest,211.7500,,0.283,0,59.44,33.43
2316.53,steptest,211.6875,,0.283,0,59.50,33.86
2317.53,steptest,211.5625,,0.283,1,59.50,33.22
2318.53,steptest,211.5625,,1.000,0,59.56,33.22
2319.53,steptest,211.3750,,1.000,0,59.50,33.22
2320.53,steptest,211.3125,,1.000,0,59.50,33.86
2321.53,steptest,211.3125,,1.000,1,59.56,33.22
2322.53,steptest,211.1250,,1.000,1,59.56,33.22
2323.53,steptest,211.1875,,1.000,1,59.63,33.43
2324.53,steptest,211.3125,,1.000,1,59.63,33.22
2325.53,steptest,211.5625,,1.000,1,59.69,33.65
2326.53,steptest,211.9375,,1.000,1,59.69,33.65
2327.53,steptest,212.3125,,1.000,1,59.63,33.01
2328.53,steptest,212.8750,,1.000,1,59.75,33.22
2329.53,steptest,213.3750,,1.000,1,59.69,33.01
2330.53,steptest,213.9375,,1.000,1,59.69,33.43
2331.53,steptest,214.6875,,1.000,1,59.75,33.00
2332.53,steptest,215.3125,,1.000,1,59.75,33.00
2333.53,steptest,216.2500,,1.000,1,59.75,33.22
2334.53,steptest,217.0625,,1.000,1,59.88,33.01
2335.53,steptest,217.8125,,1.000,1,59.88,33.00
2336.53,steptest,218.8125,,1.000,1,59.81,33.44
2337.53,steptest,219.6875,,1.000,1,59.88,33.44
2338.53,steptest,220.5000,,1.000,1,59.88,33.22
2339.53,steptest,221.3125,,1.000,1,59.88,33.65
2340.53,steptest,222.5000,,1.000,1,59.94,33.65
2341.53,steptest,223.3125,,1.000,1,59.88,33.65
2342.53,steptest,224.1875,,1.000,1,59.88,33.43
2343.53,steptest,225.4375,,0.000,1,59.94,33.22
2344.53,steptest,226.3125,,0.526,1,59.94,33.44
2345.53,steptest,227.3125,,0.526,1,60.00,33.21
2346.53,steptest,228.2500,,0.526,1,60.00,33.22
2347.53,steptest,229.4375,,0.526,0,60.00,33.43
2348.53,steptest,230.1875,,0.526,0,60.00,33.22
2349.53,steptest,230.8125,,0.526,1,60.06,33.00
2350.53,steptest,231.3125,,0.526,1,60.06,33.43
2351.53,steptest,231.9375,,0.526,0,60.06,33.43
2352.53,steptest,232.5000,,0.526,0,60.06,33.65
2353.53,steptest,232.8750,,0.526,1,60.13,33.22
2354.53,steptest,233.2500,,0.526,1,60.13,33.44
2355.53,steptest,233.7500,,0.526,0,60.13,33.21
2356.53,steptest,234.1875,,0.526,0,60.19,32.79
2357.53,steptest,234.4375,,0.526,1,60.19,33.43
2358.53,steptest,234.7500,,0.526,1,60.19,33.01
2359.53,steptest,235.1875,,0.526,0,60.25,33.22
2360.53,steptest,235.4375,,0.526,0,60.25,34.08
2361.53,steptest,235.8125,,0.526,1,60.31,33.43
2362.53,steptest,235.9375,,0.526,1,60.25,33.01
2363.53,steptest,236.2500,,0.526,0,60.31,33.22
2364.53,steptest,236.5000,,0.526,0,60.31,33.65
2365.53,steptest,236.5625,,0.526,1,60.31,33.43
2366.53,steptest,236.9375,,0.526,1,60.38,33.65
2367.53,steptest,237.1875,,0.526,0,60.38,33.22
2368.53,steptest,237.4375,,0.526,0,60.38,33.22
2369.53,steptest,237.6250,,0.526,1,60.44,33.86
2370.53,steptest,237.7500,,0.526,1,60.44,33.44
2371.53,steptest,237.9375,,0.526,0,60.44,33.01
2372.53,steptest,238.3125,,0.526,0,60.50,33.22
2373.53,steptest,238.4375,,0.526,1,60.50,33.44
2374.53,steptest,238.5000,,0.526,1,60.50,33.65
2375.53,steptest,238.8125,,0.526,0,60.56,33.22
2376.53,steptest,239.0625,,0.526,0,60.63,33.64
2377.53,steptest,239.0625,,0.526,1,60.56,33.86
2378.53,steptest,239.1875,,0.526,1,60.63,33.65
2379.53,steptest,239.3750,,0.526,0,60.56,33.43
2380.53,steptest,239.6875,,0.526,0,60.69,33.21
2381.53,steptest,239.7500,,0.526,1,60.69,32.79
2382.53,steptest,239.8125,,0.526,1,60.69,33.43
2383.53,steptest,240.0625,,0.526,0,60.69,33.22
2384.53,steptest,240.2500,,0.526,0,60.75,33.00
2385.53,steptest,240.3125,,0.526,1,60.75,34.07
2386.53,steptest,240.3750,,0.526,1,60.75,33.43
2387.53,steptest,240.6250,,0.526,0,60.81,33.43
2388.53,steptest,240.8125,,0.526,0,60.81,33.43
2389.53,steptest,240.8750,,0.526,1,60.81,33.43
2390.53,steptest,240.9375,,0.526,1,60.81,33.22
2391.53,steptest,241.1875,,0.526,0,60.88,33.65
2392.53,steptest,241.3750,,0.526,0,60.94,33.22
2393.53,steptest,241.4375,,0.526,1,60.94,33.22
2394.53,steptest,241.5000,,0.526,1,60.94,33.43
2395.53,steptest,241.6250,,0.526,0,60.94,33.64
2396.53,steptest,241.8125,,0.526,0,60.94,33.22
2397.53,steptest,241.8750,,0.526,1,60.94,34.08
2398.53,steptest,242.0000,,0.526,1,61.00,33.22
2399.53,steptest,242.1250,,0.526,0,61.00,33.65
2400.53,steptest,242.4375,,0.526,0,61.06,34.29
2401.53,steptest,242.4375,,0.526,1,61.06,33.44
2402.53,steptest,242.4375,,0.526,1,61.06,33.22
2403.53,steptest,242.6250,,0.526,0,61.06,33.86
2404.53,steptest,242.8125,,0.526,0,61.06,33.22
2405.53,steptest,242.9375,,0.526,1,61.13,33.44
2406.53,steptest,242.9375,,0.526,1,61.13,32.57
2407.53,steptest,243.1250,,0.526,0,61.13,33.22
2408.53,steptest,243.3125,,0.526,0,61.19,33.22
2409.53,steptest,243.6875,,0.526,1,61.25,33.65
2410.53,steptest,243.4375,,0.526,1,61.25,33.43
2411.53,steptest,243.6250,,0.526,0,61.25,33.64
2412.53,steptest,243.7500,,0.526,0,61.25,34.07
2413.53,steptest,243.8125,,0.526,1,61.25,33.65
2414.53,steptest,244.0000,,0.526,1,61.38,33.43
2415.53,steptest,244.1250,,0.526,0,61.38,33.64
2416.53,steptest,244.3125,,0.526,0,61.44,33.44
2417.53,steptest,244.3750,,0.526,1,61.44,33.64
2418.53,steptest,244.5000,,0.526,1,61.50,33.65
2419.53,steptest,244.6250,,0.526,0,61.50,33.65
2420.53,steptest,244.7500,,0.526,0,61.50,33.22
2421.53,steptest,244.8750,,0.526,1,61.63,33.22
2422.53,steptest,244.8750,,0.526,1,61.56,33.64
2423.53,steptest,245.1250,,0.526,0,61.63,33.65
2424.53,steptest,245.2500,,0.526,0,61.63,33.64
2425.53,steptest,245.1875,,0.526,1,61.63,33.64
2426.53,steptest,245.3750,,0.526,1,61.69,33.21
2427.53,steptest,245.5625,,0.526,0,61.75,33.43
2428.53,steptest,245.6875,,0.526,0,61.75,33.43
2429.53,steptest,245.7500,,0.526,1,61.75,33.22
2430.53,steptest,245.8125,,0.526,1,61.75,33.43
2431.53,steptest,246.0000,,0.526,0,61.81,33.86
2432.53,steptest,246.1250,,0.526,0,61.81,33.43
2433.53,steptest,246.1250,,0.526,1,61.81,33.86
2434.53,steptest,246.1875,,0.526,1,61.81,34.08
2435.53,steptest,246.4375,,0.526,0,61.88,33.64
2436.53,steptest,246.5625,,0.526,0,61.88,33.86
2437.53,steptest,246.6875,,0.526,1,61.94,33.43
2438.53,steptest,246.6875,,0.526,1,61.94,33.01
2439.53,steptest,246.8750,,0.526,0,61.94,33.44
2440.53,steptest,247.0000,,0.526,0,62.00,33.86
2441.53,steptest,247.3125,,0.526,1,62.00,33.86
2442.53,steptest,247.1250,,0.526,1,62.06,33.43
2443.53,steptest,247.2500,,0.526,0,62.06,33.22
2444.53,steptest,247.5000,,0.526,0,62.13,33.00
2445.53,steptest,247.5625,,0.526,1,62.19,33.86
2446.53,steptest,247.6250,,0.526,1,62.19,33.86
2447.53,steptest,247.7500,,0.526,0,62.19,33.65
2448.53,steptest,247.9375,,0.526,0,62.25,32.57
2449.53,steptest,248.0000,,0.526,1,62.25,33.22
2450.53,steptest,248.1250,,0.526,1,62.31,33.43
2451.53,steptest,248.2500,,0.526,0,62.38,33.86
2452.53,steptest,248.3750,,0.526,0,62.38,33.65
2453.53,steptest,248.4375,,0.526,1,62.38,33.65
2454.53,steptest,248.5000,,0.526,1,62.44,33.64
2455.53,steptest,248.6875,,0.526,0,62.44,34.07
2456.53,steptest,248.8125,,0.526,0,62.44,33.65
2457.53,steptest,248.8750,,0.526,1,62.50,33.65
2458.53,steptest,248.9375,,0.526,1,62.50,33.86
2459.53,steptest,249.1250,,0.526,0,62.56,33.22
2460.53,steptest,249.1875,,0.526,0,62.50,34.07
2461.53,steptest,249.2500,,0.526,1,62.56,33.65
2462.53,steptest,249.3750,,0.526,1,62.63,34.08
2463.53,steptest,249.5000,,0.526,0,62.63,33.22
2464.53,steptest,249.6875,,0.526,0,62.69,33.64
2465.53,steptest,249.8750,,0.526,1,62.69,33.22
2466.53,steptest,249.6875,,0.526,1,62.63,33.64
2467.53,steptest,249.8125,,0.526,0,62.69,33.86
2468.53,steptest,250.0000,,0.000,0,62.69,33.86
2469.53,steptest,250.0625,,0.000,0,62.75,33.64
2470.53,steptest,250.0625,,0.000,0,62.81,33.00
2471.53,steptest,249.8750,,0.526,0,62.81,33.65
2472.53,steptest,249.6875,,0.526,0,62.88,33.65
2473.53,steptest,249.3750,,0.526,1,62.88,33.43
2474.53,steptest,249.1875,,0.526,1,62.88,33.86
2475.53,steptest,249.0625,,0.526,0,62.88,33.43
2476.53,steptest,249.0000,,0.526,0,62.94,33.43
2477.53,steptest,248.8125,,0.526,1,62.94,33.86
2478.53,steptest,248.8125,,0.526,1,63.00,33.64
2479.53,steptest,248.7500,,0.526,0,63.00,33.22
2480.53,steptest,248.7500,,0.526,0,63.00,33.86
2481.53,steptest,248.7500,,0.526,1,63.06,33.86
2482.53,steptest,248.7500,,0.526,1,63.13,33.43
2483.53,steptest,248.7500,,0.526,0,63.13,33.22
2484.53,steptest,248.8125,,0.526,0,63.13,33.00
2485.53,steptest,248.6250,,0.526,1,63.19,33.22
2486.53,steptest,248.8125,,0.526,1,63.19,33.43
2487.53,steptest,248.9375,,0.526,0,63.25,33.43
2488.53,steptest,249.0625,,0.526,0,63.31,33.43
2489.53,steptest,248.6875,,0.526,1,63.31,33.43
2490.53,steptest,249.0625,,0.526,1,63.31,33.86
2491.53,steptest,249.1875,,0.526,0,63.31,33.65
2492.53,steptest,249.3750,,0.526,0,63.38,33.43
2493.53,steptest,249.5625,,0.526,1,63.38,33.43
2494.53,steptest,249.3125,,0.526,1,63.38,33.22
2495.53,steptest,249.5625,,0.526,0,63.44,32.79
2496.53,steptest,249.6875,,0.526,0,63.44,33.64
2497.53,steptest,249.7500,,0.526,1,63.50,34.07
2498.53,steptest,249.6875,,0.526,1,63.44,34.07
2499.53,steptest,249.8750,,0.526,0,63.50,33.86
2500.53,steptest,250.0000,,0.000,0,63.50,33.43
2501.53,steptest,250.1250,,0.000,0,63.56,33.43
2502.53,steptest,250.0625,,0.000,0,63.63,33.43
2503.53,steptest,249.8125,,0.526,0,63.63,33.43
2504.53,steptest,249.6250,,0.526,0,63.63,33.86
2505.53,steptest,249.3125,,0.526,1,63.63,33.43
2506.53,steptest,249.1875,,0.526,1,63.69,33.22
2507.53,steptest,249.0625,,0.526,0,63.69,33.43
2508.53,steptest,249.0000,,0.526,0,63.75,33.86
2509.53,steptest,248.9375,,0.526,1,63.81,33.86
2510.53,steptest,248.8750,,0.526,1,63.81,33.43
2511.53,steptest,248.8750,,0.526,0,63.88,33.65
2512.53,steptest,248.8125,,0.526,0,63.81,33.65
2513.53,steptest,248.8125,,0.526,1,63.88,33.86
2514.53,steptest,248.7500,,0.526,1,63.88,33.00
2515.53,steptest,248.8125,,0.526,0,63.94,33.65
2516.53,steptest,249.0000,,0.526,0,64.00,33.64
2517.53,steptest,249.0000,,0.526,1,64.06,33.22
2518.53,steptest,248.9375,,0.526,1,64.00,34.07
2519.53,steptest,249.1250,,0.526,0,64.06,33.43
2520.53,steptest,249.2500,,0.526,0,64.13,33.64
2521.53,steptest,249.1875,,0.526,1,64.13,33.43
2522.53,steptest,249.3125,,0.526,1,64.19,34.07
2523.53,steptest,249.3750,,0.526,0,64.13,33.44
2524.53,steptest,249.5000,,0.676,0,64.19,33.86
2525.53,steptest,249.6875,,0.676,1,64.19,33.43
2526.53,steptest,249.5625,,0.676,1,64.19,33.65
2527.53,steptest,249.7500,,0.676,1,64.25,33.21
2528.53,steptest,250.0625,,0.000,0,64.31,33.22
2529.53,steptest,250.0625,,0.000,0,64.25,33.00
2530.53,steptest,250.1250,,0.000,0,64.31,33.43
2531.53,steptest,250.0000,,0.000,0,64.31,33.65
2532.53,steptest,249.8750,,0.676,0,64.38,34.08
2533.53,steptest,249.6250,,0.676,1,64.38,33.65
2534.53,steptest,249.5625,,0.676,1,64.44,33.86
2535.53,steptest,249.4375,,0.676,1,64.44,33.86
2536.53,steptest,249.5000,,0.676,0,64.50,33.43
2537.53,steptest,249.4375,,0.676,1,64.44,33.00
2538.53,steptest,249.5625,,0.676,1,64.56,33.86
2539.53,steptest,249.6875,,0.676,1,64.56,33.86
2540.53,steptest,249.8125,,0.676,0,64.56,34.07
2541.53,steptest,249.9375,,0.676,1,64.63,33.64
2542.53,steptest,250.0625,,0.000,1,64.63,33.65
2543.53,steptest,250.2500,,0.000,1,64.63,33.86
2544.53,steptest,250.5625,,0.000,0,64.69,33.86
2545.53,steptest,250.7500,,0.000,0,64.69,33.43
2546.53,steptest,250.8125,,0.000,0,64.75,33.65
2547.53,steptest,250.6875,,0.000,0,64.75,33.65
2548.53,steptest,250.5625,,0.000,0,64.81,33.86
2549.53,steptest,250.3750,,0.000,0,64.81,33.85
2550.53,steptest,250.0625,,0.000,0,64.81,33.43
2551.53,steptest,249.8125,,0.676,0,64.88,34.07
2552.53,steptest,249.5000,,0.676,0,64.88,34.08
2553.53,steptest,249.1250,,0.676,1,64.94,33.86
2554.53,steptest,248.8750,,0.676,1,64.94,34.08
2555.53,steptest,248.6875,,0.676,1,65.00,33.64
2556.53,steptest,248.5625,,0.676,0,65.00,33.87
